4400.305	328303756.160	30536518.218	23598461.368	6498451.435	12932559.774	24331479.896	7808223.366
3989.709	200199259.587	36039169.037	21827597.116	6243645.231	13427089.891	28042037.525	7860232.885
4686.443	401754171.882	29224137.123	22826823.417	6299785.332	13478631.032	28499530.850	7494170.098
3448.838	401754171.882	26491635.314	24770752.092	6322525.074	12255490.944	36171011.679	8187445.691
3593.608	1851781569.517	27565561.321	30642067.810	6254793.062	12791226.541	29214462.216	7825483.228
7373.662	592599267.733	26911005.385	30375409.807	6199448.465	11882242.515	27599000.115	8112398.979
3929.208	144007406.766	31095078.326	21964954.066	6356944.168	12980367.473	25958520.774	8075389.182
3871.044	508668039.771	32275827.864	28868088.519	6254793.062	14072850.532	25028707.261	8481681.547
6867.354	171516686.136	27343866.518	30113352.866	6070534.358	12791226.541	30225431.321	7415679.355
4268.736	255428984.813	26911005.385	27503290.622	6018388.911	14016674.196	23997233.156	7308514.584
3854.598	210513218.060	24755618.952	24596201.373	6322525.074	13960944.569	28042037.525	7623270.865
3581.848	1221809523.438	26699673.696	26662927.682	5977313.164	14016674.196	25028707.261	7739938.623
3798.767	257647444.755	23392988.083	29108833.498	5867192.641	15037107.334	25028707.261	8626352.433
3191.348	727096345.552	30264696.231	34250147.950	6265980.772	15709872.204	21227030.702	8168554.142
4997.517	1742979392.815	28975082.205	25309592.312	5867192.641	18052072.757	22896370.004	9162161.846
4247.709	592599267.733	29224137.123	20422755.511	5916740.178	15037107.334	21892079.888	8605383.739
3790.561	112021461.943	28730236.425	21827597.116	5906763.836	15851714.332	28972199.350	8302655.819
3727.978	79703180.641	32585160.687	24596201.373	6039139.217	16601161.578	26350081.741	8563750.692
3537.398	96908152.633	29997670.814	20422755.511	6277208.577	14129478.969	30225431.321	8626352.433
4014.278	127990005.227	49032787.419	25872396.699	6134314.196	16217784.312	26152835.724	8302655.819
3970.507	108633087.671	28489493.972	24596201.373	6049568.121	12385173.155	27169744.108	7895292.535
4102.625	119474520.686	28730236.425	34250147.950	6311134.720	12473163.505	36549409.397	7984325.410
3768.096	445562040.113	28975082.205	31757222.142	6112905.859	12652949.029	30489201.716	7860232.885
4276.798	123585750.085	34573270.305	24087003.618	6356944.168	11882242.515	24675169.306	8168554.142
3729.870	179031520.606	29735316.118	26261714.390	6356944.168	14302132.133	24850680.946	7756897.594
3803.434	91946205.453	27790880.362	30375409.807	6265980.772	12791226.541	24675169.306	7791039.472
4070.648	188424306.927	22919893.157	30113352.866	6559289.572	12170534.425	24675169.306	7293457.651
4301.746	223620703.866	25690921.736	21964954.066	6177583.896	14186564.987	22747295.323	7791039.472
4001.632	223620703.866	21472383.121	20422755.511	6403423.495	14072850.532	22747295.323	8341783.117
4178.596	3822881186.801	24576671.467	26460800.269	6254793.062	13478631.032	30757616.368	7860232.885
4161.909	179031520.606	27790880.362	21964954.066	6018388.911	13175185.923	23672045.211	8131031.383
4333.759	396385904.082	23886025.169	23439988.292	6322525.074	13582909.573	23997233.156	7930666.345
3686.086	356985817.168	25308445.983	27943655.095	6018388.911	14244114.155	29711349.356	8093851.773
3494.829	1851781569.517	23075450.864	27288272.478	6254793.062	15232807.805	38997189.572	7639721.886
3841.558	452356335.674	23075450.864	24254377.356	6311134.720	13905656.344	19673162.204	8302655.819
3911.237	238468829.936	22614985.975	24947797.970	6188496.868	15232807.805	26753636.312	7639721.886
4446.510	240401350.384	26911005.385	22678512.048	6070534.358	15037107.334	22747295.323	8481681.547
4666.488	179031520.606	16557601.036	27503290.622	6177583.896	13125935.115	25958520.774	8057010.628
3894.395	3822881186.801	24226427.086	29353627.623	6243645.231	15780474.539	24850680.946	7966358.557
4691.663	277559196.880	21204547.705	26460800.269	5997780.712	14419597.618	22169915.912	7756897.594
3669.805	150022887.861	26491635.314	26662927.682	5926750.277	15433669.333	24675169.306	7526033.609
5968.845	445562040.113	23233134.545	23759091.839	6188496.868	13635656.262	23047411.501	7672837.858
3240.060	238468829.936	23233134.545	20186533.433	6356944.168	14186564.987	29214462.216	8020503.347
3717.692	1742979392.815	27790880.362	24424093.436	6060033.105	13688814.213	24163200.682	8361485.388
3964.315	138455734.831	19501763.252	19619213.870	5886911.741	14660413.828	24163200.682	8754342.397
3744.603	328303756.160	25121447.157	25309592.312	6008067.140	12885102.943	28733921.401	8244648.290
4393.771	297786809.127	31972312.842	22532115.467	5837860.448	14186564.987	25209302.685	8421154.595
5209.472	155740881.820	26699673.696	22678512.048	6102257.628	15037107.334	21621121.422	8168554.142
3110.656	238468829.936	28730236.425	24770752.092	6177583.896	14016674.196	24675169.306	7842819.565
3955.181	68986381.863	33221961.906	20186533.433	6210438.892	15167010.772	21488141.961	8732747.637
4163.829	3386472018.192	24400292.480	18979148.995	5926750.277	15101779.705	25578426.566	7895292.535
4372.836	102436200.399	25886527.764	22387596.831	6311134.720	14909410.211	30489201.716	8020503.347
3853.088	1173477620.962	26911005.385	19509555.099	6345429.574	14721879.956	34390765.772	8131031.383
4773.420	132719771.700	35661162.756	62428736.628	5987529.447	14539008.604	32472885.603	8322173.478
3801.085	96908152.633	37222849.240	31470892.719	5977313.164	12791226.541	31591985.722	8002373.489
3843.941	255428984.813	21747071.171	24087003.618	5780067.205	13125935.115	35437244.824	8605383.739
4320.395	727096345.552	27790880.362	25127392.893	6134314.196	15299178.203	25578426.566	8002373.489
4737.290	37002350.208	24055021.933	30913449.124	6018388.911	14539008.604	20601196.651	8711259.152
4266.221	328303756.160	28975082.205	2096275.060	6060033.105	13850804.297	22454894.713	7966358.557
4597.784	727096345.552	19728080.395	27943655.095	5956984.833	14244114.155	23512733.977	7948472.383
3682.174	200199259.587	25308445.983	24947797.970	6288476.691	12885102.943	20847049.090	8461409.452
3791.138	97225764.891	28489493.972	25872396.699	6102257.628	13478631.032	25209302.685	8093851.773
4877.992	277559196.880	29224137.123	25494453.297	6210438.892	13077051.150	26350081.741	8361485.388
3704.548	162800587.788	29477510.657	23283629.439	6028746.209	13635656.262	20972189.001	8776044.223
3977.376	128544612.437	28975082.205	30375409.807	6277208.577	14783863.667	29711349.356	7877723.702
4175.480	163698962.395	25498249.649	24947797.970	6311134.720	13478631.032	27382689.941	7966358.557
3815.889	200199259.587	28252752.551	26868166.866	6210438.892	16759636.085	25767072.038	7930666.345
3339.362	328303756.160	26085135.263	26868166.866	6277208.577	12607518.507	28499530.850	7966358.557
3857.718	361334076.696	29735316.118	29855778.922	6018388.911	13028529.943	27169744.108	7948472.383
3671.352	257647444.755	32585160.687	28398350.676	6188496.868	12652949.029	28268933.335	8244648.290
4909.449	240401350.384	28252752.551	23439988.292	6356944.168	12045285.400	28042037.525	8075389.182
3872.107	198857238.181	28252752.551	23283629.439	5987529.447	12607518.507	28042037.525	8863938.269
4342.393	83640253.933	38056133.186	28169168.126	5780067.205	14972986.511	28268933.335	7689503.739
4178.977	119957644.897	31972312.842	32648348.706	6155873.011	12698708.148	20723393.727	7723053.644
3711.555	150022887.861	36819743.374	28398350.676	6380099.182	14479056.915	22600149.288	8381280.947
5510.514	727096345.552	34928450.325	35649376.942	6265980.772	14016674.196	24675169.306	7656244.063
4085.335	709701395.193	33221961.906	26662927.682	6177583.896	13742388.253	26350081.741	8563750.692
4342.047	189628779.037	32275827.864	27943655.095	6265980.772	14721879.956	25209302.685	8302655.819
4240.371	85388071.454	23719386.387	21038226.924	6091646.429	14186564.987	26550325.647	8283229.493
3863.740	143311706.655	26491635.314	24770752.092	6199448.465	15101779.705	25392523.234	8461409.452
4962.371	149268004.555	29735316.118	26868166.866	6571594.151	11607292.508	28268933.335	7948472.383
3847.742	70337452.382	27125709.206	28631293.045	6210438.892	14419597.618	42302439.067	8149749.572
4274.572	25460472.647	11590435.866	29353627.623	6288476.691	13796383.287	30489201.716	8187445.691
3850.443	149268004.555	20943311.653	23921924.061	6070534.358	14244114.155	25578426.566	8931022.913
5675.954	401754171.882	29997670.814	23598461.368	6199448.465	13960944.569	35800368.812	8187445.691
3991.049	143311706.655	29477510.657	38821329.980	6345429.574	12255490.944	28042037.525	8263893.861
3960.277	76315918.565	35661162.756	151178362.217	6356944.168	14302132.133	28733921.401	8361485.388
3757.202	445562040.113	28730236.425	23129342.778	6123591.316	12980367.473	38566709.172	8584516.738
3792.996	102436200.399	29477510.657	22678512.048	6008067.140	12255490.944	28042037.525	8563750.692
3975.170	127990005.227	27565561.321	23283629.439	6166709.345	12791226.541	26550325.647	7773931.047
3516.572	105443675.302	21337624.961	27288272.478	6039139.217	12791226.541	26152835.724	7808223.366
5423.936	149268004.555	32900480.203	32345801.225	6311134.720	12744799.442	28042037.525	7369369.177
4158.242	1742979392.815	29735316.118	29353627.623	6091646.429	13530569.390	21621121.422	8168554.142
4918.288	5664234.990	28730236.425	25872396.699	5886911.741	12698708.148	24331479.896	7842819.565
4054.730	445562040.113	28730236.425	22977087.388	6462487.264	13742388.253	24502119.434	8461409.452
4246.730	198857238.181	21073120.097	21557973.293	5987529.447	13375941.425	21356788.265	8522518.549
3387.455	225319204.811	28252752.551	20186533.433	6102257.628	12045285.400	24850680.946	8112398.979
6967.475	87726299.090	27343866.518	24424093.436	5857382.547	12385173.155	32777538.072	8075389.182
46956.671	150022887.861	31674453.020	21691947.403	5946872.431	12385173.155	33404319.978	7860232.885
3894.278	277559196.880	24937191.453	27721724.152	6299785.332	12298415.542	31591985.722	7825483.228
4359.553	163698962.395	21747071.171	22678512.048	6060033.105	12429012.602	40348288.570	8441234.032
3849.685	884481716.932	25498249.649	21691947.403	5847605.204	11963208.468	33404319.978	8112398.979
4064.178	223620703.866	26911005.385	22244920.236	6018388.911	11493313.782	39887638.719	8002373.489
3721.597	445562040.113	26286813.850	32345801.225	5977313.164	13175185.923	38566709.172	8225492.151
4075.759	105819809.728	24400292.480	21294929.212	6060033.105	13375941.425	24502119.434	7948472.383
4071.166	727096345.552	28975082.205	21691947.403	6008067.140	13850804.297	29460810.806	7510068.056
3935.055	210513218.060	21747071.171	20422755.511	5946872.431	12429012.602	25028707.261	7860232.885
3741.968	328303756.160	26085135.263	19955713.448	5967131.685	13274804.709	26350081.741	7756897.594
4586.982	150022887.861	20317540.916	32345801.225	6322525.074	12980367.473	33087961.025	8461409.452
6091.729	138455734.831	20943311.653	39704521.269	5886911.741	12170534.425	25767072.038	8341783.117
5089.687	124102767.818	19959712.014	24087003.618	5956984.833	13796383.287	28972199.350	8421154.595
3974.063	61986554.129	24226427.086	52165684.204	6028746.209	12212864.940	32173844.196	7773931.047
3108.435	162800587.788	20943311.653	27721724.152	6210438.892	13530569.390	29966185.680	7558169.231
3566.265	132719771.700	21608854.234	20912182.712	6145074.695	13077051.150	30757616.368	7930666.345
6203.881	188424306.927	28975082.205	25682034.595	6049568.121	13274804.709	38145628.942	7478339.305
4540.697	277559196.880	21608854.234	23283629.439	6277208.577	11922588.034	30489201.716	7623270.865
4011.610	112446082.621	22028878.252	21827597.116	5828148.116	13028529.943	26960084.731	8522518.549
3895.010	109032363.596	24576671.467	19842271.661	5877035.650	12652949.029	38566709.172	8131031.383
3935.473	517542377.253	23233134.545	20422755.511	6091646.429	12212864.940	25392523.234	8647423.565
11263.928	1173477620.962	21204547.705	21964954.066	5808820.081	13125935.115	33087961.025	8093851.773
4071.880	297786809.127	25121447.157	30642067.810	6070534.358	13028529.943	24163200.682	8263893.861
3393.845	401754171.882	23555056.578	26868166.866	6299785.332	12744799.442	28499530.850	8112398.979
4157.304	884481716.932	19959712.014	34250147.950	6028746.209	12698708.148	31880260.251	7877723.702
3058.389	356985817.168	25121447.157	27503290.622	6081072.070	13028529.943	28042037.525	7739938.623
4084.333	396385904.082	24226427.086	26868166.866	6277208.577	13375941.425	30225431.321	8263893.861
3728.238	911663568.351	23075450.864	31757222.142	6265980.772	12744799.442	34732656.511	8461409.452
3771.291	324710176.109	21073120.097	27503290.622	5977313.164	13028529.943	30757616.368	8999130.730
5058.103	277559196.880	28252752.551	23921924.061	6299785.332	12212864.940	28042037.525	8461409.452
3778.364	300806399.989	38486924.174	24087003.618	6288476.691	11882242.515	33404319.978	8711259.152
3818.876	180118555.612	36039169.037	19842271.661	6356944.168	12791226.541	50936857.274	7773931.047
3860.220	155740881.820	16720457.239	18979148.995	6177583.896	12652949.029	32777538.072	8626352.433
4715.821	1173477620.962	25121447.157	19730112.344	6134314.196	13125935.115	35437244.824	7860232.885
4137.549	212017770.076	28730236.425	22387596.831	6571594.151	12744799.442	40819702.534	8283229.493
3234.785	277559196.880	28252752.551	19730112.344	6221468.356	10989713.434	35437244.824	8689876.161
3561.025	300806399.989	27790880.362	20664571.575	6210438.892	11963208.468	34390765.772	8908548.824
3352.605	300806399.989	38486924.174	72852748.074	6534818.132	12980367.473	37330463.707	7773931.047
6818.072	604678553.304	27125709.206	17816635.296	6288476.691	12562413.055	35081413.220	8263893.861
3812.301	59330009996.109	33221961.906	22532115.467	6621277.601	11418563.457	28733921.401	8401170.459
3563.000	92232077.291	28252752.551	19619213.870	6534818.132	12045285.400	21892079.888	8953610.683
3681.656	361334076.696	31674453.020	20186533.433	6311134.720	12170534.425	29460810.806	8057010.628
3355.037	87726299.090	39378442.935	25127392.893	6210438.892	12517629.197	25392523.234	8283229.493
4302.452	171516686.136	23719386.387	25127392.893	6081072.070	12473163.505	24675169.306	8754342.397
3332.323	328303756.160	27343866.518	25309592.312	6145074.695	13325181.166	28733921.401	9022064.764
3829.483	11772967.866	29477510.657	23921924.061	6288476.691	13742388.253	23200458.994	8797853.912
3638.841	59330009996.109	25498249.649	28169168.126	6299785.332	13175185.923	27599000.115	7948472.383
3523.677	143311706.655	25308445.983	23129342.778	6368500.628	13375941.425	27818754.994	8093851.773
4010.040	396385904.082	38486924.174	23921924.061	6356944.168	13796383.287	24850680.946	7948472.383
4557.404	3386472018.192	34225241.072	22678512.048	6547030.985	13175185.923	23672045.211	8908548.824
4542.521	297786809.127	28975082.205	23921924.061	6534818.132	12837993.129	25578426.566	8863938.269
4963.856	356985817.168	30536518.218	21294929.212	6559289.572	13478631.032	30225431.321	9209832.778
4473.753	727096345.552	27790880.362	25682034.595	6060033.105	12980367.473	38997189.572	8322173.478
7426.838	162800587.788	28975082.205	22104050.685	6277208.577	13224807.719	38566709.172	8711259.152
4746.670	727096345.552	33884148.828	21425643.931	6221468.356	12385173.155	31308877.869	8754342.397
4631.318	1221809523.438	46999360.658	24770752.092	6498451.435	14072850.532	25578426.566	8668597.888
4346.588	83405093.911	36819743.374	20422755.511	6380099.182	12837993.129	25392523.234	8112398.979
3850.460	517542377.253	35291003.803	24087003.618	6403423.495	12255490.944	26152835.724	8187445.691
3442.171	1173477620.962	48335706.175	109380157.613	6277208.577	12698708.148	30489201.716	8421154.595
3854.461	361334076.696	32275827.864	21038226.924	6199448.465	12473163.505	28499530.850	8776044.223
3893.333	127990005.227	31972312.842	27721724.152	6288476.691	12837993.129	25958520.774	8908548.824
6890.996	108633087.671	23886025.169	26065601.906	6403423.495	14072850.532	23997233.156	8057010.628
3765.000	361334076.696	32275827.864	24770752.092	6311134.720	15366129.492	35800368.812	8206424.824
3832.116	884481716.932	25690921.736	23439988.292	6368500.628	12980367.473	33726786.840	8401170.459
3867.515	300806399.989	24055021.933	24596201.373	6311134.720	14599458.827	31880260.251	8647423.565
4115.665	401754171.882	29477510.657	23598461.368	6232537.066	14599458.827	28733921.401	8002373.489
3824.521	592599267.733	34573270.305	24254377.356	6243645.231	14479056.915	42302439.067	8976312.998
4018.831	884481716.932	21073120.097	18979148.995	6299785.332	13478631.032	43896953.800	8441234.032
4364.393	225319204.811	27125709.206	24087003.618	6166709.345	13375941.425	30489201.716	8754342.397
4388.114	517542377.253	36425274.862	19401115.358	6123591.316	13530569.390	26350081.741	8322173.478
3825.394	225319204.811	25690921.736	17547923.284	6123591.316	12837993.129	22169915.912	8322173.478
4203.504	300806399.989	25886527.764	21964954.066	6311134.720	15101779.705	29711349.356	7877723.702
6473.153	508668039.771	26491635.314	20422755.511	6368500.628	14072850.532	37330463.707	7966358.557
53546.992	445562040.113	28019913.244	22532115.467	6356944.168	12255490.944	21621121.422	7948472.383
5650.604	240401350.384	29477510.657	21557973.293	6697227.521	12255490.944	28268933.335	8002373.489
3608.500	200199259.587	29224137.123	23283629.439	6415149.721	12045285.400	27599000.115	8206424.824
3442.307	911663568.351	23555056.578	24424093.436	6498451.435	11922588.034	24502119.434	8711259.152
3408.732	238468829.936	28489493.972	20303957.426	6356944.168	12562413.055	26350081.741	8886187.558
4261.101	179031520.606	24755618.952	23598461.368	6008067.140	12045285.400	24502119.434	8481681.547
3440.974	257647444.755	15291616.286	21038226.924	6403423.495	11723554.523	35081413.220	7912939.906
3688.428	238468829.936	26085135.263	19509555.099	6288476.691	12791226.541	28499530.850	8057010.628
3319.983	300806399.989	26085135.263	22244920.236	6380099.182	13427089.891	40348288.570	7791039.472
3858.295	3822881186.801	29224137.123	17547923.284	6827758.142	12698708.148	37330463.707	8002373.489
4378.234	238468829.936	28019913.244	16549518.304	6265980.772	12385173.155	33087961.025	8522518.549
5453.678	517542377.253	29477510.657	19619213.870	6221468.356	12086747.654	37733644.305	8908548.824
4867.868	3386472018.192	29735316.118	17636588.796	6380099.182	12517629.197	33726786.840	8441234.032
7767.244	297786809.127	20815092.633	16628358.764	6474431.009	12517629.197	30225431.321	8584516.738
4398.904	223620703.866	28730236.425	16091741.212	6288476.691	13125935.115	27818754.994	8776044.223
3469.786	67841028.920	24055021.933	21294929.212	6438731.487	13796383.287	33726786.840	8322173.478
3498.614	274986300.750	36819743.374	17287196.317	6522650.758	14186564.987	28972199.350	8341783.117
4084.717	257647444.755	27343866.518	18000395.789	6547030.985	13796383.287	26960084.731	8668597.888
6203.417	911663568.351	29477510.657	20070459.827	6415149.721	12562413.055	25958520.774	8401170.459
3005.885	1221809523.438	23555056.578	25494453.297	6210438.892	11684542.598	29214462.216	8626352.433
4292.590	604678553.304	23886025.169	22532115.467	6710055.564	11493313.782	24502119.434	8225492.151
3952.587	361334076.696	29224137.123	32956609.401	6199448.465	13175185.923	31308877.869	7510068.056
3509.287	133316221.914	30536518.218	23283629.439	6474431.009	12298415.542	31308877.869	8112398.979
3277.933	144007406.766	32275827.864	29108833.498	6801246.547	12837993.129	33087961.025	7606890.543
5443.977	1173477620.962	28019913.244	31470892.719	6788067.806	12791226.541	34390765.772	8302655.819
3478.581	240401350.384	31674453.020	23759091.839	6710055.564	13077051.150	30489201.716	8341783.117
3889.251	300806399.989	36425274.862	22826823.417	6684448.433	12517629.197	40819702.534	8322173.478
5389.141	94663109.839	27790880.362	22826823.417	6415149.721	12698708.148	29214462.216	8093851.773
4694.446	92232077.291	30264696.231	21964954.066	6571594.151	14419597.618	35437244.824	8819772.273
3925.586	277559196.880	32275827.864	23129342.778	6761862.951	12885102.943	26550325.647	8038715.539
3849.779	85634562.906	33221961.906	27721724.152	6498451.435	12698708.148	32777538.072	8075389.182
4651.332	71916424.636	35661162.756	21294929.212	6748836.249	13582909.573	32472885.603	7706242.176
3372.857	212017770.076	27565561.321	24087003.618	6559289.572	12341641.881	26753636.312	7825483.228
4301.597	1221809523.438	28252752.551	27288272.478	6534818.132	13582909.573	27818754.994	8361485.388
3684.316	401754171.882	30264696.231	25127392.893	6684448.433	13688814.213	27382689.941	8302655.819
3755.817	119957644.897	31972312.842	26460800.269	6583944.981	12298415.542	28268933.335	8302655.819
5041.527	163698962.395	23719386.387	28398350.676	6801246.547	14302132.133	25392523.234	8461409.452
4092.727	3822881186.801	40795951.219	21964954.066	6380099.182	14360624.672	25958520.774	7930666.345
4107.569	3386472018.192	33549788.217	19842271.661	6735859.643	13224807.719	25767072.038	8361485.388
4051.282	884481716.932	34573270.305	20070459.827	6123591.316	12562413.055	23512733.977	7930666.345
3001.531	356985817.168	27565561.321	22387596.831	6426918.973	12607518.507	27382689.941	8605383.739
5073.886	401754171.882	24226427.086	25309592.312	6621277.601	12980367.473	27599000.115	8002373.489
3407.508	517542377.253	31674453.020	26868166.866	6177583.896	13582909.573	26550325.647	8057010.628
4395.601	727096345.552	31674453.020	25127392.893	6684448.433	12086747.654	46219853.338	8953610.683
6395.172	225319204.811	22172538.478	25127392.893	6450587.504	14072850.532	38566709.172	8776044.223
3789.126	1173477620.962	35661162.756	32345801.225	6534818.132	12385173.155	23047411.501	8093851.773
3822.540	592599267.733	35291003.803	29108833.498	6391740.060	12791226.541	24163200.682	7526033.609
4072.233	257647444.755	29477510.657	23439988.292	6735859.643	11455816.682	27382689.941	8502051.011
4183.439	508668039.771	29224137.123	26261714.390	6559289.572	12744799.442	26753636.312	7808223.366
3723.980	727096345.552	31382091.804	23921924.061	6288476.691	12562413.055	25767072.038	8797853.912
3799.534	240401350.384	13420455.569	28398350.676	6311134.720	13375941.425	31030799.024	8341783.117
3852.525	277559196.880	25690921.736	28631293.045	6450587.504	12045285.400	25958520.774	7842819.565
3994.147	212017770.076	24226427.086	30642067.810	6403423.495	12980367.473	25209302.685	8322173.478
5925.182	401754171.882	22028878.252	28169168.126	6854477.233	13028529.943	34055540.224	7930666.345
3831.648	300806399.989	27125709.206	22532115.467	6894950.285	14419597.618	25767072.038	7723053.644
3295.877	163698962.395	24937191.453	27503290.622	6659036.005	12837993.129	37733644.305	7860232.885
3907.284	105819809.728	26699673.696	26662927.682	6486418.984	12429012.602	32173844.196	8689876.161
3932.021	508668039.771	26699673.696	23921924.061	6277208.577	12341641.881	38566709.172	7825483.228
4297.945	1221809523.438	25886527.764	20422755.511	6438731.487	12473163.505	31880260.251	8020503.347
4376.787	76512754.572	31674453.020	22244920.236	6474431.009	11882242.515	37733644.305	8502051.011
3805.520	604678553.304	24055021.933	22977087.388	6462487.264	11922588.034	33404319.978	8605383.739
4436.253	361334076.696	23392988.083	20422755.511	6646402.112	12004106.638	26350081.741	8754342.397
5376.812	188424306.927	31095078.326	23759091.839	6322525.074	12341641.881	27382689.941	8020503.347
3234.734	109032363.596	28252752.551	19619213.870	6403423.495	12837993.129	31880260.251	7400178.093
3677.368	727096345.552	24055021.933	23759091.839	6450587.504	13028529.943	26960084.731	7494170.098
3409.436	99931029.467	25690921.736	20542951.949	6774940.039	14783863.667	30489201.716	8093851.773
4511.384	59330009996.109	23555056.578	24254377.356	6801246.547	12980367.473	26753636.312	7706242.176
3664.600	3386472018.192	26286813.850	23129342.778	6415149.721	13582909.573	21892079.888	8038715.539
4058.372	212017770.076	24226427.086	22678512.048	6646402.112	14539008.604	30757616.368	7966358.557
3953.982	911663568.351	24055021.933	23759091.839	6368500.628	14186564.987	39437388.466	7369369.177
4789.542	592599267.733	26286813.850	20787639.817	6684448.433	12255490.944	34732656.511	8020503.347
3451.152	592599267.733	28252752.551	23921924.061	6596342.324	15037107.334	31591985.722	7842819.565
3685.236	396385904.082	20077579.596	28169168.126	6311134.720	12212864.940	35800368.812	8131031.383
5294.152	1221809523.438	26491635.314	23759091.839	6415149.721	14599458.827	36171011.679	7877723.702
8845.421	238468829.936	23075450.864	31757222.142	6621277.601	13077051.150	37330463.707	8225492.151
3526.285	452356335.674	21204547.705	25682034.595	6571594.151	13742388.253	31880260.251	8401170.459
4268.291	277559196.880	21337624.961	58260672.082	6659036.005	12562413.055	38566709.172	8689876.161
4608.309	156562834.617	23233134.545	30113352.866	6774940.039	11684542.598	22600149.288	7706242.176
4726.348	356985817.168	14760519.387	30113352.866	6722932.843	11922588.034	25209302.685	8263893.861
3552.566	128544612.437	19171858.854	23598461.368	6547030.985	12385173.155	26753636.312	7808223.366
3928.561	401754171.882	7738742.134	24770752.092	6462487.264	12298415.542	28733921.401	8711259.152
3856.215	59330009996.109	24755618.952	25682034.595	6571594.151	11235873.502	38145628.942	8605383.739
3809.795	911663568.351	24055021.933	24254377.356	6596342.324	12562413.055	23672045.211	8711259.152
3031.332	1173477620.962	22172538.478	26662927.682	6438731.487	13125935.115	33404319.978	8206424.824
5086.959	1173477620.962	28252752.551	32956609.401	6438731.487	11963208.468	25767072.038	8381280.947
4706.715	124102767.818	25498249.649	21038226.924	6112905.859	12980367.473	36935807.918	7984325.410
3190.939	47924919.147	46999360.658	21038226.924	5886911.741	14419597.618	28733921.401	7510068.056
3301.732	116080472.487	34928450.325	23598461.368	6102257.628	15366129.492	32472885.603	7895292.535
3481.634	58935006.851	28975082.205	170833.418	6166709.345	16293036.635	23833530.007	7689503.739
3562.224	97225764.891	29477510.657	29602573.916	6155873.011	15923600.256	24675169.306	7895292.535
3683.408	163698962.395	27565561.321	20303957.426	6091646.429	14660413.828	28972199.350	8225492.151
3766.552	60934855.529	74987428.967	22977087.388	5987529.447	15037107.334	29214462.216	7623270.865
4053.126	401754171.882	32275827.864	18876509.893	5936794.303	12698708.148	29711349.356	8263893.861
4225.293	156562834.617	34928450.325	20422755.511	6356944.168	14721879.956	26152835.724	8020503.347
4286.889	57062254.813	37634879.288	18774974.963	6081072.070	15996141.141	28499530.850	7756897.594
4507.297	56169812.974	48335706.175	27076590.238	6070534.358	15996141.141	26350081.741	8522518.549
4766.554	109032363.596	51250123.378	20303957.426	6243645.231	16921165.345	31880260.251	8112398.979
4976.232	57983513.233	46358519.705	19509555.099	6102257.628	14302132.133	26753636.312	8149749.572
5318.233	63075193.665	46358519.705	21294929.212	5886911.741	16601161.578	28972199.350	8322173.478
5391.168	38643086.795	35661162.756	23283629.439	5896821.080	15851714.332	26960084.731	8668597.888
5793.354	99931029.467	29735316.118	21827597.116	6081072.070	14539008.604	25392523.234	8522518.549
6126.360	171516686.136	39839872.295	18774974.963	6060033.105	15037107.334	32777538.072	8187445.691
6580.757	128544612.437	2706225.733	20664571.575	6102257.628	16293036.635	29966185.680	8931022.913
7129.464	64202755.258	32585160.687	23759091.839	5732773.115	15501805.521	32777538.072	8112398.979
7759.405	66583303.666	32585160.687	17726154.870	5936794.303	13478631.032	37330463.707	8093851.773
7781.647	49923471.054	43960876.052	20070459.827	6102257.628	14846371.526	25392523.234	8263893.861
8554.289	48573083.403	55427659.432	18000395.789	5916740.178	13582909.573	37733644.305	9091573.629
8913.057	61986554.129	46999360.658	21425643.931	5837860.448	14783863.667	30757616.368	8057010.628
9537.925	105819809.728	38486924.174	19842271.661	5877035.650	17511893.640	33404319.978	8361485.388
13161.787	73385922.163	27125709.206	24087003.618	6081072.070	15709872.204	27382689.941	8038715.539
14319.691	119957644.897	31095078.326	22532115.467	5896821.080	13175185.923	20972189.001	7706242.176
21888.365	74916726.068	31972312.842	22244920.236	6166709.345	13325181.166	22030121.943	7930666.345
2343.735	150022887.861	27790880.362	100851.621	6112905.859	13077051.150	22169915.912	8283229.493
22968.789	124102767.818	29477510.657	23921924.061	6018388.911	14783863.667	23047411.501	8225492.151
49291.181	144007406.766	42852713.652	20422755.511	6081072.070	14846371.526	25209302.685	9233854.754
53585.712	78178267.056	36039169.037	23283629.439	5877035.650	13850804.297	24675169.306	9022064.764
5480.219	92232077.291	39839872.295	22532115.467	6403423.495	14599458.827	21892079.888	8584516.738
11042.411	58935006.851	42852713.652	20422755.511	6145074.695	14783863.667	30757616.368	8020503.347
3323.785	66583303.666	35291003.803	21827597.116	5967131.685	17511893.640	22896370.004	8038715.539
3409.470	61986554.129	26911005.385	23598461.368	5896821.080	14909410.211	22600149.288	8225492.151
3545.839	44372270.134	10048881.781	20912182.712	5886911.741	17169382.941	26960084.731	7808223.366
3733.213	36299648.635	30536518.218	19293874.432	5877035.650	14302132.133	27599000.115	8381280.947
3861.212	61986554.129	39839872.295	19730112.344	5936794.303	14479056.915	22169915.912	9114981.871
3975.202	87726299.090	32275827.864	22977087.388	6049568.121	16445655.980	34732656.511	8361485.388
4181.958	55304856.482	29224137.123	22678512.048	5761056.237	17169382.941	29214462.216	8908548.824
4321.794	52095962.680	27565561.321	19730112.344	5936794.303	15101779.705	26350081.741	8038715.539
3978.216	92232077.291	3914.031	23439988.292	5977313.164	15780474.539	26960084.731	7494170.098
4633.062	52862762.385	34225241.072	22532115.467	5956984.833	17688325.160	27599000.115	8206424.824
4935.691	119957644.897	20196847.528	18093704.881	5837860.448	16293036.635	23512733.977	7415679.355
5077.074	59918248.953	34225241.072	22104050.685	6188496.868	16921165.345	23833530.007	8302655.819
5397.175	43302278.437	34573270.305	22977087.388	6155873.011	18927857.545	20847049.090	8381280.947
5605.064	45496480.171	31382091.804	19955713.448	5926750.277	16680022.429	19563003.909	8461409.452
6635.835	69147184.602	26286813.850	23283629.439	5808820.081	16069345.979	20601196.651	7773931.047
7391.658	54466134.854	36425274.862	24596201.373	6243645.231	15232807.805	22454894.713	8112398.979
3954.328	64202755.258	3545.847	32048809.585	5780067.205	16143223.927	28042037.525	7860232.885
7491.857	94663109.839	32585160.687	25127392.893	5997780.712	19134142.143	31308877.869	8668597.888
8508.690	71916424.636	27343866.518	28868088.519	5808820.081	16217784.312	31880260.251	8732747.637
4419.416	52862762.385	49664.365	24770752.092	6070534.358	18927857.545	26753636.312	8441234.032
9443.227	61986554.129	41799046.487	21038226.924	5704766.341	17599667.242	24163200.682	8563750.692
11093.161	54466134.854	32275827.864	24087003.618	5658691.578	17003103.242	28268933.335	8038715.539
16614.659	43830745.126	37634879.288	20912182.712	6070534.358	16840013.377	22600149.288	8421154.595
18191.887	47293825.442	37634879.288	21827597.116	6199448.465	15709872.204	21098840.355	8002373.489
14591.326	53652472.333	34928450.325	25872396.699	5956984.833	18334855.019	21621121.422	8421154.595
5464.888	50627218.540	31095078.326	24596201.373	5987529.447	18927857.545	23512733.977	8263893.861
19773.167	10201279.373	31382091.804	23439988.292	5906763.836	20006293.735	26753636.312	7739938.623
8134.270	54466134.854	36039169.037	24596201.373	6177583.896	17868347.939	23512733.977	8341783.117
74860.595	61986554.129	40795951.219	22387596.831	6102257.628	15433669.333	22169915.912	8361485.388
25279.354	517542377.253	34225241.072	21294929.212	6123591.316	16680022.429	23047411.501	8421154.595
519147.845	74916726.068	35291003.803	25127392.893	6368500.628	18826374.263	24850680.946	8093851.773
3218.108	46080221.404	36819743.374	28631293.045	5906763.836	16759636.085	40348288.570	7912939.906
3467.296	40840228.104	36039169.037	33917336.242	6081072.070	16680022.429	23672045.211	8244648.290
3553.443	45496480.171	32585160.687	32648348.706	5770546.063	16840013.377	25578426.566	7606890.543
3701.501	43830745.126	86424212.228	27943655.095	6123591.316	16069345.979	29214462.216	8131031.383
3793.851	54466134.854	38486924.174	32648348.706	6070534.358	16293036.635	27169744.108	8057010.628
4035.758	78178267.056	35661162.756	30913449.124	6199448.465	13796383.287	28042037.525	8112398.979
4341.571	43302278.437	31674453.020	32345801.225	6091646.429	17003103.242	29214462.216	8168554.142
4430.835	53652472.333	34225241.072	28631293.045	6049568.121	17169382.941	22896370.004	8563750.692
4567.331	78178267.056	38486924.174	33270746.682	6102257.628	15709872.204	20480432.215	8093851.773
4748.495	109032363.596	39378442.935	28169168.126	6311134.720	16759636.085	24502119.434	8841800.117
4876.721	43302278.437	36039169.037	24596201.373	5867192.641	15366129.492	22030121.943	8732747.637
5197.151	73385922.163	40312243.762	32648348.706	5946872.431	17688325.160	18047196.462	7860232.885
5391.394	59918248.953	37222849.240	21827597.116	5808820.081	15232807.805	20847049.090	8302655.819
5627.369	61986554.129	39839872.295	33590930.210	6145074.695	15232807.805	20126487.166	7791039.472
5894.557	58935006.851	86424212.228	30642067.810	5857382.547	18145359.300	19030213.145	8149749.572
6571.036	109032363.596	38056133.186	37567836.002	5867192.641	15433669.333	28268933.335	8263893.861
6927.839	60934855.529	35291003.803	29602573.916	5808820.081	15780474.539	29966185.680	7860232.885
7593.600	124102767.818	42852713.652	25494453.297	5877035.650	14909410.211	28733921.401	7494170.098
8289.160	97225764.891	49750269.012	26460800.269	6091646.429	14072850.532	40348288.570	8225492.151
9727.184	144007406.766	36425274.862	36017231.960	5906763.836	14721879.956	26753636.312	7912939.906
8640.683	517542377.253	45734919.532	23129342.778	5723407.019	15232807.805	32777538.072	8502051.011
10307.952	150022887.861	42319322.530	32956609.401	5926750.277	16293036.635	29214462.216	8931022.913
10839.752	94663109.839	36425274.862	28868088.519	6188496.868	15232807.805	31308877.869	8302655.819
15027.740	70504622.943	40312243.762	33590930.210	6221468.356	17511893.640	33726786.840	8112398.979
14630.062	124102767.818	31095078.326	29602573.916	6039139.217	14479056.915	25028707.261	7948472.383
6133.340	212017770.076	31382091.804	26868166.866	5799204.057	15299178.203	25028707.261	8020503.347
6112.265	200199259.587	39839872.295	22244920.236	6008067.140	14909410.211	22311495.360	8461409.452
7683.388	133316221.914	32275827.864	29353627.623	6188496.868	15570545.988	29711349.356	8093851.773
15029.491	138455734.831	45734919.532	24947797.970	6243645.231	17338946.980	23672045.211	8361485.388
32469.438	144007406.766	45734919.532	44232894.808	5916740.178	15366129.492	27818754.994	8225492.151
1101854.279	138455734.831	41799046.487	28631293.045	6091646.429	15851714.332	28499530.850	8168554.142
3195.626	116080472.487	42319322.530	38394306.607	6018388.911	15232807.805	25578426.566	9258002.370
3294.250	70504622.943	28489493.972	24424093.436	6018388.911	13796383.287	27818754.994	8187445.691
3580.376	53652472.333	40312243.762	29602573.916	5896821.080	16217784.312	24850680.946	7948472.383
3708.785	138455734.831	29997670.814	40161359.858	5916740.178	14972986.511	31591985.722	8341783.117
3891.354	83640253.933	25498249.649	31757222.142	5818468.047	15037107.334	36935807.918	8131031.383
4025.608	65371364.268	28019913.244	32048809.585	6060033.105	15996141.141	32777538.072	8563750.692
4159.901	116080472.487	33884148.828	23598461.368	5780067.205	14660413.828	32777538.072	9768940.966
3860.994	3825.993	26085135.263	31470892.719	5977313.164	14846371.526	32777538.072	8461409.452
4508.943	37829029.410	36819743.374	28398350.676	6145074.695	15232807.805	24163200.682	8584516.738
4720.858	52862762.385	39378442.935	23283629.439	6166709.345	13742388.253	22169915.912	8819772.273
4942.759	56169812.974	41799046.487	36776196.611	6134314.196	17688325.160	25392523.234	7739938.623
5170.955	47293825.442	46999360.658	27288272.478	6070534.358	13796383.287	24850680.946	8584516.738
2825.673	81736720.252	31674453.020	32048809.585	6112905.859	14072850.532	26350081.741	7606890.543
4093.516	61986554.129	36425274.862	26065601.906	6277208.577	16293036.635	27382689.941	8093851.773
6407.632	53652472.333	51250123.378	27721724.152	6049568.121	17959740.493	23355552.715	9045115.990
6591.979	47924919.147	45734919.532	26460800.269	5977313.164	15709872.204	21755757.021	8421154.595
7306.882	65371364.268	30813267.189	31189680.366	6221468.356	17085838.542	22896370.004	8908548.824
12628.312	105819809.728	13858066.991	29353627.623	6254793.062	15501805.521	24675169.306	7930666.345
7678.239	138455734.831	39378442.935	27503290.622	6134314.196	14846371.526	25958520.774	8206424.824
9127.935	69147184.602	31095078.326	28169168.126	6232537.066	15167010.772	24163200.682	7773931.047
77017.536	67841028.920	28975082.205	22532115.467	6081072.070	14016674.196	25767072.038	8112398.979
10875.970	52095962.680	23555056.578	31189680.366	6155873.011	15996141.141	26350081.741	8225492.151
13770.957	71916424.636	35661162.756	27288272.478	5977313.164	13960944.569	26350081.741	8002373.489
12223.458	57062254.813	30813267.189	25127392.893	5857382.547	14660413.828	27818754.994	8732747.637
13661.576	48573083.403	35291003.803	34935757.760	5946872.431	14016674.196	32173844.196	8187445.691
8397.420	65371364.268	36819743.374	20505.106	6243645.231	14783863.667	28268933.335	7984325.410
26023.537	112446082.621	36425274.862	23759091.839	5877035.650	15851714.332	32472885.603	8361485.388
10757.991	61986554.129	25121447.157	22532115.467	6166709.345	15780474.539	28042037.525	8038715.539
57264.873	47924919.147	51250123.378	28398350.676	6112905.859	15101779.705	25958520.774	8584516.738
109527.169	89922780.599	44536731.429	22387596.831	6254793.062	14721879.956	29214462.216	9430637.964
1590392.741	67841028.920	56346246.394	36392757.697	6254793.062	15996141.141	26152835.724	9068285.308
3260.302	61986554.129	27565561.321	31189680.366	5799204.057	17688325.160	33087961.025	8732747.637
3274.257	65371364.268	40312243.762	38821329.980	6134314.196	16069345.979	24675169.306	8953610.683
6030.888	50627218.540	25308445.983	24770752.092	6243645.231	16143223.927	27599000.115	8187445.691
7711.986	57983513.233	35661162.756	22104050.685	6415149.721	16293036.635	36549409.397	7606890.543
4357.529	55304856.482	33549788.217	25309592.312	6450587.504	17169382.941	34390765.772	8502051.011
4469.688	81736720.252	49032787.419	23439988.292	6277208.577	16601161.578	50204899.982	8732747.637
4500.320	109032363.596	42852713.652	32048809.585	6583944.981	15501805.521	33087961.025	9282276.616
4897.616	87726299.090	41291407.684	23921924.061	6426918.973	14846371.526	37733644.305	8863938.269
5035.652	94663109.839	51250123.378	25872396.699	6102257.628	17424991.188	31880260.251	9795972.393
5253.213	78178267.056	27565561.321	28631293.045	6571594.151	16445655.980	34390765.772	8522518.549
4903.615	67841028.920	123646.141	26065601.906	6498451.435	19134142.143	26550325.647	8322173.478
4055.046	99931029.467	42852713.652	30113352.866	6608786.442	16601161.578	34055540.224	8361485.388
6558.699	92232077.291	47658167.401	39704521.269	6438731.487	15709872.204	32472885.603	8322173.478
5101.622	138455734.831	39378442.935	32345801.225	6474431.009	16445655.980	24502119.434	8283229.493
6736.249	200199259.587	32900480.203	28868088.519	6322525.074	16217784.312	31591985.722	8931022.913
5613.836	44927343.519	50489059.787	37167801.490	5977313.164	15501805.521	36549409.397	8976312.998
4946.704	69147184.602	35661162.756	30375409.807	6081072.070	16601161.578	33726786.840	9609834.227
4406.032	49239020.322	35291003.803	26662927.682	6254793.062	15433669.333	24163200.682	9989463.813
13049.013	74916726.068	38056133.186	22678512.048	6333956.617	13478631.032	43352258.534	8441234.032
4637752.549	57062254.813	36039169.037	23759091.839	6277208.577	16143223.927	41302262.363	8819772.273
4564813.046	63075193.665	40312243.762	29855778.922	6243645.231	16921165.345	41796368.077	8976312.998
4612.642	76512754.572	64958566.347	22826823.417	6188496.868	14539008.604	38566709.172	8038715.539
6333.756	133316221.914	45127873.623	30913449.124	6322525.074	16601161.578	32472885.603	8441234.032
4758130.943	99931029.467	32585160.687	352165460.248	6039139.217	16143223.927	44455510.773	8754342.397
4650.190	46080221.404	42852713.652	28169168.126	6210438.892	15433669.333	57662312.363	9138510.965
5342.011	99931029.467	70333691.520	19842271.661	6028746.209	15639898.809	37733644.305	9768940.966
6282.845	99931029.467	32585160.687	27288272.478	5896821.080	15639898.809	36549409.397	8863938.269
7960.606	94663109.839	54538542.633	26065601.906	6112905.859	15501805.521	37330463.707	9609834.227
3964.171	156562834.617	41291407.684	25682034.595	6134314.196	16840013.377	28268933.335	8797853.912
4593.982	452356335.674	38486924.174	26868166.866	6333956.617	14016674.196	28042037.525	8819772.273
5144.757	105819809.728	34573270.305	27721724.152	6462487.264	14721879.956	27169744.108	9405582.600
5978.496	69147184.602	40312243.762	41107318.081	6571594.151	16217784.312	34055540.224	9091573.629
4659.521	55304856.482	48335706.175	31757222.142	6403423.495	17777880.823	37733644.305	9532208.688
4248.279	78178267.056	37222849.240	3501.313	6311134.720	16921165.345	35437244.824	8754342.397
6174.833	49239020.322	25498249.649	27943655.095	5877035.650	17868347.939	37733644.305	8863938.269
3736.176	45496480.171	25498249.649	28398350.676	6221468.356	18826374.263	41796368.077	8225492.151
4098.603	38231725.220	44536731.429	3716.502	6299785.332	16759636.085	46219853.338	9209832.778
4346.783	54466134.854	28019913.244	24596201.373	6288476.691	16759636.085	34732656.511	8732747.637
4714.915	40381036.815	29997670.814	21425643.931	6288476.691	18626637.731	95484070.098	8976312.998
7446.193	56169812.974	28489493.972	29108833.498	6199448.465	16293036.635	38145628.942	8776044.223
4322.610	44927343.519	29735316.118	36017231.960	6070534.358	17777880.823	46219853.338	9282276.616
4970.579	69147184.602	27790880.362	31189680.366	6522650.758	18052072.757	32472885.603	9331208.998
5522.169	73385922.163	32275827.864	27721724.152	6265980.772	19134142.143	29460810.806	8461409.452
2916.228	65371364.268	10146.732	31470892.719	6070534.358	17959740.493	25209302.685	8341783.117
3784.079	3796.377	30264696.231	30642067.810	6049568.121	15639898.809	25209302.685	8341783.117
4490.908	42786403.362	29735316.118	32345801.225	6243645.231	16368990.571	24163200.682	8563750.692
5370.122	55304856.482	26699673.696	29353627.623	6450587.504	15366129.492	26960084.731	9045115.990
6110.946	41790669.848	32900480.203	31470892.719	6254793.062	16680022.429	26550325.647	9091573.629
6418.554	67841028.920	50489059.787	26662927.682	6039139.217	15501805.521	29966185.680	8206424.824
4503.596	60934855.529	25886527.764	31470892.719	6008067.140	16523042.904	24850680.946	9688734.435
4697.003	65371364.268	31382091.804	44232894.808	6134314.196	16293036.635	45616381.669	8401170.459
4785.882	78178267.056	29735316.118	36392757.697	6060033.105	18431094.876	40348288.570	8999130.730
5360.278	58935006.851	44536731.429	29108833.498	6368500.628	16217784.312	32173844.196	8283229.493
4104.099	74916726.068	28019913.244	32648348.706	5987529.447	17338946.980	32173844.196	8131031.383
4916.129	52095962.680	27565561.321	27503290.622	6450587.504	15923600.256	47475999.467	8841800.117
6602.488	89922780.599	22318084.751	29353627.623	6391740.060	15501805.521	32173844.196	8976312.998
6290.459	57062254.813	25498249.649	25872396.699	6081072.070	15780474.539	35437244.824	9282276.616
4106.475	67841028.920	23555056.578	21165799.765	5997780.712	17688325.160	36549409.397	8863938.269
5849.622	50627218.540	24755618.952	28631293.045	6368500.628	16601161.578	26550325.647	8341783.117
4234.633	149085.049	29224137.123	22678512.048	6254793.062	16217784.312	28268933.335	8322173.478
4948.742	57062254.813	24400292.480	29108833.498	6028746.209	16368990.571	28268933.335	8263893.861
5621.937	47293825.442	23886025.169	31757222.142	6277208.577	17511893.640	27382689.941	8819772.273
4468.214	65371364.268	22614985.975	29855778.922	6102257.628	16601161.578	23672045.211	8711259.152
4201.298	55304856.482	28975082.205	25127392.893	6368500.628	19030440.844	25028707.261	8461409.452
4967.042	47293825.442	24400292.480	24424093.436	6299785.332	16069345.979	26960084.731	8584516.738
6579.327	67841028.920	51250123.378	26662927.682	6254793.062	17338946.980	27382689.941	8886187.558
4586.795	48573083.403	35661162.756	28868088.519	6123591.316	17253748.366	36171011.679	8522518.549
4545.206	63075193.665	28252752.551	26261714.390	6462487.264	17599667.242	31591985.722	7808223.366
4882.751	52095962.680	42852713.652	27721724.152	6265980.772	15299178.203	34055540.224	8841800.117
4582.408	34553456.839	45127873.623	25682034.595	6299785.332	16143223.927	41796368.077	8131031.383
3564.010	40840228.104	35661162.756	29353627.623	6288476.691	16680022.429	27818754.994	9045115.990
5226.129	43830745.126	32585160.687	30375409.807	6277208.577	16069345.979	29711349.356	8953610.683
4697.624	48573083.403	39839872.295	37567836.002	6254793.062	18239614.994	25767072.038	8481681.547
5014.374	41309982.864	28730236.425	36776196.611	6380099.182	15780474.539	30757616.368	8999130.730
5914.376	41790669.848	45127873.623	31189680.366	6210438.892	14186564.987	24331479.896	8131031.383
6151.050	40381036.815	14696714.983	30913449.124	6210438.892	15433669.333	24331479.896	8543084.870
5601.629	46080221.404	35291003.803	31470892.719	5916740.178	16217784.312	21356788.265	8361485.388
5732.274	52095962.680	31382091.804	34589555.770	6368500.628	15366129.492	24163200.682	8361485.388
3836.945	57062254.813	31674453.020	27943655.095	6221468.356	16601161.578	23512733.977	8626352.433
4666.945	46679136.677	36819743.374	23921924.061	6356944.168	15501805.521	25767072.038	8522518.549
3758.549	29423661.775	34225241.072	25494453.297	6633816.068	15433669.333	25209302.685	8668597.888
9566.375	42282675.175	49032787.419	31757222.142	6403423.495	15639898.809	19563003.909	8668597.888
4554.728	43302278.437	29735316.118	26460800.269	6177583.896	17599667.242	27169744.108	8002373.489
7540.614	57983513.233	31674453.020	30113352.866	6288476.691	15851714.332	37733644.305	8381280.947
5058.272	43302278.437	29477510.657	24947797.970	6450587.504	18431094.876	35800368.812	8168554.142
3764.406	79917902.027	33549788.217	30642067.810	6299785.332	18334855.019	26152835.724	7860232.885
5474.345	46080221.404	35291003.803	33270746.682	6254793.062	16840013.377	29966185.680	8187445.691
3449.576	83640253.933	28975082.205	29353627.623	6559289.572	17003103.242	28733921.401	8401170.459
4221.053	41309982.864	30813267.189	32048809.585	6380099.182	16921165.345	29711349.356	9185935.465
5115.664	46679136.677	28252752.551	37976575.291	6596342.324	16069345.979	31591985.722	9068285.308
7380.366	53652472.333	33884148.828	26662927.682	6438731.487	19344972.656	22454894.713	8381280.947
5093.162	39063396.901	27790880.362	24947797.970	6345429.574	15780474.539	25578426.566	8057010.628
4251.821	57983513.233	28252752.551	35649376.942	6265980.772	18626637.731	24163200.682	8522518.549
4889.997	1173477620.962	39839872.295	28398350.676	6177583.896	15299178.203	29214462.216	8502051.011
5382.562	59918248.953	40312243.762	33917336.242	6166709.345	14419597.618	26152835.724	9233854.754
5199.525	37434728.390	28252752.551	24254377.356	6288476.691	17868347.939	26550325.647	8953610.683
3871.888	40381036.815	29997670.814	25682034.595	6391740.060	15851714.332	29460810.806	9481151.304
3502.801	55304856.482	36819743.374	26460800.269	6060033.105	16523042.904	31308877.869	10103501.400
6012.606	46679136.677	31972312.842	25494453.297	6368500.628	14721879.956	33087961.025	9162161.846
6607.598	44372270.134	43960876.052	27288272.478	6522650.758	15996141.141	30489201.716	8283229.493
4998.707	38231725.220	43960876.052	24770752.092	6722932.843	16921165.345	35437244.824	8461409.452
4078.986	43830745.126	31382091.804	24596201.373	6426918.973	14244114.155	32173844.196	8481681.547
5726.648	50627218.540	35291003.803	25309592.312	6522650.758	16143223.927	31308877.869	9282276.616
4383.513	38231725.220	30536518.218	25309592.312	6391740.060	15570545.988	24331479.896	9258002.370
3569.587	43302278.437	49032787.419	23921924.061	5877035.650	15433669.333	27818754.994	9455827.173
5565.788	36299648.635	15291616.286	27288272.478	5877035.650	17424991.188	37330463.707	9022064.764
6694.532	37829029.410	29997670.814	21964954.066	6112905.859	14360624.672	23997233.156	8502051.011
4412.547	42282675.175	33549788.217	28631293.045	6039139.217	16523042.904	26550325.647	8563750.692
4603.156	34224186.470	31382091.804	26662927.682	6254793.062	20236897.784	22454894.713	7984325.410
4674.034	37434728.390	29997670.814	32048809.585	6102257.628	19030440.844	23200458.994	8341783.117
3814.694	32967555.144	24400292.480	23921924.061	6166709.345	16921165.345	20480432.215	9557944.150
4550.141	42282675.175	27343866.518	47872888.701	5926750.277	14302132.133	24850680.946	8797853.912
4254.626	40840228.104	25121447.157	30113352.866	6028746.209	16143223.927	22169915.912	9532208.688
9529.575	43302278.437	35661162.756	43139529.793	5956984.833	16293036.635	25578426.566	9091573.629
5080.822	87726299.090	27343866.518	26065601.906	6060033.105	19030440.844	42820915.290	8244648.290
4984.935	45496480.171	33221961.906	32345801.225	6345429.574	17777880.823	46839506.056	8441234.032
4619.340	51351090.500	20815092.633	29602573.916	6380099.182	15570545.988	30489201.716	8341783.117
4561.475	56169812.974	21337624.961	32648348.706	6462487.264	16368990.571	31591985.722	8093851.773
3078.425	74916726.068	29997670.814	44232894.808	6102257.628	15167010.772	32173844.196	8976312.998
4680.145	57062254.813	4237529.519	34589555.770	6145074.695	15923600.256	29711349.356	8754342.397
4284.142	54466134.854	21747071.171	28868088.519	6145074.695	18334855.019	36171011.679	9068285.308
4216.475	37829029.410	23233134.545	32345801.225	6091646.429	17253748.366	30489201.716	8732747.637
3534.232	85634562.906	33884148.828	27721724.152	6028746.209	17599667.242	27599000.115	8131031.383
4491.140	57983513.233	32900480.203	29108833.498	6345429.574	17003103.242	26960084.731	7494170.098
4031.036	67841028.920	23886025.169	3589.511	6311134.720	14539008.604	31591985.722	7877723.702
4236.075	132719771.700	20815092.633	20070459.827	6299785.332	15570545.988	24163200.682	7706242.176
3425.084	69147184.602	37222849.240	31757222.142	6155873.011	16217784.312	25578426.566	7984325.410
4756.608	56169812.974	36425274.862	32956609.401	6356944.168	14129478.969	20847049.090	8626352.433
5059.800	112446082.621	34225241.072	27721724.152	6415149.721	16601161.578	22311495.360	8481681.547
8185.464	46679136.677	28019913.244	27943655.095	6254793.062	14599458.827	23200458.994	8689876.161
3231.136	78178267.056	55427659.432	28631293.045	6155873.011	12607518.507	37733644.305	7808223.366
3367.766	78178267.056	40312243.762	27503290.622	5997780.712	12212864.940	37733644.305	7860232.885
3464.878	78178267.056	51250123.378	26065601.906	5916740.178	12791226.541	46219853.338	7494170.098
3635.457	63075193.665	52034482.409	31189680.366	6166709.345	14072850.532	40348288.570	8225492.151
3682.442	51351090.500	54538542.633	33270746.682	6311134.720	12473163.505	34390765.772	7930666.345
3812.201	138455734.831	34928450.325	30113352.866	6070534.358	12170534.425	46839506.056	8131031.383
4003.752	73385922.163	39839872.295	30913449.124	6522650.758	12791226.541	40819702.534	8361485.388
3965.895	52095962.680	60346680.434	25309592.312	6311134.720	11531057.158	42302439.067	8711259.152
4277.496	200199259.587	46999360.658	37167801.490	6299785.332	13742388.253	34055540.224	7739938.623
3944.726	70504622.943	37222849.240	31189680.366	6788067.806	11762827.824	30225431.321	7895292.535
4714.889	58935006.851	42319322.530	36017231.960	6486418.984	11723554.523	34732656.511	8441234.032
5047.248	66583303.666	46358519.705	32048809.585	6462487.264	11531057.158	29966185.680	7656244.063
5573.822	50627218.540	46999360.658	25127392.893	6166709.345	12298415.542	31030799.024	7860232.885
5310.692	83640253.933	37634879.288	37167801.490	6243645.231	12791226.541	24850680.946	7966358.557
5635.445	61986554.129	53677500.193	35649376.942	6311134.720	12086747.654	30225431.321	7825483.228
6232.511	97225764.891	49032787.419	34250147.950	6474431.009	12837993.129	22747295.323	8361485.388
7064.048	189628779.037	45127873.623	31470892.719	6333956.617	12385173.155	43896953.800	8131031.383
6759.874	65371364.268	41799046.487	25494453.297	6474431.009	12980367.473	46219853.338	8302655.819
7312.881	1221809523.438	46358519.705	32345801.225	6070534.358	13530569.390	40348288.570	7825483.228
8065.666	300806399.989	45127873.623	30375409.807	6288476.691	15232807.805	47475999.467	8522518.549
10466.738	225319204.811	39378442.935	35649376.942	6510528.610	12837993.129	29214462.216	8776044.223
11916.084	89922780.599	57295793.415	30375409.807	6345429.574	13325181.166	28042037.525	8002373.489
4033.281	55873.061	58277892.538	39257958.936	6221468.356	13796383.287	28972199.350	7966358.557
13523.659	54466134.854	45127873.623	24947797.970	6166709.345	11762827.824	34732656.511	8732747.637
4619300.016	1221809523.438	39378442.935	32048809.585	6145074.695	11723554.523	25392523.234	8225492.151
14899.426	911663568.351	37634879.288	41107318.081	6522650.758	11802365.136	27818754.994	8461409.452
19537.141	97225764.891	35661162.756	33270746.682	6221468.356	12607518.507	26152835.724	7912939.906
20482.241	81736720.252	38927579.837	31470892.719	6221468.356	13028529.943	28499530.850	7984325.410
24069.578	119957644.897	39378442.935	44232894.808	6081072.070	13375941.425	25578426.566	8381280.947
14859.506	47924919.147	36039169.037	29602573.916	6123591.316	11922588.034	29966185.680	8481681.547
146490.741	87726299.090	49032787.419	31189680.366	6243645.231	13582909.573	28499530.850	8381280.947
23632.703	76512754.572	52843223.082	26261714.390	6221468.356	15780474.539	29966185.680	8302655.819
3477.772	70504622.943	20403.230	49927181.514	6311134.720	13635656.262	34055540.224	7842819.565
3408.592	47924919.147	31095078.326	27288272.478	6188496.868	12212864.940	36549409.397	7248656.806
3535.893	240401350.384	35661162.756	28868088.519	6659036.005	12607518.507	30757616.368	7574340.174
3696.920	163698962.395	30536518.218	29855778.922	6559289.572	12128496.336	26960084.731	7984325.410
3920.566	83640253.933	33884148.828	40628833.547	6199448.465	11922588.034	31880260.251	8283229.493
4529196.940	56169812.974	41799046.487	49223104.031	6145074.695	12473163.505	21356788.265	7639721.886
4174.669	76512754.572	41291407.684	44232894.808	5906763.836	12004106.638	29966185.680	8322173.478
4453903.636	63075193.665	31382091.804	37976575.291	6547030.985	13077051.150	35081413.220	8283229.493
4541007.061	66583303.666	38056133.186	28631293.045	6571594.151	13375941.425	25767072.038	7756897.594
4723.214	328303756.160	53677500.193	33917336.242	6311134.720	13077051.150	27382689.941	7446877.523
3957.001	16275.431	42319322.530	36776196.611	6345429.574	13125935.115	28972199.350	7146231.656
5295.464	257647444.755	38927579.837	33590930.210	6450587.504	12885102.943	28733921.401	7446877.523
5388.499	69147184.602	37634879.288	45383123.371	6559289.572	15037107.334	28499530.850	7706242.176
5887.055	56169812.974	39839872.295	37567836.002	6426918.973	12298415.542	27382689.941	7431245.695
5998.595	57062254.813	63740748.490	39704521.269	6123591.316	11922588.034	24331479.896	8441234.032
7024.910	55304856.482	36425274.862	51397541.932	6671718.021	13125935.115	26753636.312	8112398.979
6793.721	63075193.665	41799046.487	33917336.242	6368500.628	12517629.197	36935807.918	8341783.117
3940.339	3704.060	46999360.658	37167801.490	6426918.973	12837993.129	25767072.038	7656244.063
7751.634	171516686.136	32585160.687	35288959.989	6232537.066	12607518.507	38145628.942	7354060.719
10503.321	61986554.129	51250123.378	33917336.242	6254793.062	12932559.774	31880260.251	7032662.398
12867.983	124102767.818	48335706.175	29353627.623	6510528.610	12652949.029	31591985.722	7354060.719
9784.294	79917902.027	40795951.219	29855778.922	6368500.628	11493313.782	32173844.196	7590580.462
11445.485	156562834.617	33549788.217	35288959.989	6438731.487	11381551.734	41302262.363	8002373.489
14542.709	85634562.906	46358519.705	28868088.519	6356944.168	11723554.523	31591985.722	7877723.702
19800.595	225319204.811	63740748.490	40628833.547	6415149.721	12212864.940	30225431.321	7189771.551
5671.998	108633087.671	44536731.429	28169168.126	6265980.772	12128496.336	32173844.196	7542067.189
6813.524	78178267.056	60346680.434	89296913.309	6039139.217	12128496.336	25028707.261	7895292.535
88771.862	55304856.482	48335706.175	29855778.922	5896821.080	12562413.055	23047411.501	7590580.462
60314.200	66583303.666	51250123.378	33590930.210	6123591.316	11531057.158	22311495.360	7842819.565
10172.862	133316221.914	60346680.434	45383123.371	6102257.628	11645789.449	27599000.115	8187445.691
64697.020	225319204.811	31674453.020	29855778.922	6299785.332	11882242.515	33404319.978	7791039.472
3860.425	92232077.291	3783.810	34935757.760	6265980.772	12562413.055	33404319.978	8225492.151
6731.666	401754171.882	42852713.652	62428736.628	6134314.196	11569049.244	43896953.800	7842819.565
4541.034	97225764.891	44536731.429	34935757.760	6368500.628	12086747.654	29711349.356	7558169.231
8161.967	56169812.974	39839872.295	42098913.320	6081072.070	11129038.858	27818754.994	7400178.093
5253.704	39492950.740	57295793.415	102929236.936	6232537.066	13175185.923	39887638.719	7966358.557
4330.844	87726299.090	52034482.409	37976575.291	6070534.358	12473163.505	26550325.647	8075389.182
4672.906	57062254.813	43399722.089	33270746.682	6081072.070	13530569.390	38145628.942	7773931.047
10137.302	66583303.666	40312243.762	44800627.453	6426918.973	13175185.923	43896953.800	8020503.347
4642.337	97225764.891	30536518.218	25494453.297	6199448.465	13274804.709	29460810.806	7877723.702
6820.208	49923471.054	44536731.429	26460800.269	6486418.984	11842169.131	25209302.685	7263529.141
5330.565	54466134.854	43399722.089	39257958.936	6081072.070	12004106.638	26960084.731	7656244.063
3951.340	55304856.482	45127873.623	36392757.697	6210438.892	12791226.541	28499530.850	7400178.093
3767.407	81736720.252	58277892.538	41107318.081	6081072.070	12980367.473	27818754.994	7308514.584
4780.115	73385922.163	86424212.228	41107318.081	5967131.685	13125935.115	26550325.647	8244648.290
5246.439	60934855.529	51250123.378	43679371.200	6254793.062	12212864.940	29966185.680	7877723.702
4873.562	83640253.933	46999360.658	59249624.741	5896821.080	13224807.719	28268933.335	8057010.628
6003.279	47293825.442	45127873.623	34589555.770	6008067.140	11882242.515	36171011.679	8244648.290
6593.776	79917902.027	48335706.175	45980966.002	6277208.577	11882242.515	37733644.305	7606890.543
6650.661	74916726.068	40795951.219	35649376.942	6039139.217	13274804.709	36935807.918	7510068.056
5115.011	61857300.118	14955300.474	43679371.200	6243645.231	12698708.148	35437244.824	7088992.197
6787.631	112446082.621	32585160.687	37976575.291	6091646.429	11607292.508	37330463.707	7204402.990
4981.121	189628779.037	43399722.089	33270746.682	5808820.081	13796383.287	36549409.397	7756897.594
3921.502	133316221.914	12530177.387	92069284.557	5886911.741	14016674.196	47475999.467	7478339.305
5461.349	171516686.136	105130674.780	92069284.557	5977313.164	12744799.442	58629964.308	7739938.623
4720.481	63075193.665	37222849.240	41107318.081	5956984.833	13427089.891	34390765.772	7278462.630
4370.307	83640253.933	59294246.871	26662927.682	5906763.836	13582909.573	27599000.115	7446877.523
2740.797	32867.512	61437149.091	31189680.366	6277208.577	12004106.638	32173844.196	7233845.250
4972.381	884481716.932	68908205.058	41107318.081	5906763.836	11569049.244	32777538.072	7103215.925
4455.081	401754171.882	48335706.175	42612869.478	5987529.447	11963208.468	32472885.603	7431245.695
7153.934	171516686.136	28975082.205	29353627.623	6112905.859	13125935.115	35437244.824	7590580.462
3785.646	3453133.490	46999360.658	35649376.942	6112905.859	11802365.136	31880260.251	7494170.098
3983.412	240401350.384	159321406.680	26868166.866	6123591.316	12517629.197	32472885.603	7689503.739
4090.497	70504622.943	61437149.091	30913449.124	6415149.721	12045285.400	32472885.603	7706242.176
4968.494	56169812.974	38927579.837	36017231.960	6155873.011	12255490.944	47475999.467	7656244.063
4276.961	124102767.818	32900480.203	29602573.916	6265980.772	12652949.029	35800368.812	7756897.594
5877.250	156562834.617	40312243.762	33590930.210	5987529.447	13325181.166	32472885.603	7558169.231
6524.384	57983513.233	58277892.538	31470892.719	6254793.062	12562413.055	36171011.679	7623270.865
3909.757	71916424.636	3691.441	32648348.706	6102257.628	13375941.425	51690473.333	7912939.906
6904.602	87726299.090	46999360.658	47872888.701	6091646.429	12607518.507	40348288.570	8441234.032
4448.219	116080472.487	41799046.487	29855778.922	6134314.196	13175185.923	37733644.305	8187445.691
4809.322	92232077.291	57295793.415	30913449.124	5818468.047	11842169.131	38145628.942	8206424.824
4274.672	133316221.914	42852713.652	54614337.161	6322525.074	13325181.166	41796368.077	7791039.472
4532.979	83640253.933	42319322.530	61331792.241	6438731.487	12698708.148	32777538.072	7825483.228
3845.970	112446082.621	40795951.219	37567836.002	6210438.892	12086747.654	35437244.824	7526033.609
3171.547	328303756.160	3440050.530	33917336.242	6498451.435	12429012.602	36549409.397	7656244.063
6639.706	48573083.403	51250123.378	47225183.042	6462487.264	13960944.569	34390765.772	8112398.979
4739.172	52862762.385	38927579.837	710677486.990	6510528.610	14846371.526	47475999.467	7912939.906
4204.701	67841028.920	13263393.285	37567836.002	6232537.066	14599458.827	35081413.220	8002373.489
6360.196	46679136.677	46358519.705	352165460.248	6356944.168	12341641.881	29460810.806	8075389.182
4322.878	133316221.914	55427659.432	45383123.371	6210438.892	13375941.425	43352258.534	7895292.535
3942.431	105819809.728	47658167.401	71363266.727	6221468.356	14302132.133	40348288.570	7574340.174
4514.817	240401350.384	31095078.326	44800627.453	6277208.577	12562413.055	38997189.572	7558169.231
6834.407	240401350.384	28975082.205	34935757.760	5997780.712	12385173.155	63999998.991	7606890.543
3569.975	257647444.755	41291407.684	36017231.960	6134314.196	11684542.598	42820915.290	8563750.692
5286.398	128544612.437	36819743.374	47225183.042	5780067.205	12298415.542	32173844.196	7877723.702
7431.814	709701395.193	40795951.219	46594769.941	6254793.062	12170534.425	43352258.534	8057010.628
4836.685	163698962.395	31972312.842	40161359.858	5997780.712	12212864.940	36935807.918	8401170.459
4893.054	212017770.076	32900480.203	62428736.628	6145074.695	11235873.502	41796368.077	7860232.885
11117.345	189628779.037	34573270.305	29108833.498	6299785.332	11271942.323	34390765.772	7574340.174
4660.332	124102767.818	29477510.657	41107318.081	6028746.209	11684542.598	27169744.108	7723053.644
4765.954	1173477620.962	28019913.244	31189680.366	6221468.356	12128496.336	27599000.115	7478339.305
4946.844	150022887.861	30264696.231	31189680.366	6145074.695	12791226.541	32472885.603	7656244.063
4673.075	356985817.168	29735316.118	40628833.547	6380099.182	12004106.638	29966185.680	7773931.047
3947.914	4322.887	31382091.804	40161359.858	6391740.060	12255490.944	30225431.321	8057010.628
5361.071	119957644.897	29997670.814	36392757.697	6322525.074	11963208.468	37330463.707	7723053.644
7429.468	79917902.027	30813267.189	30375409.807	6761862.951	12429012.602	35437244.824	7323633.814
4725.931	71916424.636	37634879.288	25872396.699	6450587.504	11842169.131	34390765.772	7756897.594
4534.124	71916424.636	33221961.906	30113352.866	6710055.564	12298415.542	35081413.220	7590580.462
3916.493	74916726.068	31382091.804	28398350.676	6583944.981	11963208.468	47475999.467	7308514.584
3833.284	69147184.602	36425274.862	31757222.142	6391740.060	12004106.638	32777538.072	7384741.502
5223.966	58935006.851	31095078.326	27943655.095	6722932.843	12086747.654	37733644.305	7639721.886
3954.858	87726299.090	32275827.864	27288272.478	6345429.574	12932559.774	42302439.067	7494170.098
6278.813	43302278.437	33221961.906	40161359.858	6299785.332	11842169.131	45028465.412	7756897.594
4709.095	85634562.906	30264696.231	32956609.401	6438731.487	11963208.468	31591985.722	7323633.814
3202.311	92232077.291	283320.303	30913449.124	6498451.435	11455816.682	27818754.994	7672837.858
3859.287	70504622.943	58277892.538	27721724.152	6391740.060	13325181.166	29711349.356	7175199.422
4118.357	55304856.482	52034482.409	21691947.403	6722932.843	12473163.505	29711349.356	7004831.871
3884.155	71916424.636	26491635.314	27721724.152	6534818.132	12298415.542	28733921.401	7656244.063
7677.900	53652472.333	39378442.935	34250147.950	7005252.477	12341641.881	21892079.888	7384741.502
5508.074	66583303.666	39839872.295	37567836.002	6867915.353	12744799.442	26960084.731	7930666.345
5177.612	25281249.945	31382091.804	32048809.585	6474431.009	10591910.245	31591985.722	7912939.906
7645.658	78178267.056	46358519.705	23921924.061	6633816.068	12128496.336	30489201.716	6829167.859
5948.884	92232077.291	43399722.089	25682034.595	6596342.324	12517629.197	35800368.812	6963496.649
5192.866	70504622.943	41799046.487	34589555.770	6867915.353	13375941.425	34390765.772	7088992.197
5078.036	97225764.891	46358519.705	30113352.866	6710055.564	12607518.507	36549409.397	7103215.925
5134.488	112446082.621	38927579.837	29353627.623	6697227.521	12473163.505	36171011.679	7323633.814
5698.940	67841028.920	45734919.532	29353627.623	6534818.132	13635656.262	48130029.565	7623270.865
4839.991	74916726.068	44536731.429	24254377.356	6534818.132	13688814.213	37330463.707	7478339.305
5209.503	44927343.519	47658167.401	23598461.368	6510528.610	13224807.719	54941961.279	7723053.644
4393.849	81736720.252	38056133.186	24596201.373	6854477.233	13375941.425	28042037.525	7369369.177
5041.418	48573083.403	50489059.787	24947797.970	6571594.151	12517629.197	30225431.321	7308514.584
6524.189	92232077.291	62567752.676	32048809.585	6621277.601	12932559.774	26550325.647	7590580.462
4561.517	94663109.839	39839872.295	25494453.297	6991272.089	11344779.173	24675169.306	7672837.858
5043.900	71916424.636	53677500.193	28631293.045	6977347.391	13427089.891	37330463.707	8401170.459
9489.357	74916726.068	54538542.633	35288959.989	6391740.060	13688814.213	28972199.350	7877723.702
3541.293	109032363.596	39108.836	36776196.611	6894950.285	12385173.155	28042037.525	7791039.472
6088.289	116080472.487	43399722.089	23439988.292	6935904.132	12385173.155	28499530.850	7384741.502
4894.677	124102767.818	35661162.756	29353627.623	6722932.843	12885102.943	41302262.363	7415679.355
3983.494	71916424.636	33221961.906	29855778.922	6534818.132	12980367.473	33404319.978	7590580.462
6017.083	78178267.056	41291407.684	26261714.390	6571594.151	12429012.602	45616381.669	7369369.177
4992.652	71916424.636	52843223.082	27503290.622	6827758.142	13325181.166	23997233.156	7032662.398
5045.814	116080472.487	38056133.186	24947797.970	6697227.521	14072850.532	33404319.978	7656244.063
5479.504	105819809.728	13211852.963	26460800.269	6559289.572	12385173.155	36549409.397	7574340.174
4371.185	89922780.599	35661162.756	25682034.595	6450587.504	14072850.532	34055540.224	7639721.886
5508.361	56169812.974	28489493.972	24087003.618	6403423.495	13960944.569	45616381.669	7706242.176
5535.579	150022887.861	40795951.219	25309592.312	6559289.572	13478631.032	26152835.724	7623270.865
4351.258	58935006.851	28730236.425	26065601.906	6646402.112	13478631.032	25392523.234	8149749.572
2887.274	78178267.056	38927579.837	14980.996	6761862.951	12385173.155	29711349.356	7706242.176
6703.023	57983513.233	31382091.804	26065601.906	6522650.758	11723554.523	31308877.869	7338815.729
5921.596	102791148.414	35661162.756	27076590.238	6426918.973	12255490.944	24850680.946	7689503.739
5066.830	83640253.933	33221961.906	34250147.950	6774940.039	11493313.782	28499530.850	8543084.870
4908.459	133316221.914	25308445.983	36017231.960	6788067.806	12255490.944	24163200.682	8075389.182
5553.745	67841028.920	37222849.240	25309592.312	6608786.442	12885102.943	30489201.716	7689503.739
5088.586	54466134.854	28730236.425	36776196.611	6671718.021	13375941.425	29214462.216	7842819.565
4126.569	81736720.252	19614269.011	24947797.970	6221468.356	12045285.400	29966185.680	7415679.355
5088.616	128544612.437	23886025.169	24087003.618	6646402.112	13224807.719	38145628.942	7623270.865
8049.746	128544612.437	29224137.123	22532115.467	6534818.132	11802365.136	30489201.716	7639721.886
5529.471	328303756.160	25886527.764	35649376.942	6671718.021	12652949.029	28042037.525	8647423.565
6940.512	50627218.540	33549788.217	34589555.770	6659036.005	12744799.442	31308877.869	8020503.347
4141.643	102791148.414	38056133.186	31189680.366	6748836.249	12885102.943	40348288.570	8322173.478
5552.231	105819809.728	37634879.288	31757222.142	6522650.758	12698708.148	41796368.077	8206424.824
5135.017	102791148.414	34928450.325	27503290.622	6935904.132	12837993.129	28499530.850	7773931.047
4669.473	94663109.839	31674453.020	26868166.866	6710055.564	12607518.507	30489201.716	7160686.243
8061.260	73385922.163	52034482.409	24254377.356	7005252.477	12698708.148	25578426.566	7462575.254
6440.523	89922780.599	40312243.762	32345801.225	6697227.521	12652949.029	26350081.741	7706242.176
5896.104	97225764.891	41799046.487	33590930.210	6633816.068	14972986.511	29214462.216	8002373.489
6273.836	69147184.602	35661162.756	30113352.866	6841091.599	13274804.709	28972199.350	8020503.347
4754.342	300806399.989	28489493.972	34250147.950	6710055.564	12045285.400	35800368.812	7948472.383
4806.721	105819809.728	30813267.189	38394306.607	6633816.068	11129038.858	30489201.716	8381280.947
4083.079	133316221.914	33884148.828	36776196.611	6486418.984	12255490.944	58629964.308	7354060.719
4540.762	102436200.399	36425274.862	36776196.611	6415149.721	12473163.505	36549409.397	7510068.056
5252.595	99931029.467	31382091.804	35649376.942	6684448.433	12385173.155	27818754.994	7219094.101
5525.980	133316221.914	47658167.401	39257958.936	6710055.564	12562413.055	43352258.534	7689503.739
5403.094	119957644.897	43960876.052	31189680.366	6684448.433	12473163.505	29214462.216	8225492.151
4986.512	60934855.529	52843223.082	36776196.611	6621277.601	13175185.923	31591985.722	7791039.472
5220.223	112446082.621	42319322.530	50651693.252	6522650.758	12045285.400	52466723.928	7706242.176
5098.829	83640253.933	51250123.378	37167801.490	6534818.132	13274804.709	46839506.056	8020503.347
5797.848	112446082.621	51250123.378	31189680.366	6368500.628	13375941.425	45616381.669	7558169.231
3557.040	200199259.587	42319322.530	4339.384	6633816.068	12255490.944	32173844.196	7462575.254
6307.684	92232077.291	71819401.151	35649376.942	6221468.356	11922588.034	28042037.525	7756897.594
8122.357	61986554.129	67539352.791	33917336.242	6583944.981	11164423.950	38145628.942	7415679.355
7955.479	69147184.602	49032787.419	42612869.478	6522650.758	12170534.425	37733644.305	8149749.572
7527.527	156562834.617	39839872.295	39257958.936	6534818.132	13077051.150	24850680.946	7656244.063
4663.402	89922780.599	46358519.705	37976575.291	6761862.951	13960944.569	27818754.994	7895292.535
5917.039	97225764.891	37222849.240	36017231.960	6697227.521	12980367.473	29460810.806	7558169.231
5928.066	79917902.027	46999360.658	49927181.514	6722932.843	13960944.569	33404319.978	7542067.189
3948.585	85634562.906	38927579.837	40161359.858	6547030.985	15167010.772	33726786.840	7278462.630
4081.452	73385922.163	34928450.325	41597207.122	6596342.324	13905656.344	54091333.934	7308514.584
8697.430	361334076.696	31095078.326	46594769.941	6426918.973	13688814.213	38997189.572	7672837.858
4765.302	79917902.027	57295793.415	34250147.950	6621277.601	13274804.709	36171011.679	7672837.858
5940.016	156562834.617	33884148.828	57304191.218	6801246.547	12170534.425	46839506.056	7791039.472
5221.358	445562040.113	29735316.118	41597207.122	7061737.665	12517629.197	43352258.534	7384741.502
9459.204	59918248.953	27790880.362	49927181.514	6935904.132	12698708.148	41796368.077	7354060.719
4769.675	87726299.090	36039169.037	45383123.371	7019288.889	13224807.719	31030799.024	7723053.644
5823.011	116080472.487	37634879.288	31189680.366	6697227.521	13274804.709	34732656.511	7131835.308
6394.526	116080472.487	29997670.814	28868088.519	6722932.843	12255490.944	35081413.220	7558169.231
4522.561	92232077.291	33549788.217	27076590.238	6608786.442	13427089.891	43352258.534	7558169.231
6653.735	51351090.500	32585160.687	29108833.498	6827758.142	12128496.336	37330463.707	7510068.056
5447.929	45496480.171	513017.278	34250147.950	6908547.724	11842169.131	29966185.680	7791039.472
3952.327	119957644.897	36819743.374	30642067.810	6991272.089	12170534.425	38997189.572	7478339.305
5343.043	66583303.666	41291407.684	32048809.585	6534818.132	12128496.336	28972199.350	7791039.472
4673.232	81736720.252	28975082.205	26065601.906	6788067.806	13175185.923	50204899.982	7431245.695
6105.354	46080221.404	28252752.551	31757222.142	6894950.285	13224807.719	34390765.772	7574340.174
6306.074	52095962.680	30536518.218	30113352.866	6534818.132	12255490.944	61738112.534	7088992.197
6380.142	61986554.129	28019913.244	36776196.611	6761862.951	12341641.881	37330463.707	6909135.948
5025.719	50627218.540	31674453.020	24770752.092	6774940.039	11802365.136	30757616.368	7739938.623
5636.038	33901132.299	27565561.321	35288959.989	6841091.599	12980367.473	32472885.603	7494170.098
4960.173	57983513.233	28489493.972	35288959.989	6841091.599	12429012.602	38145628.942	7248656.806
6746.192	44927343.519	26085135.263	33270746.682	6722932.843	12429012.602	46219853.338	7895292.535
4512.851	65371364.268	40795951.219	45383123.371	6646402.112	12562413.055	42820915.290	7160686.243
5191.380	46080221.404	33884148.828	34589555.770	6646402.112	12128496.336	29711349.356	7574340.174
9015.586	52862762.385	45734919.532	35649376.942	6210438.892	13635656.262	44455510.773	7338815.729
5589.009	57983513.233	30264696.231	45383123.371	6633816.068	12473163.505	31880260.251	7060714.951
3911.716	73385922.163	38056133.186	33590930.210	6474431.009	12744799.442	37733644.305	7293457.651
4787.909	49923471.054	36039169.037	45383123.371	6684448.433	13274804.709	73413754.921	7773931.047
5268.175	69147184.602	29997670.814	28868088.519	6596342.324	12298415.542	38997189.572	7706242.176
4520.119	40840228.104	33884148.828	32345801.225	6254793.062	12004106.638	50204899.982	7623270.865
8330.238	83640253.933	36039169.037	30113352.866	6299785.332	12429012.602	107203526.734	7278462.630
5128.794	73385922.163	31674453.020	40628833.547	6311134.720	12980367.473	88248588.630	7074825.319
5227.345	51351090.500	28019913.244	27721724.152	6299785.332	13077051.150	65194253.174	7656244.063
5163.282	44927343.519	30536518.218	33917336.242	6415149.721	12255490.944	41302262.363	8075389.182
7285.164	53652472.333	40795951.219	34589555.770	6311134.720	12045285.400	40348288.570	8057010.628
5511.412	44372270.134	35291003.803	32048809.585	6462487.264	12473163.505	44455510.773	7723053.644
5386.916	37829029.410	35291003.803	26460800.269	6277208.577	12086747.654	45616381.669	7478339.305
4179.890	59918248.953	33221961.906	92069284.557	6277208.577	12429012.602	54941961.279	7354060.719
3897.790	52862762.385	32585160.687	29353627.623	6311134.720	12298415.542	36935807.918	7478339.305
5836.193	79917902.027	22614985.975	38394306.607	6697227.521	12473163.505	33404319.978	7338815.729
5220.137	35231377.926	40795951.219	34935757.760	6894950.285	12045285.400	49493680.982	7323633.814
6932.569	42282675.175	26699673.696	38821329.980	6391740.060	11882242.515	28733921.401	7384741.502
4541007.061	41790669.848	46999360.658	43679371.200	6380099.182	12385173.155	35437244.824	7860232.885
4431237.534	63075193.665	36819743.374	45383123.371	6345429.574	11922588.034	35081413.220	8149749.572
3701.631	57062254.813	43960876.052	45980966.002	6322525.074	11963208.468	41796368.077	7860232.885
4529196.940	52095962.680	49032787.419	49223104.031	6571594.151	14186564.987	42820915.290	8002373.489
14924.836	4814.267	30813267.189	26065601.906	5916740.178	14479056.915	29214462.216	7930666.345
5325.666	225319204.811	37416.936	25872396.699	5586500.246	13635656.262	31030799.024	7308514.584
3509.652	51351090.500	7956051.248	22678512.048	5857382.547	13582909.573	22311495.360	7278462.630
6204.997	119957644.897	26699673.696	3756890.193	5808820.081	12980367.473	27599000.115	7623270.865
6693.258	240401350.384	8665797.130	29855778.922	6049568.121	14419597.618	28499530.850	7446877.523
37334.407	116080472.487	3508.499	31470892.719	5837860.448	12298415.542	30225431.321	7400178.093
48652.225	180118555.612	28252752.551	2907.948	5977313.164	14479056.915	24675169.306	7590580.462
6329.405	67841028.920	36039169.037	35649376.942	5808820.081	14419597.618	20480432.215	7462575.254
5298.783	99595526.961	45127873.623	35649376.942	5818468.047	13530569.390	22747295.323	7590580.462
9383.036	43830745.126	66223825.368	25309592.312	5704766.341	12698708.148	21098840.355	7773931.047
9654.733	189628779.037	693534.089	31757222.142	5770546.063	12517629.197	30225431.321	7189771.551
6442.084	109032363.596	41291407.684	5361.075	5857382.547	12607518.507	27599000.115	7462575.254
6605.856	112446082.621	36039169.037	16715.587	5886911.741	13635656.262	30489201.716	7446877.523
5836.457	124102767.818	426253.136	40628833.547	5723407.019	13688814.213	27818754.994	6936209.791
6306.313	156562834.617	643886.551	27721724.152	5799204.057	13530569.390	26152835.724	7462575.254
6219.190	257647444.755	40795951.219	35649376.942	6102257.628	15570545.988	33404319.978	7656244.063
7039.022	65227625.245	36819743.374	28398350.676	5732773.115	12698708.148	21755757.021	6922646.399
7068.234	76512754.572	37634879.288	27503290.622	5936794.303	13175185.923	26152835.724	7860232.885
8203.143	128544612.437	39839872.295	139051.518	5789619.817	12473163.505	25209302.685	6909135.948
7797.413	604678553.304	40795951.219	40628833.547	5886911.741	13582909.573	23512733.977	7263529.141
9155.913	223620703.866	3032032.742	28868088.519	5751597.572	15851714.332	27599000.115	7219094.101
8902.896	133316221.914	28730236.425	31189680.366	5723407.019	14846371.526	29966185.680	7160686.243
11404.710	401754171.882	22465554.456	34589555.770	5780067.205	13635656.262	24675169.306	6763928.343
11019.110	277559196.880	27343866.518	27721724.152	5613355.101	14660413.828	28499530.850	7400178.093
14763.077	212017770.076	32275827.864	50341.512	5622364.187	13375941.425	23512733.977	7773931.047
18895.368	94663109.839	31674453.020	47872888.701	5732773.115	14419597.618	28972199.350	7984325.410
16792.086	119957644.897	5454389.695	23439988.292	5956984.833	16368990.571	29460810.806	7175199.422
23880.454	727096345.552	2306075.730	21038226.924	6028746.209	13905656.344	32173844.196	7510068.056
32832.135	57062254.813	57295793.415	24596201.373	6232537.066	13582909.573	29460810.806	7278462.630
35270.880	240401350.384	59294246.871	21294929.212	5997780.712	14660413.828	43896953.800	7431245.695
171684.517	74916726.068	44536731.429	26261714.390	6188496.868	14599458.827	50204899.982	7462575.254
172227.849	69147184.602	33884148.828	23759091.839	6356944.168	12744799.442	41796368.077	7369369.177
3857.774	73385922.163	35560.380	28631293.045	6243645.231	13175185.923	33726786.840	7526033.609
3466.005	78178267.056	1010581.530	23759091.839	6311134.720	14479056.915	38145628.942	7431245.695
3734.129	133316221.914	178893.931	29855778.922	6188496.868	14072850.532	20011208.541	7384741.502
3871.160	52862762.385	52034482.409	52214.377	6112905.859	14846371.526	23833530.007	6725379.532
3860.960	49923471.054	40312243.762	41107318.081	5742169.916	14360624.672	21892079.888	7354060.719
4160.656	64202755.258	35661162.756	28868088.519	6060033.105	14539008.604	25209302.685	7338815.729
4121.788	79917902.027	36039169.037	23921924.061	5877035.650	14419597.618	26960084.731	7623270.865
15934.360	49923471.054	2948.799	22678512.048	6166709.345	13688814.213	25578426.566	7791039.472
4577.114	85634562.906	33549788.217	759446.541	6008067.140	14909410.211	28499530.850	7323633.814
4930.249	69147184.602	22961.034	24947797.970	6049568.121	15433669.333	23672045.211	7338815.729
5072.859	102791148.414	40312243.762	30410.448	5977313.164	15923600.256	37330463.707	7088992.197
5378.173	445562040.113	34225241.072	30332.489	5906763.836	14721879.956	36935807.918	7308514.584
6001.892	105819809.728	38927579.837	83414.414	5967131.685	14244114.155	29460810.806	7248656.806
6160.886	94663109.839	32275827.864	66394.234	6368500.628	13742388.253	43896953.800	7103215.925
7043.705	73385922.163	16864.753	27076590.238	6210438.892	13742388.253	28733921.401	7263529.141
7594.594	65371364.268	49032787.419	9170.085	5987529.447	14244114.155	31308877.869	7623270.865
8083.243	52862762.385	6158.795	28398350.676	6049568.121	17085838.542	36171011.679	7791039.472
7770.588	73385922.163	38486924.174	74617.917	6134314.196	13796383.287	34390765.772	7756897.594
9643.799	144007406.766	49750269.012	91414.384	6091646.429	16293036.635	28042037.525	7462575.254
9874.615	83640253.933	895819.578	28398350.676	6123591.316	13530569.390	29711349.356	7338815.729
8546.921	144007406.766	39839872.295	29108833.498	6155873.011	15433669.333	25209302.685	7574340.174
10690.924	604678553.304	32585160.687	32048809.585	6049568.121	13742388.253	26960084.731	7558169.231
9936.705	112446082.621	44536731.429	19382044.256	6391740.060	13796383.287	28042037.525	7966358.557
18314.137	70504622.943	37222849.240	2202074.833	6299785.332	15639898.809	25392523.234	7510068.056
17738.279	200199259.587	46358519.705	27943655.095	6232537.066	14660413.828	25767072.038	7338815.729
442393.382	83640253.933	63740748.490	233507.015	6188496.868	13582909.573	25209302.685	7103215.925
82489.734	67841028.920	30536518.218	29108833.498	6060033.105	13905656.344	28268933.335	7369369.177
35328.838	79917902.027	13473639.560	21038226.924	5956984.833	15570545.988	34390765.772	7233845.250
574461.941	70504622.943	32585160.687	5051998.099	6299785.332	13960944.569	29214462.216	7354060.719
74104.041	50627218.540	31382091.804	23439988.292	5946872.431	14186564.987	30225431.321	7590580.462
727435.746	116080472.487	38056133.186	25682034.595	6102257.628	15501805.521	31030799.024	7739938.623
3896.360	76512754.572	44536731.429	7449.097	6498451.435	14302132.133	34390765.772	7415679.355
3418.673	58935006.851	41291407.684	853729427.012	6221468.356	14419597.618	31880260.251	7723053.644
3537.930	42282675.175	639887.512	30375409.807	5977313.164	13850804.297	35081413.220	7706242.176
3710.136	257647444.755	35291003.803	27943655.095	6134314.196	16445655.980	26350081.741	7739938.623
29704.185	65371364.268	3018.240	30375409.807	6018388.911	16601161.578	24331479.896	7558169.231
8621.540	3911.286	40312243.762	30113352.866	5916740.178	14909410.211	28042037.525	7248656.806
4441.673	56169812.974	30813267.189	36620.088	5906763.836	16217784.312	23355552.715	7384741.502
4307.912	60934855.529	38486924.174	959955.598	6155873.011	14302132.133	23047411.501	7825483.228
4535.836	76512754.572	43960876.052	26662927.682	6039139.217	14244114.155	29460810.806	7966358.557
4474.040	69147184.602	42852713.652	1049110.508	5977313.164	17959740.493	25767072.038	7574340.174
5282.685	83640253.933	43399722.089	79716.724	5997780.712	15570545.988	35081413.220	7431245.695
5480.417	78178267.056	948553.952	23921924.061	6039139.217	16069345.979	31030799.024	6922646.399
5498.960	102791148.414	48335706.175	24596201.373	6188496.868	15851714.332	32472885.603	7446877.523
6285.861	58935006.851	173118.851	24770752.092	6450587.504	14129478.969	34390765.772	6909135.948
5837.602	67841028.920	5950815.988	22826823.417	6299785.332	16217784.312	31591985.722	7912939.906
6716.595	71916424.636	51250123.378	25309592.312	6243645.231	14599458.827	38145628.942	7930666.345
7131.216	50627218.540	34928450.325	27076590.238	6380099.182	15433669.333	28733921.401	7895292.535
7704.906	50627218.540	25121447.157	25309592.312	6254793.062	15433669.333	33726786.840	7462575.254
10651.006	81736720.252	34225241.072	4361.158	6288476.691	16840013.377	28733921.401	7656244.063
8880.899	76512754.572	32275827.864	16754.823	6333956.617	16523042.904	25028707.261	7510068.056
11396.090	297601.081	36819743.374	5140.661	6091646.429	15709872.204	25958520.774	7278462.630
10945.524	89922780.599	38056133.186	151178362.217	6060033.105	15501805.521	29214462.216	7478339.305
14493.570	54466134.854	36819743.374	28398350.676	5967131.685	16445655.980	30489201.716	7526033.609
19056.021	52095962.680	4036302.991	23283629.439	6018388.911	15366129.492	29460810.806	7542067.189
31863.471	94663109.839	43960876.052	24424093.436	6356944.168	17169382.941	29214462.216	7293457.651
20712.820	65371364.268	36819743.374	3243676.966	6210438.892	14599458.827	23200458.994	7510068.056
20895.988	97225764.891	42852713.652	23598461.368	6049568.121	15433669.333	28733921.401	8401170.459
38857.623	57062254.813	46358519.705	39257958.936	5967131.685	15501805.521	25578426.566	7606890.543
113792.602	45496480.171	63740748.490	1299467.052	5789619.817	18145359.300	28733921.401	7656244.063
219648.337	39932056.646	10418393.739	24596201.373	6081072.070	15299178.203	25392523.234	7494170.098
13855.430	44372270.134	54548.862	31189680.366	6356944.168	14972986.511	29966185.680	7323633.814
3313.187	77972779.923	107892.336	26662927.682	5987529.447	11922588.034	31030799.024	7558169.231
3358.586	59918248.953	61437149.091	394847.124	5886911.741	13478631.032	40348288.570	7948472.383
3575.285	67841028.920	46358519.705	26460800.269	5818468.047	14539008.604	36549409.397	7590580.462
4017.728	36700.037	51250123.378	21827597.116	5956984.833	16069345.979	27599000.115	7248656.806
4075.220	67841028.920	37536.320	30375409.807	6018388.911	17085838.542	25578426.566	7219094.101
3903.990	55304856.482	11590435.866	37976575.291	5818468.047	13635656.262	23355552.715	7233845.250
34418.683	46679136.677	30536518.218	23759091.839	5704766.341	13582909.573	24502119.434	7510068.056
33062.453	47924919.147	32900480.203	23129342.778	5677031.884	13960944.569	25392523.234	7656244.063
121777.698	39063396.901	48335706.175	23439988.292	5658691.578	14072850.532	26350081.741	6990999.046
55551.439	48573083.403	35291003.803	28398350.676	5388847.534	15639898.809	26753636.312	6539043.758
14849.243	171516686.136	26911005.385	26261714.390	5595423.268	15433669.333	23997233.156	6990999.046
22468.562	51351090.500	43960876.052	22977087.388	5604374.841	13224807.719	23355552.715	7415679.355
21905.848	49923471.054	37634879.288	29108833.498	5568739.307	14599458.827	24850680.946	7542067.189
42282.324	34224186.470	27790880.362	22678512.048	5559901.120	15101779.705	26550325.647	7103215.925
37449.214	43302278.437	36819743.374	27721724.152	5551090.943	14660413.828	22896370.004	7354060.719
68744.973	38643086.795	33221961.906	27288272.478	5498810.701	14846371.526	23997233.156	7510068.056
701927.130	39932056.646	41799046.487	27076590.238	5498810.701	15299178.203	32173844.196	6882272.637
88265.687	41309982.864	32585160.687	12956.841	5516127.687	13850804.297	27599000.115	6699923.507
37916.004	45496480.171	40795951.219	23129342.778	5577605.637	14599458.827	39887638.719	7189771.551
25399.551	67841028.920	36425274.862	22244920.236	5704766.341	14972986.511	27818754.994	7004831.871
184743.211	40381036.815	38927579.837	27076590.238	5568739.307	13796383.287	22454894.713	7526033.609
23961.448	38231725.220	33221961.906	28631293.045	5770546.063	13796383.287	28733921.401	7526033.609
35602.937	49923471.054	33884148.828	27503290.622	5780067.205	14302132.133	32472885.603	7656244.063
675123.568	70504622.943	2989.925	24770752.092	5533554.088	14539008.604	37733644.305	7293457.651
357483.662	66583303.666	32275827.864	25127392.893	5742169.916	15232807.805	31880260.251	6829167.859
24039.840	61986554.129	58277892.538	29602573.916	5667846.894	15639898.809	28499530.850	7175199.422
99672.733	87726299.090	40312243.762	25494453.297	5640469.391	15232807.805	28268933.335	6842367.074
31290.667	57062254.813	29735316.118	29353627.623	5704766.341	16759636.085	31880260.251	7278462.630
21369.714	54466134.854	43399722.089	30375409.807	5516127.687	15780474.539	29214462.216	7308514.584
30521.528	71916424.636	49750269.012	28169168.126	5380570.715	14660413.828	29966185.680	7074825.319
211178.300	41790669.848	43399722.089	25309592.312	5388847.534	15501805.521	28499530.850	7756897.594
355658.462	57983513.233	39378442.935	28169168.126	5649565.791	15232807.805	26960084.731	7189771.551
12722.227	34224186.470	52034482.409	26261714.390	5751597.572	14909410.211	34732656.511	6816019.470
12700.841	44927343.519	407660168.563	26065601.906	6277208.577	16759636.085	41796368.077	7117496.847
42863.558	42786403.362	56346246.394	25127392.893	5704766.341	15709872.204	31591985.722	7415679.355
63872.439	41790669.848	53677500.193	21691947.403	5742169.916	14129478.969	46839506.056	6751029.732
42637.924	58935006.851	43960876.052	26662927.682	6028746.209	12341641.881	33726786.840	7175199.422
61568.013	42786403.362	59294246.871	25494453.297	5926750.277	14016674.196	36935807.918	6895678.130
659277.405	42282675.175	47658167.401	33270746.682	5906763.836	14909410.211	36549409.397	6855617.410
241889.271	37434728.390	29224137.123	23921924.061	5742169.916	13960944.569	34732656.511	7204402.990
11436.466	41309982.864	60346680.434	24947797.970	5956984.833	16921165.345	25028707.261	7088992.197
25770.719	37829029.410	48335706.175	27503290.622	5732773.115	13905656.344	25767072.038	7146231.656
20423.151	58935006.851	80300645.325	30642067.810	5808820.081	13427089.891	28733921.401	7639721.886
26236.228	138455734.831	50489059.787	22678512.048	5877035.650	14721879.956	26960084.731	6776876.338
25760.807	47293825.442	46999360.658	23759091.839	5977313.164	12607518.507	46219853.338	7384741.502
34459.546	63075193.665	37634879.288	26868166.866	5808820.081	12652949.029	27599000.115	7293457.651
175067.293	61986554.129	38056133.186	22977087.388	5780067.205	14244114.155	27169744.108	7308514.584
68581.185	53652472.333	61437149.091	25872396.699	5828148.116	15167010.772	25578426.566	7542067.189
21732.532	39492950.740	56346246.394	28398350.676	6049568.121	14660413.828	25392523.234	7338815.729
16706.868	73385922.163	43399722.089	24596201.373	5857382.547	15709872.204	26152835.724	7204402.990
30237.739	64202755.258	49750269.012	27288272.478	5896821.080	15037107.334	28499530.850	7526033.609
31792.794	49923471.054	34928450.325	26662927.682	5622364.187	14360624.672	31308877.869	7510068.056
251096.791	54466134.854	45127873.623	27503290.622	6049568.121	15780474.539	30225431.321	7590580.462
165855.420	64202755.258	86424212.228	27503290.622	5946872.431	14660413.828	30757616.368	7074825.319
93994.441	71916424.636	1836475.069	44800627.453	5799204.057	16445655.980	28499530.850	7739938.623
25934.595	20057283.344	52034482.409	802024.938	5808820.081	14302132.133	31030799.024	7590580.462
50745.441	41309982.864	59294246.871	32956609.401	5916740.178	14360624.672	31308877.869	7791039.472
15015.819	44372270.134	154175.928	32648348.706	5751597.572	14479056.915	31880260.251	8002373.489
50392.293	74916726.068	51250123.378	25872396.699	5926750.277	14660413.828	29214462.216	7369369.177
68085.153	67841028.920	54538542.633	23921924.061	5568739.307	13478631.032	28733921.401	7146231.656
74485.972	138455734.831	61437149.091	26065601.906	5524827.146	15167010.772	29711349.356	7004831.871
266017.227	57062254.813	52843223.082	26065601.906	5877035.650	15232807.805	27818754.994	8038715.539
371120.222	150022887.861	48335706.175	25494453.297	5886911.741	17169382.941	31880260.251	7354060.719
14752.197	78178267.056	40795951.219	34589555.770	5837860.448	14783863.667	41302262.363	7756897.594
20216.646	61986554.129	36425274.862	26460800.269	5926750.277	13850804.297	35081413.220	7103215.925
51702.874	63075193.665	46358519.705	24947797.970	5967131.685	14302132.133	56726082.826	7446877.523
1004893.719	43302278.437	34225241.072	27288272.478	5704766.341	14129478.969	33404319.978	7338815.729
54844.646	41309982.864	43399722.089	22532115.467	5742169.916	14072850.532	45616381.669	7004831.871
199642.539	65371364.268	8146688.347	23129342.778	5886911.741	14129478.969	40819702.534	7478339.305
137005.896	52862762.385	42319322.530	25872396.699	5761056.237	14479056.915	40819702.534	7656244.063
15634.238	49923471.054	43399722.089	7366.856	5568739.307	13224807.719	30225431.321	7656244.063
20505.515	56169812.974	28489493.972	25682034.595	5649565.791	12744799.442	34390765.772	7689503.739
15250.140	67841028.920	31972312.842	29353627.623	5695491.461	14360624.672	26960084.731	7623270.865
16804.888	50627218.540	36425274.862	28868088.519	5770546.063	13850804.297	26960084.731	7739938.623
22981.368	69147184.602	34573270.305	27943655.095	5896821.080	15433669.333	32173844.196	7706242.176
31192.027	49923471.054	34928450.325	26662927.682	5799204.057	14072850.532	25578426.566	7462575.254
295767.958	66583303.666	31095078.326	28868088.519	5977313.164	15232807.805	31591985.722	7912939.906
2351761.053	51351090.500	38056133.186	26868166.866	5997780.712	13905656.344	25578426.566	7558169.231
23819.211	40840228.104	22465554.456	25309592.312	5946872.431	14972986.511	27599000.115	7706242.176
11654.674	70504622.943	26699673.696	6162.696	5723407.019	13175185.923	35800368.812	7984325.410
128394.733	105819809.728	31972312.842	29353627.623	5877035.650	14972986.511	39437388.466	7060714.951
32912.800	105819809.728	38486924.174	54614337.161	5867192.641	14972986.511	37330463.707	7542067.189
100382.280	105819809.728	38056133.186	30113352.866	6081072.070	12980367.473	41796368.077	7354060.719
206728.615	63075193.665	40312243.762	32345801.225	5780067.205	13224807.719	32173844.196	7689503.739
864473.069	128544612.437	23555056.578	132611.671	5770546.063	13960944.569	33404319.978	7542067.189
15108.507	94663109.839	36425274.862	31470892.719	5926750.277	12212864.940	38145628.942	8381280.947
14079.409	61986554.129	36039169.037	41597207.122	5732773.115	13742388.253	32777538.072	7574340.174
78753.766	74916726.068	29477510.657	30913449.124	5789619.817	13077051.150	30489201.716	7462575.254
17673.293	65371364.268	29997670.814	34935757.760	6028746.209	12698708.148	34055540.224	6868919.164
40364.877	49239020.322	26699673.696	32956609.401	5867192.641	14302132.133	33087961.025	7542067.189
62245.806	70504622.943	28489493.972	30113352.866	6049568.121	13028529.943	34732656.511	7808223.366
38627.069	112446082.621	28730236.425	30642067.810	5732773.115	14016674.196	31030799.024	7526033.609
89896.862	92232077.291	27790880.362	25872396.699	6232537.066	15167010.772	34732656.511	8149749.572
39280.074	70504622.943	36039169.037	33270746.682	5837860.448	12791226.541	28733921.401	7672837.858
17363.858	189628779.037	29735316.118	29353627.623	6028746.209	12517629.197	43896953.800	7510068.056
52885.968	70504622.943	36819743.374	22977087.388	5667846.894	12517629.197	42302439.067	7323633.814
106659.439	52862762.385	43399722.089	25872396.699	6070534.358	13688814.213	52466723.928	7160686.243
43780.581	67841028.920	55427659.432	26662927.682	5808820.081	14186564.987	45028465.412	7510068.056
28431.432	54466134.854	28489493.972	25127392.893	5761056.237	15639898.809	34390765.772	7233845.250
1004024.685	44927343.519	51250123.378	30113352.866	5857382.547	15923600.256	29966185.680	7175199.422
16523.384	47924919.147	38486924.174	32345801.225	5916740.178	15167010.772	34055540.224	7623270.865
25721.997	50627218.540	55427659.432	26662927.682	5896821.080	14072850.532	33087961.025	7478339.305
13787.966	52862762.385	74987428.967	24947797.970	5886911.741	15037107.334	38997189.572	7046660.755
54141.302	47924919.147	728141.429	1025681.086	6199448.465	14016674.196	37330463.707	7278462.630
28286.196	44372270.134	45127873.623	28169168.126	6018388.911	16601161.578	24331479.896	7478339.305
59033.290	48573083.403	40795951.219	30642067.810	5695491.461	12744799.442	33726786.840	7930666.345
