3700.000	7.000	5.000	0.000	1.000	7652.588
3701.000	9.000	7.000	0.000	1.000	8655.845
3702.000	3.000	1.000	0.000	1.000	9343.095
3703.000	6.000	3.000	0.000	1.000	9720.567
3704.000	3.000	1.000	0.000	1.000	11392.877
3705.000	11.000	1.000	7.000	1.000	11821.641
3706.000	47.000	4.000	31.000	1.000	13361.387
3707.000	24.000	2.000	16.000	1.000	15247.466
3708.000	91.000	7.000	63.000	1.000	16252.689
3709.000	98.000	7.000	70.000	1.000	18447.902
3710.000	65.000	5.000	45.000	1.000	24988.333
3711.000	27.000	2.000	19.000	1.000	25290.140
3712.000	40.000	2.000	30.000	1.000	39287.632
3713.000	16.000	1.000	12.000	1.000	42243.656
3714.000	5.000	0.000	3.000	1.000	68411.917
3715.000	7.000	0.000	5.000	1.000	171467.764
3716.000	6.000	4.000	0.000	1.000	8716.536
3717.000	7.000	5.000	0.000	1.000	9575.321
3718.000	3.000	1.000	0.000	1.000	10382.754
3719.000	5.000	3.000	0.000	1.000	10462.488
3720.000	174.000	14.000	118.000	1.000	11458.526
3721.000	123.000	9.000	87.000	1.000	12665.517
3722.000	24.000	2.000	16.000	1.000	14243.968
3723.000	12.000	1.000	8.000	1.000	16761.593
3724.000	36.000	3.000	24.000	1.000	18658.943
3725.000	57.000	4.000	40.000	1.000	23998.320
3726.000	1.000	0.000	0.000	1.000	26832.821
3727.000	59.000	4.000	40.000	1.000	38430.264
3728.000	6.000	0.000	4.000	1.000	44640.319
3729.000	7.000	0.000	5.000	1.000	100980.344
3730.000	7.000	0.000	5.000	1.000	404233.583
3731.000	9.000	7.000	0.000	1.000	7547.715
3732.000	5.000	3.000	0.000	1.000	9574.435
3733.000	34.000	6.000	22.000	1.000	10121.065
3734.000	3.000	1.000	0.000	1.000	11181.115
3735.000	3.000	1.000	0.000	1.000	11648.295
3736.000	11.000	1.000	7.000	1.000	13232.253
3737.000	210.000	16.000	146.000	1.000	14691.736
3738.000	101.000	8.000	69.000	1.000	15947.969
3739.000	14.000	1.000	10.000	1.000	19971.089
3740.000	3.000	0.000	1.000	1.000	22787.091
3741.000	8.000	0.000	6.000	1.000	26551.071
3742.000	43.000	3.000	29.000	1.000	37043.854
3743.000	14.000	1.000	10.000	1.000	45852.249
3744.000	8.000	0.000	6.000	1.000	76457.959
3745.000	8.000	0.000	6.000	1.000	794662.644
3746.000	8.000	6.000	0.000	1.000	8288.800
3747.000	12.000	10.000	0.000	1.000	8511.909
3748.000	5.000	3.000	0.000	1.000	9860.040
3749.000	5.000	3.000	0.000	1.000	10551.903
3750.000	12.000	1.000	7.000	1.000	12333.231
3751.000	180.000	13.000	128.000	1.000	12664.009
3752.000	33.000	3.000	21.000	1.000	15454.094
3753.000	11.000	1.000	7.000	1.000	16870.935
3754.000	6.000	0.000	4.000	1.000	20639.091
3755.000	196.000	14.000	138.000	1.000	24339.273
3756.000	80.000	6.000	56.000	1.000	26368.519
3757.000	15.000	1.000	10.000	1.000	41422.448
3758.000	22.000	1.000	16.000	1.000	54479.026
3759.000	15.000	1.000	10.000	1.000	120017.887
3760.000	8.000	0.000	6.000	1.000	242999.179
3761.000	7.000	5.000	0.000	1.000	8087.994
3762.000	8.000	6.000	0.000	1.000	8400.466
3763.000	8.000	6.000	0.000	1.000	9518.657
3764.000	36.000	3.000	24.000	1.000	11383.440
3765.000	3.000	1.000	0.000	1.000	12077.535
3766.000	39.000	3.000	26.000	1.000	13774.340
3767.000	146.000	11.000	102.000	1.000	15200.208
3768.000	165.000	12.000	117.000	1.000	17034.001
3769.000	25.000	2.000	17.000	1.000	18961.960
3770.000	62.000	5.000	42.000	1.000	24401.795
3771.000	29.000	2.000	20.000	1.000	30979.665
3772.000	20.000	1.000	14.000	1.000	36930.400
3773.000	14.000	1.000	10.000	1.000	46722.653
3774.000	9.000	0.000	6.000	1.000	102179.689
3775.000	1.000	0.000	0.000	1.000	389704.121
3776.000	9.000	7.000	0.000	1.000	8250.707
3777.000	9.000	7.000	0.000	1.000	8877.320
3778.000	7.000	5.000	0.000	1.000	9412.066
3779.000	9.000	5.000	1.000	1.000	9620.100
3780.000	33.000	3.000	21.000	1.000	11671.901
3781.000	23.000	2.000	15.000	1.000	13278.883
3782.000	51.000	4.000	35.000	1.000	14326.308
3783.000	175.000	12.000	127.000	1.000	16310.570
3784.000	38.000	3.000	25.000	1.000	20288.494
3785.000	38.000	3.000	26.000	1.000	24208.107
3786.000	2.000	0.000	0.000	1.000	31212.961
3787.000	9.000	0.000	5.000	1.000	39697.979
3788.000	33.000	2.000	23.000	1.000	58526.201
3789.000	15.000	1.000	11.000	1.000	72099.234
3790.000	8.000	0.000	6.000	1.000	225732.512
3791.000	9.000	7.000	0.000	1.000	7784.355
3792.000	9.000	7.000	0.000	1.000	8841.872
3793.000	6.000	4.000	0.000	1.000	9580.934
3794.000	6.000	4.000	0.000	1.000	10168.492
3795.000	5.000	3.000	0.000	1.000	11104.359
3796.000	74.000	6.000	50.000	1.000	12880.607
3797.000	26.000	2.000	18.000	1.000	14986.828
3798.000	278.000	21.000	194.000	1.000	16283.618
3799.000	39.000	3.000	27.000	1.000	20569.571
3800.000	35.000	3.000	23.000	1.000	22032.127
3801.000	52.000	4.000	36.000	1.000	27547.598
3802.000	4.000	0.000	2.000	1.000	31541.287
3803.000	33.000	2.000	23.000	1.000	48655.553
3804.000	9.000	0.000	7.000	1.000	65117.947
3805.000	3.000	0.000	1.000	1.000	201272.933
3806.000	9.000	7.000	0.000	1.000	8137.934
3807.000	11.000	9.000	0.000	1.000	8885.005
3808.000	7.000	5.000	0.000	1.000	9179.810
3809.000	13.000	5.000	5.000	1.000	9700.255
3810.000	4.000	2.000	0.000	1.000	10555.453
3811.000	4.000	2.000	0.000	1.000	11907.269
3812.000	51.000	4.000	35.000	1.000	14117.814
3813.000	12.000	1.000	8.000	1.000	16537.727
3814.000	1.000	0.000	0.000	1.000	20170.485
3815.000	1.000	0.000	0.000	1.000	23911.953
3816.000	46.000	3.000	31.000	1.000	26316.516
3817.000	13.000	1.000	9.000	1.000	31323.602
3818.000	7.000	0.000	5.000	1.000	62453.491
3819.000	8.000	0.000	6.000	1.000	73145.903
3820.000	10.000	0.000	8.000	1.000	943554.048
3821.000	7.000	5.000	0.000	1.000	8120.573
3822.000	9.000	7.000	0.000	1.000	8855.612
3823.000	9.000	7.000	0.000	1.000	9506.993
3824.000	5.000	3.000	0.000	1.000	10258.225
3825.000	73.000	9.000	48.000	1.000	11380.571
3826.000	3.000	1.000	0.000	1.000	12127.767
3827.000	4.000	2.000	0.000	1.000	12928.022
3828.000	1.000	0.000	0.000	1.000	16726.309
3829.000	12.000	1.000	8.000	1.000	18906.256
3830.000	1.000	0.000	0.000	1.000	24741.238
3831.000	1.000	0.000	0.000	1.000	28447.452
3832.000	6.000	0.000	4.000	1.000	34044.379
3833.000	23.000	1.000	16.000	1.000	56036.854
3834.000	10.000	0.000	6.000	1.000	118328.617
3835.000	9.000	0.000	7.000	1.000	174057.859
3836.000	10.000	8.000	0.000	1.000	8066.124
3837.000	12.000	10.000	0.000	1.000	8647.796
3838.000	6.000	4.000	0.000	1.000	9276.739
3839.000	7.000	5.000	0.000	1.000	10324.899
3840.000	3.000	1.000	0.000	1.000	11028.600
3841.000	6.000	1.000	2.000	1.000	11396.985
3842.000	11.000	1.000	7.000	1.000	13207.694
3843.000	41.000	3.000	28.000	1.000	15492.514
3844.000	2.000	0.000	0.000	1.000	20771.662
3845.000	1.000	0.000	0.000	1.000	23270.007
3846.000	3.000	0.000	1.000	1.000	26406.087
3847.000	59.000	4.000	41.000	1.000	34003.129
3848.000	8.000	0.000	6.000	1.000	50685.202
3849.000	14.000	1.000	10.000	1.000	67335.183
3850.000	9.000	0.000	7.000	1.000	352839.111
3851.000	7.000	5.000	0.000	1.000	7401.521
3852.000	7.000	5.000	0.000	1.000	8619.132
3853.000	13.000	5.000	5.000	1.000	8968.815
3854.000	7.000	1.000	3.000	1.000	9971.377
3855.000	4.000	2.000	0.000	1.000	11194.999
3856.000	3.000	1.000	0.000	1.000	11453.961
3857.000	24.000	2.000	16.000	1.000	12742.884
3858.000	5.000	1.000	1.000	1.000	14099.879
3859.000	1.000	0.000	0.000	1.000	16910.321
3860.000	138.000	10.000	96.000	1.000	21335.476
3861.000	15.000	1.000	9.000	1.000	28986.929
3862.000	19.000	1.000	13.000	1.000	36958.699
3863.000	14.000	1.000	10.000	1.000	45277.486
3864.000	8.000	0.000	6.000	1.000	93107.571
3865.000	12.000	0.000	10.000	1.000	248046.042
3866.000	8.000	6.000	0.000	1.000	7825.583
3867.000	9.000	7.000	0.000	1.000	8601.246
3868.000	5.000	3.000	0.000	1.000	9385.556
3869.000	5.000	3.000	0.000	1.000	9814.058
3870.000	7.000	1.000	3.000	1.000	10537.726
3871.000	3.000	1.000	0.000	1.000	12185.400
3872.000	4.000	1.000	0.000	1.000	12775.516
3873.000	38.000	3.000	26.000	1.000	13939.208
3874.000	251.000	19.000	175.000	1.000	15870.791
3875.000	34.000	3.000	22.000	1.000	19787.385
3876.000	5.000	0.000	3.000	1.000	25215.454
3877.000	8.000	0.000	5.000	1.000	32175.549
3878.000	19.000	1.000	13.000	1.000	49751.521
3879.000	16.000	1.000	12.000	1.000	96477.542
3880.000	10.000	0.000	8.000	1.000	1798893.401
3881.000	7.000	5.000	0.000	1.000	8114.946
3882.000	6.000	4.000	0.000	1.000	8772.771
3883.000	5.000	3.000	0.000	1.000	9524.207
3884.000	6.000	3.000	0.000	1.000	9706.007
3885.000	74.000	8.000	48.000	1.000	10538.788
3886.000	3.000	1.000	0.000	1.000	12133.785
3887.000	11.000	1.000	7.000	1.000	13282.737
3888.000	265.000	21.000	181.000	1.000	14526.406
3889.000	116.000	9.000	80.000	1.000	16288.512
3890.000	104.000	8.000	72.000	1.000	20621.023
3891.000	25.000	2.000	17.000	1.000	21572.251
3892.000	19.000	1.000	13.000	1.000	40226.539
3893.000	14.000	1.000	10.000	1.000	51065.386
3894.000	1.000	0.000	0.000	1.000	73696.472
3895.000	8.000	0.000	6.000	1.000	423473.617
3896.000	5.000	3.000	0.000	1.000	8329.495
3897.000	7.000	5.000	0.000	1.000	8856.886
3898.000	4.000	2.000	0.000	1.000	9054.125
3899.000	7.000	3.000	1.000	1.000	9815.915
3900.000	3.000	1.000	0.000	1.000	11236.848
3901.000	45.000	4.000	29.000	1.000	12184.933
3902.000	102.000	8.000	70.000	1.000	13197.895
3903.000	24.000	2.000	16.000	1.000	14211.913
3904.000	1.000	0.000	0.000	1.000	17760.309
3905.000	13.000	1.000	8.000	1.000	19988.064
3906.000	2.000	0.000	0.000	1.000	21784.029
3907.000	18.000	1.000	12.000	1.000	26010.693
3908.000	7.000	0.000	5.000	1.000	46283.408
3909.000	23.000	1.000	17.000	1.000	65316.913
3910.000	8.000	0.000	6.000	1.000	152005.955
3911.000	7.000	5.000	0.000	1.000	8016.368
3912.000	6.000	4.000	0.000	1.000	8703.692
3913.000	6.000	4.000	0.000	1.000	9441.304
3914.000	6.000	4.000	0.000	1.000	9875.041
3915.000	3.000	1.000	0.000	1.000	10572.168
3916.000	205.000	16.000	140.000	1.000	12138.418
3917.000	110.000	8.000	76.000	1.000	13852.720
3918.000	132.000	11.000	88.000	1.000	14834.121
3919.000	52.000	4.000	36.000	1.000	17876.804
3920.000	47.000	4.000	30.000	1.000	19417.040
3921.000	38.000	3.000	26.000	1.000	23230.900
3922.000	1.000	0.000	0.000	1.000	28457.128
3923.000	25.000	1.000	19.000	1.000	35211.316
3924.000	8.000	0.000	6.000	1.000	81295.900
3925.000	10.000	0.000	8.000	1.000	374961.692
3926.000	7.000	5.000	0.000	1.000	8312.946
3927.000	11.000	9.000	0.000	1.000	8600.764
3928.000	6.000	3.000	0.000	1.000	9205.781
3929.000	43.000	5.000	29.000	1.000	9926.937
3930.000	3.000	1.000	0.000	1.000	10995.500
3931.000	5.000	1.000	1.000	1.000	11598.381
3932.000	34.000	3.000	22.000	1.000	13435.867
3933.000	138.000	10.000	97.000	1.000	15273.362
3934.000	102.000	8.000	70.000	1.000	17054.488
3935.000	13.000	1.000	9.000	1.000	19330.245
3936.000	1.000	0.000	0.000	1.000	22154.545
3937.000	7.000	0.000	5.000	1.000	28115.146
3938.000	36.000	2.000	26.000	1.000	32625.156
3939.000	17.000	1.000	13.000	1.000	57959.739
3940.000	10.000	0.000	8.000	1.000	409964.997
3941.000	6.000	4.000	0.000	1.000	8102.851
3942.000	55.000	8.000	35.000	1.000	8681.302
3943.000	6.000	4.000	0.000	1.000	9617.420
3944.000	5.000	3.000	0.000	1.000	9902.970
3945.000	11.000	1.000	7.000	1.000	10901.855
3946.000	171.000	14.000	115.000	1.000	12453.307
3947.000	12.000	1.000	8.000	1.000	12575.145
3948.000	12.000	1.000	8.000	1.000	14966.708
3949.000	76.000	6.000	52.000	1.000	16117.301
3950.000	24.000	2.000	16.000	1.000	19971.089
3951.000	12.000	1.000	8.000	1.000	24702.659
3952.000	12.000	1.000	8.000	1.000	29567.709
3953.000	27.000	2.000	19.000	1.000	31725.973
3954.000	7.000	0.000	5.000	1.000	49161.949
3955.000	11.000	0.000	8.000	1.000	114135.120
3700.000	7.000	5.000	0.000	1.000	8310.005
3701.000	1.000	0.000	0.000	1.000	8870.669
3702.000	5.000	3.000	0.000	1.000	9181.719
3703.000	1.000	0.000	0.000	1.000	9983.823
3704.000	1.000	0.000	0.000	1.000	10561.493
3705.000	1.000	0.000	0.000	1.000	11759.824
3706.000	109.000	8.000	75.000	1.000	13600.488
3707.000	231.000	17.000	163.000	1.000	14354.386
3708.000	266.000	19.000	190.000	1.000	17110.849
3709.000	14.000	1.000	10.000	1.000	19798.100
3710.000	16.000	1.000	11.000	1.000	24750.441
3711.000	13.000	1.000	9.000	1.000	30643.069
3712.000	28.000	2.000	20.000	1.000	33064.524
3713.000	5.000	0.000	1.000	1.000	62056.576
3714.000	1.000	0.000	0.000	1.000	90461.128
3715.000	1.000	0.000	0.000	1.000	230542.366
3716.000	8.000	6.000	0.000	1.000	8551.823
3717.000	3.000	1.000	0.000	1.000	9587.145
3718.000	4.000	2.000	0.000	1.000	10101.754
3719.000	1.000	0.000	0.000	1.000	10891.292
3720.000	27.000	2.000	19.000	1.000	11942.661
3721.000	73.000	5.000	53.000	1.000	12997.926
3722.000	82.000	6.000	58.000	1.000	15485.111
3723.000	88.000	6.000	63.000	1.000	17525.098
3724.000	109.000	8.000	77.000	1.000	20531.146
3725.000	14.000	1.000	10.000	1.000	24535.025
3726.000	63.000	5.000	42.000	1.000	27611.321
3727.000	29.000	2.000	19.000	1.000	33399.275
3728.000	14.000	1.000	10.000	1.000	56064.487
3729.000	14.000	1.000	10.000	1.000	113421.217
3730.000	1.000	0.000	0.000	1.000	2357874.989
3731.000	1.000	0.000	0.000	1.000	7542.239
3732.000	3.000	1.000	0.000	1.000	8950.582
3733.000	57.000	4.000	41.000	1.000	9674.902
3734.000	5.000	3.000	0.000	1.000	11329.973
3735.000	1.000	0.000	0.000	1.000	11611.141
3736.000	51.000	4.000	35.000	1.000	12582.091
3737.000	13.000	1.000	9.000	1.000	14115.338
3738.000	26.000	2.000	18.000	1.000	15923.724
3739.000	27.000	2.000	19.000	1.000	19977.148
3740.000	11.000	1.000	7.000	1.000	24746.759
3741.000	52.000	4.000	35.000	1.000	30256.158
3742.000	43.000	3.000	30.000	1.000	39087.838
3743.000	1.000	0.000	0.000	1.000	47787.026
3744.000	1.000	0.000	0.000	1.000	101937.559
3745.000	1.000	0.000	0.000	1.000	310223.863
3746.000	16.000	14.000	0.000	1.000	8199.908
3747.000	2.000	0.000	0.000	1.000	8742.827
3748.000	5.000	3.000	0.000	1.000	10110.255
3749.000	5.000	1.000	1.000	1.000	10437.056
3750.000	24.000	2.000	16.000	1.000	11387.541
3751.000	14.000	1.000	10.000	1.000	12546.447
3752.000	13.000	1.000	8.000	1.000	14888.804
3753.000	36.000	3.000	24.000	1.000	16095.746
3754.000	39.000	3.000	27.000	1.000	20561.875
3755.000	15.000	1.000	11.000	1.000	22242.375
3756.000	1.000	0.000	0.000	1.000	28946.837
3757.000	14.000	1.000	10.000	1.000	33093.795
3758.000	1.000	0.000	0.000	1.000	55291.863
3759.000	14.000	1.000	10.000	1.000	92705.837
3760.000	3.000	0.000	1.000	1.000	128325.822
3761.000	1.000	0.000	0.000	1.000	8245.801
3762.000	9.000	7.000	0.000	1.000	8863.007
3763.000	3.000	1.000	0.000	1.000	9603.447
3764.000	39.000	3.000	27.000	1.000	10996.268
3765.000	7.000	1.000	3.000	1.000	11442.771
3766.000	41.000	3.000	28.000	1.000	13638.627
3767.000	14.000	1.000	10.000	1.000	14472.956
3768.000	46.000	3.000	32.000	1.000	17182.035
3769.000	69.000	5.000	49.000	1.000	19763.614
3770.000	13.000	1.000	9.000	1.000	20891.344
3771.000	1.000	0.000	0.000	1.000	28117.510
3772.000	26.000	2.000	17.000	1.000	38966.226
3773.000	1.000	0.000	0.000	1.000	56745.302
3774.000	1.000	0.000	0.000	1.000	124436.363
3775.000	4.000	0.000	2.000	1.000	220555.267
3776.000	14.000	12.000	0.000	1.000	8305.033
3777.000	10.000	8.000	0.000	1.000	8864.028
3778.000	10.000	8.000	0.000	1.000	9580.343
3779.000	1.000	0.000	0.000	1.000	9968.827
3780.000	12.000	1.000	8.000	1.000	11711.592
3781.000	11.000	1.000	7.000	1.000	12726.628
3782.000	100.000	7.000	72.000	1.000	15506.598
3783.000	29.000	2.000	21.000	1.000	16836.074
3784.000	158.000	11.000	114.000	1.000	18179.673
3785.000	85.000	6.000	61.000	1.000	22867.265
3786.000	35.000	2.000	25.000	1.000	25067.368
3787.000	27.000	2.000	19.000	1.000	39642.159
3788.000	14.000	1.000	10.000	1.000	43223.992
3789.000	1.000	0.000	0.000	1.000	101937.559
3790.000	1.000	0.000	0.000	1.000	975331.159
3791.000	1.000	0.000	0.000	1.000	7940.517
3792.000	14.000	12.000	0.000	1.000	8713.322
3793.000	10.000	8.000	0.000	1.000	9053.594
3794.000	8.000	6.000	0.000	1.000	9821.178
3795.000	17.000	5.000	9.000	1.000	11028.214
3796.000	52.000	4.000	36.000	1.000	12623.922
3797.000	115.000	8.000	83.000	1.000	14788.622
3798.000	110.000	8.000	78.000	1.000	16285.249
3799.000	26.000	2.000	18.000	1.000	19940.845
3800.000	25.000	2.000	17.000	1.000	22351.991
3801.000	28.000	2.000	20.000	1.000	28327.034
3802.000	43.000	3.000	31.000	1.000	31505.785
3803.000	1.000	0.000	0.000	1.000	42760.613
3804.000	5.000	0.000	3.000	1.000	102179.689
3805.000	1.000	0.000	0.000	1.000	137753.270
3806.000	21.000	19.000	0.000	1.000	8301.647
3807.000	9.000	7.000	0.000	1.000	8896.557
3808.000	10.000	8.000	0.000	1.000	8979.265
3809.000	1.000	0.000	0.000	1.000	10104.695
3810.000	4.000	2.000	0.000	1.000	11183.493
3811.000	1.000	0.000	0.000	1.000	11962.461
3812.000	1.000	0.000	0.000	1.000	15465.896
3813.000	1.000	0.000	0.000	1.000	16560.442
3814.000	12.000	1.000	8.000	1.000	19539.368
3815.000	39.000	3.000	27.000	1.000	24335.709
3816.000	1.000	0.000	0.000	1.000	30071.671
3817.000	13.000	1.000	9.000	1.000	41065.836
3818.000	12.000	1.000	8.000	1.000	58018.855
3819.000	7.000	0.000	5.000	1.000	100361.829
3820.000	1.000	0.000	0.000	1.000	536271.472
3821.000	1.000	0.000	0.000	1.000	8058.005
3822.000	16.000	14.000	0.000	1.000	8769.268
3823.000	11.000	9.000	0.000	1.000	9410.923
3824.000	7.000	1.000	3.000	1.000	9661.071
3825.000	27.000	2.000	19.000	1.000	10510.184
3826.000	3.000	1.000	0.000	1.000	11811.955
3827.000	1.000	0.000	0.000	1.000	13533.949
3828.000	139.000	10.000	98.000	1.000	17168.474
3829.000	69.000	5.000	49.000	1.000	19576.592
3830.000	12.000	1.000	8.000	1.000	21346.505
3831.000	31.000	2.000	20.000	1.000	26406.087
3832.000	27.000	2.000	19.000	1.000	38747.418
3833.000	13.000	1.000	9.000	1.000	61453.906
3834.000	2.000	0.000	0.000	1.000	123899.807
3835.000	1.000	0.000	0.000	1.000	576893.251
3836.000	71.000	67.000	0.000	1.000	8324.728
3837.000	20.000	18.000	0.000	1.000	8877.832
3838.000	10.000	8.000	0.000	1.000	9287.876
3839.000	7.000	5.000	0.000	1.000	10380.346
3840.000	4.000	2.000	0.000	1.000	11266.521
3841.000	1.000	0.000	0.000	1.000	11912.632
3842.000	90.000	7.000	61.000	1.000	13155.051
3843.000	12.000	0.000	10.000	1.000	13931.358
3844.000	37.000	3.000	25.000	1.000	20318.520
3845.000	41.000	3.000	29.000	1.000	22169.384
3846.000	13.000	1.000	9.000	1.000	29860.095
3847.000	4.000	0.000	2.000	1.000	33054.778
3848.000	14.000	1.000	10.000	1.000	44710.894
3849.000	1.000	0.000	0.000	1.000	63485.829
3850.000	1.000	0.000	0.000	1.000	132822.081
3851.000	1.000	0.000	0.000	1.000	7678.062
3852.000	10.000	8.000	0.000	1.000	8487.375
3853.000	1.000	0.000	0.000	1.000	9188.816
3854.000	5.000	3.000	0.000	1.000	9785.987
3855.000	10.000	4.000	3.000	1.000	10632.689
3856.000	4.000	2.000	0.000	1.000	11947.155
3857.000	51.000	4.000	35.000	1.000	13213.689
3858.000	1.000	0.000	0.000	1.000	14362.701
3859.000	1.000	0.000	0.000	1.000	17092.917
3860.000	2.000	0.000	0.000	1.000	20874.164
3861.000	1.000	0.000	0.000	1.000	28459.549
3862.000	13.000	1.000	9.000	1.000	31259.453
3863.000	1.000	0.000	0.000	1.000	52733.903
3864.000	1.000	0.000	0.000	1.000	117361.560
3865.000	1.000	0.000	0.000	1.000	4020547.756
3866.000	12.000	10.000	0.000	1.000	8306.163
3867.000	3.000	1.000	0.000	1.000	8889.109
3868.000	6.000	4.000	0.000	1.000	9524.207
3869.000	1.000	0.000	0.000	1.000	10030.681
3870.000	1.000	0.000	0.000	1.000	11242.050
3871.000	1.000	0.000	0.000	1.000	11841.943
3872.000	13.000	1.000	9.000	1.000	12574.153
3873.000	13.000	1.000	9.000	1.000	13939.813
3874.000	42.000	3.000	30.000	1.000	17782.523
3875.000	27.000	2.000	17.000	1.000	19281.471
3876.000	26.000	2.000	18.000	1.000	25837.325
3877.000	28.000	2.000	20.000	1.000	34750.267
3878.000	15.000	1.000	11.000	1.000	44284.940
3879.000	9.000	0.000	7.000	1.000	65142.752
3880.000	1.000	0.000	0.000	1.000	196304.438
3881.000	1.000	0.000	0.000	1.000	7964.050
3882.000	8.000	6.000	0.000	1.000	8627.130
3883.000	7.000	5.000	0.000	1.000	9442.454
3884.000	11.000	1.000	7.000	1.000	9958.959
3885.000	1.000	0.000	0.000	1.000	11397.396
3886.000	2.000	0.000	0.000	1.000	11431.601
3887.000	1.000	0.000	0.000	1.000	13528.242
3888.000	121.000	9.000	85.000	1.000	15593.874
3889.000	239.000	17.000	171.000	1.000	16474.109
3890.000	41.000	3.000	29.000	1.000	19415.893
3891.000	38.000	3.000	26.000	1.000	22240.881
3892.000	29.000	2.000	20.000	1.000	37293.413
3893.000	29.000	2.000	21.000	1.000	48620.769
3894.000	19.000	1.000	15.000	1.000	96396.419
3895.000	1.000	0.000	0.000	1.000	289905.679
3896.000	11.000	9.000	0.000	1.000	8045.429
3897.000	8.000	6.000	0.000	1.000	8903.502
3898.000	6.000	4.000	0.000	1.000	9573.255
3899.000	1.000	0.000	0.000	1.000	10079.909
3900.000	5.000	2.000	0.000	1.000	11031.302
3901.000	24.000	2.000	16.000	1.000	11763.751
3902.000	14.000	1.000	9.000	1.000	13553.387
3903.000	13.000	1.000	9.000	1.000	14073.982
3904.000	131.000	10.000	90.000	1.000	17493.193
3905.000	55.000	4.000	38.000	1.000	20246.105
3906.000	63.000	5.000	43.000	1.000	20867.564
3907.000	71.000	6.000	47.000	1.000	27887.724
3908.000	58.000	4.000	42.000	1.000	46416.225
3909.000	1.000	0.000	0.000	1.000	67627.919
3910.000	1.000	0.000	0.000	1.000	301587.425
3911.000	1.000	0.000	0.000	1.000	8264.114
3912.000	8.000	6.000	0.000	1.000	8696.053
3913.000	8.000	6.000	0.000	1.000	9131.249
3914.000	34.000	7.000	19.000	1.000	10259.907
3915.000	364.000	26.000	260.000	0.000	21349.264
3916.000	140.000	10.000	100.000	1.000	12158.378
3917.000	304.000	21.000	220.000	1.000	13778.475
3918.000	56.000	4.000	40.000	1.000	15587.127
3919.000	83.000	6.000	59.000	1.000	16253.502
3920.000	13.000	1.000	9.000	1.000	18859.537
3921.000	1.000	0.000	0.000	1.000	24127.267
3922.000	37.000	3.000	25.000	1.000	26137.099
3923.000	2.000	0.000	0.000	1.000	33955.127
3924.000	16.000	1.000	12.000	1.000	67282.228
3925.000	1.000	0.000	0.000	1.000	275679.330
3926.000	11.000	9.000	0.000	1.000	8252.492
3927.000	12.000	10.000	0.000	1.000	8489.258
3928.000	4.000	1.000	0.000	1.000	8953.183
3929.000	8.000	1.000	4.000	1.000	9670.087
3930.000	31.000	4.000	20.000	1.000	11080.943
3931.000	154.000	11.000	110.000	1.000	11388.362
3932.000	52.000	4.000	36.000	1.000	13686.300
3933.000	14.000	1.000	10.000	1.000	15048.202
3934.000	14.000	1.000	10.000	1.000	17311.442
3935.000	89.000	6.000	65.000	1.000	17974.034
3936.000	12.000	1.000	8.000	1.000	21530.096
3937.000	26.000	2.000	18.000	1.000	28522.616
3938.000	13.000	1.000	9.000	1.000	35167.238
3939.000	29.000	2.000	21.000	1.000	45624.301
3940.000	1.000	0.000	0.000	1.000	346252.645
3941.000	1.000	0.000	0.000	1.000	8131.633
3942.000	3.000	1.000	0.000	1.000	8882.698
3943.000	7.000	5.000	0.000	1.000	9590.993
3944.000	2.000	0.000	0.000	1.000	10297.724
3945.000	1.000	0.000	0.000	1.000	11190.235
3946.000	41.000	3.000	29.000	1.000	11451.472
3947.000	67.000	5.000	47.000	1.000	13429.115
3948.000	40.000	3.000	28.000	1.000	14321.851
3949.000	27.000	2.000	19.000	1.000	16106.916
3950.000	25.000	2.000	17.000	1.000	19718.601
3951.000	68.000	5.000	47.000	1.000	23328.909
3952.000	28.000	2.000	20.000	1.000	30133.823
3953.000	12.000	0.000	10.000	1.000	31728.970
3954.000	14.000	1.000	10.000	1.000	46088.712
3955.000	33.000	2.000	24.000	1.000	92881.171
3700.000	6.000	4.000	0.000	1.000	8261.653
3701.000	1.000	0.000	0.000	1.000	8896.814
3702.000	1.000	0.000	0.000	1.000	9275.349
3703.000	1.000	0.000	0.000	1.000	9972.652
3704.000	1.000	0.000	0.000	1.000	10626.931
3705.000	1.000	0.000	0.000	1.000	11505.204
3706.000	56.000	4.000	40.000	1.000	13886.231
3707.000	80.000	6.000	56.000	1.000	15074.854
3708.000	73.000	5.000	52.000	1.000	17394.443
3709.000	15.000	1.000	11.000	1.000	20515.815
3710.000	13.000	1.000	9.000	1.000	22623.743
3711.000	2.000	0.000	0.000	1.000	30509.324
3712.000	1.000	0.000	0.000	1.000	40680.984
3713.000	1.000	0.000	0.000	1.000	54392.097
3714.000	1.000	0.000	0.000	1.000	88412.847
3715.000	1.000	0.000	0.000	1.000	454496.686
3716.000	1.000	0.000	0.000	1.000	8502.221
3717.000	4.000	2.000	0.000	1.000	9600.182
3718.000	1.000	0.000	0.000	1.000	10172.463
3719.000	1.000	0.000	0.000	1.000	11228.853
3720.000	13.000	1.000	9.000	1.000	11416.741
3721.000	1.000	0.000	0.000	1.000	13511.718
3722.000	98.000	7.000	70.000	1.000	15511.051
3723.000	2.000	0.000	0.000	1.000	16785.773
3724.000	13.000	1.000	9.000	1.000	20207.606
3725.000	10.000	0.000	8.000	1.000	21142.902
3726.000	14.000	1.000	9.000	1.000	26318.592
3727.000	1.000	0.000	0.000	1.000	31728.970
3728.000	1.000	0.000	0.000	1.000	48378.654
3729.000	31.000	2.000	23.000	1.000	113346.586
3730.000	1.000	0.000	0.000	1.000	2646944.942
3731.000	1.000	0.000	0.000	1.000	7595.416
3732.000	3.000	1.000	0.000	1.000	9038.741
3733.000	60.000	4.000	44.000	1.000	9687.261
3734.000	1.000	0.000	0.000	1.000	11037.484
3735.000	1.000	0.000	0.000	1.000	11869.856
3736.000	40.000	3.000	28.000	1.000	12692.215
3737.000	217.000	16.000	153.000	1.000	14317.397
3738.000	111.000	8.000	79.000	1.000	15762.873
3739.000	217.000	15.000	156.000	1.000	20697.375
3740.000	39.000	3.000	27.000	1.000	23661.519
3741.000	15.000	1.000	11.000	1.000	25976.242
3742.000	1.000	0.000	0.000	1.000	31849.277
3743.000	1.000	0.000	0.000	1.000	46088.712
3744.000	1.000	0.000	0.000	1.000	118166.341
3745.000	1.000	0.000	0.000	1.000	320253.530
3746.000	1.000	0.000	0.000	1.000	8100.694
3747.000	6.000	4.000	0.000	1.000	8697.530
3748.000	2.000	0.000	0.000	1.000	10234.730
3749.000	1.000	0.000	0.000	1.000	10588.933
3750.000	25.000	2.000	17.000	1.000	11674.052
3751.000	14.000	1.000	10.000	1.000	12577.625
3752.000	13.000	1.000	9.000	1.000	14203.138
3753.000	39.000	3.000	26.000	1.000	17431.580
3754.000	28.000	2.000	18.000	1.000	18317.955
3755.000	1.000	0.000	0.000	1.000	24896.738
3756.000	1.000	0.000	0.000	1.000	27781.131
3757.000	14.000	1.000	10.000	1.000	31767.971
3758.000	1.000	0.000	0.000	1.000	41862.670
3759.000	1.000	0.000	0.000	1.000	91961.799
3760.000	1.000	0.000	0.000	1.000	147967.968
3761.000	1.000	0.000	0.000	1.000	8262.548
3762.000	1.000	0.000	0.000	1.000	8859.435
3763.000	1.000	0.000	0.000	1.000	9473.607
3764.000	27.000	2.000	19.000	1.000	11307.667
3765.000	25.000	2.000	17.000	1.000	11542.134
3766.000	82.000	6.000	58.000	1.000	12508.050
3767.000	56.000	4.000	40.000	1.000	14944.567
3768.000	86.000	6.000	62.000	1.000	16138.111
3769.000	2.000	0.000	0.000	1.000	18758.183
3770.000	25.000	1.000	19.000	1.000	21075.424
3771.000	5.000	0.000	3.000	1.000	27843.600
3772.000	17.000	1.000	10.000	1.000	41095.738
3773.000	1.000	0.000	0.000	1.000	44175.387
3774.000	2.000	0.000	0.000	1.000	107980.885
3775.000	1.000	0.000	0.000	1.000	756591.035
3776.000	3.000	1.000	0.000	1.000	8303.001
3777.000	1.000	0.000	0.000	1.000	8738.601
3778.000	1.000	0.000	0.000	1.000	9340.840
3779.000	1.000	0.000	0.000	1.000	10114.511
3780.000	49.000	4.000	33.000	1.000	12339.924
3781.000	13.000	1.000	8.000	1.000	13389.853
3782.000	42.000	3.000	30.000	1.000	14062.297
3783.000	60.000	4.000	44.000	1.000	15920.601
3784.000	43.000	3.000	31.000	1.000	18299.536
3785.000	14.000	1.000	10.000	1.000	24883.707
3786.000	31.000	2.000	21.000	1.000	27618.166
3787.000	14.000	1.000	10.000	1.000	32499.031
3788.000	10.000	0.000	8.000	1.000	49140.641
3789.000	6.000	0.000	4.000	1.000	69186.180
3790.000	1.000	0.000	0.000	1.000	2114184.753
3791.000	1.000	0.000	0.000	1.000	7811.661
3792.000	1.000	0.000	0.000	1.000	8870.158
3793.000	1.000	0.000	0.000	1.000	8971.686
3794.000	29.000	1.000	23.000	1.000	9616.825
3795.000	12.000	1.000	8.000	1.000	10734.056
3796.000	13.000	1.000	9.000	1.000	12776.027
3797.000	1.000	0.000	0.000	1.000	15101.598
3798.000	1.000	0.000	0.000	1.000	15695.762
3799.000	30.000	2.000	21.000	1.000	19553.311
3800.000	40.000	3.000	28.000	1.000	24204.582
3801.000	15.000	1.000	11.000	1.000	26053.374
3802.000	5.000	0.000	3.000	1.000	31798.037
3803.000	12.000	1.000	8.000	1.000	48043.670
3804.000	1.000	0.000	0.000	1.000	99347.547
3805.000	1.000	0.000	0.000	1.000	840815.345
3806.000	1.000	0.000	0.000	1.000	8189.114
3807.000	2.000	0.000	0.000	1.000	8780.538
3808.000	1.000	0.000	0.000	1.000	9142.600
3809.000	1.000	0.000	0.000	1.000	9873.789
3810.000	3.000	1.000	0.000	1.000	10931.762
3811.000	1.000	0.000	0.000	1.000	11888.980
3812.000	13.000	1.000	9.000	1.000	14493.118
3813.000	13.000	1.000	9.000	1.000	17851.438
3814.000	148.000	11.000	104.000	1.000	19654.979
3815.000	15.000	1.000	11.000	1.000	24122.013
3816.000	14.000	1.000	10.000	1.000	29651.422
3817.000	1.000	0.000	0.000	1.000	38195.737
3818.000	1.000	0.000	0.000	1.000	49034.376
3819.000	4.000	0.000	2.000	1.000	65043.644
3820.000	1.000	0.000	0.000	1.000	251102.985
3821.000	1.000	0.000	0.000	1.000	8086.704
3822.000	1.000	0.000	0.000	1.000	8624.947
3823.000	1.000	0.000	0.000	1.000	9502.334
3824.000	9.000	1.000	5.000	1.000	9727.254
3825.000	153.000	11.000	107.000	1.000	11312.526
3826.000	1.000	0.000	0.000	1.000	11774.674
3827.000	1.000	0.000	0.000	1.000	12963.147
3828.000	28.000	2.000	20.000	1.000	17642.420
3829.000	103.000	7.000	75.000	1.000	19444.606
3830.000	41.000	3.000	29.000	1.000	24702.659
3831.000	28.000	2.000	20.000	1.000	31274.009
3832.000	58.000	4.000	42.000	1.000	38574.988
3833.000	1.000	0.000	0.000	1.000	44687.345
3834.000	1.000	0.000	0.000	1.000	73982.837
3835.000	1.000	0.000	0.000	1.000	187457.149
3836.000	1.000	0.000	0.000	1.000	8322.687
3837.000	1.000	0.000	0.000	1.000	8681.547
3838.000	1.000	0.000	0.000	1.000	9251.220
3839.000	1.000	0.000	0.000	1.000	10146.702
3840.000	1.000	0.000	0.000	1.000	10712.467
3841.000	1.000	0.000	0.000	1.000	11598.381
3842.000	42.000	3.000	30.000	1.000	13822.335
3843.000	16.000	1.000	10.000	1.000	15241.722
3844.000	13.000	1.000	9.000	1.000	20595.266
3845.000	17.000	1.000	11.000	1.000	22744.868
3846.000	53.000	4.000	37.000	1.000	28188.596
3847.000	7.000	0.000	5.000	1.000	35064.810
3848.000	18.000	1.000	12.000	1.000	55634.649
3849.000	9.000	0.000	7.000	1.000	63262.612
3850.000	1.000	0.000	0.000	1.000	183771.566
3851.000	1.000	0.000	0.000	1.000	7537.525
3852.000	1.000	0.000	0.000	1.000	8389.863
3853.000	1.000	0.000	0.000	1.000	9339.995
3854.000	1.000	0.000	0.000	1.000	9774.923
3855.000	2.000	0.000	0.000	1.000	10465.632
3856.000	26.000	2.000	18.000	1.000	12344.708
3857.000	27.000	2.000	19.000	1.000	13779.066
3858.000	2.000	0.000	0.000	1.000	14151.327
3859.000	1.000	0.000	0.000	1.000	16697.158
3860.000	2.000	0.000	0.000	1.000	21064.666
3861.000	1.000	0.000	0.000	1.000	27144.735
3862.000	14.000	1.000	10.000	1.000	38338.722
3863.000	2.000	0.000	0.000	1.000	61966.553
3864.000	2.000	0.000	0.000	1.000	96803.397
3865.000	1.000	0.000	0.000	1.000	848191.502
3866.000	1.000	0.000	0.000	1.000	8193.076
3867.000	1.000	0.000	0.000	1.000	8823.109
3868.000	1.000	0.000	0.000	1.000	9563.525
3869.000	1.000	0.000	0.000	1.000	9939.913
3870.000	1.000	0.000	0.000	1.000	11103.186
3871.000	1.000	0.000	0.000	1.000	11892.990
3872.000	3.000	0.000	1.000	1.000	12610.447
3873.000	1.000	0.000	0.000	1.000	14014.521
3874.000	29.000	2.000	20.000	1.000	17834.890
3875.000	13.000	1.000	9.000	1.000	19399.849
3876.000	13.000	1.000	9.000	1.000	25382.658
3877.000	1.000	0.000	0.000	1.000	34476.476
3878.000	5.000	0.000	3.000	1.000	42075.810
3879.000	2.000	0.000	0.000	1.000	91937.202
3880.000	1.000	0.000	0.000	1.000	644311.002
3881.000	1.000	0.000	0.000	1.000	7990.024
3882.000	1.000	0.000	0.000	1.000	8666.842
3883.000	1.000	0.000	0.000	1.000	9135.570
3884.000	1.000	0.000	0.000	1.000	10088.702
3885.000	37.000	3.000	25.000	1.000	10839.143
3886.000	2.000	0.000	0.000	1.000	11505.622
3887.000	1.000	0.000	0.000	1.000	13560.833
3888.000	187.000	14.000	131.000	1.000	14365.902
3889.000	140.000	10.000	100.000	1.000	15742.987
3890.000	1.000	0.000	0.000	1.000	19437.707
3891.000	3.000	0.000	1.000	1.000	21576.476
3892.000	9.000	0.000	7.000	1.000	39301.327
3893.000	1.000	0.000	0.000	1.000	51226.751
3894.000	13.000	1.000	9.000	1.000	116725.548
3895.000	1.000	0.000	0.000	1.000	310251.775
3896.000	1.000	0.000	0.000	1.000	8097.677
3897.000	1.000	0.000	0.000	1.000	8660.729
3898.000	1.000	0.000	0.000	1.000	9473.318
3899.000	1.000	0.000	0.000	1.000	9924.725
3900.000	7.000	0.000	5.000	1.000	10447.493
3901.000	48.000	3.000	34.000	1.000	12308.910
3902.000	286.000	20.000	206.000	1.000	13729.010
3903.000	15.000	1.000	10.000	1.000	15371.965
3904.000	14.000	1.000	9.000	1.000	15701.841
3905.000	34.000	2.000	22.000	1.000	18277.072
3906.000	117.000	8.000	83.000	1.000	23499.054
3907.000	12.000	1.000	8.000	1.000	27702.857
3908.000	2.000	0.000	0.000	1.000	53095.523
3909.000	2.000	0.000	0.000	1.000	122144.087
3910.000	1.000	0.000	0.000	1.000	247337.524
3911.000	2.000	0.000	0.000	1.000	8240.233
3912.000	3.000	1.000	0.000	1.000	8781.040
3913.000	1.000	0.000	0.000	1.000	9102.451
3914.000	12.000	1.000	8.000	1.000	9625.166
3915.000	27.000	2.000	19.000	1.000	10848.487
3916.000	43.000	3.000	31.000	1.000	12171.874
3917.000	29.000	2.000	21.000	1.000	13472.558
3918.000	14.000	1.000	10.000	1.000	14168.765
3919.000	15.000	1.000	11.000	1.000	16853.487
3920.000	2.000	0.000	0.000	1.000	20172.956
3921.000	13.000	1.000	9.000	1.000	21534.304
3922.000	1.000	0.000	0.000	1.000	25046.621
3923.000	14.000	1.000	10.000	1.000	37667.725
3924.000	1.000	0.000	0.000	1.000	95222.007
3925.000	1.000	0.000	0.000	1.000	147151.303
3926.000	8.000	6.000	0.000	1.000	8271.281
3927.000	1.000	0.000	0.000	1.000	8444.759
3928.000	1.000	0.000	0.000	1.000	9358.904
3929.000	66.000	4.000	48.000	1.000	10025.526
3930.000	14.000	1.000	10.000	1.000	11036.711
3931.000	71.000	5.000	51.000	1.000	12043.659
3932.000	66.000	5.000	46.000	1.000	12967.879
3933.000	44.000	3.000	32.000	1.000	14513.334
3934.000	113.000	8.000	81.000	1.000	17889.514
3935.000	15.000	1.000	11.000	1.000	20510.709
3936.000	50.000	4.000	34.000	1.000	21295.590
3937.000	26.000	2.000	18.000	1.000	31019.742
3938.000	31.000	2.000	23.000	1.000	38251.939
3939.000	1.000	0.000	0.000	1.000	44032.050
3940.000	1.000	0.000	0.000	1.000	575201.810
3941.000	1.000	0.000	0.000	1.000	7923.314
3942.000	1.000	0.000	0.000	1.000	8810.726
3943.000	2.000	0.000	0.000	1.000	9447.345
3944.000	2.000	0.000	0.000	1.000	10087.724
3945.000	1.000	0.000	0.000	1.000	11182.304
3946.000	28.000	2.000	20.000	1.000	12105.598
3947.000	55.000	4.000	39.000	1.000	13706.746
3948.000	127.000	9.000	91.000	1.000	14464.516
3949.000	30.000	2.000	20.000	1.000	16562.127
3950.000	40.000	3.000	28.000	1.000	18788.262
3951.000	16.000	1.000	11.000	1.000	24446.647
3952.000	1.000	0.000	0.000	1.000	29332.165
3953.000	13.000	0.000	11.000	1.000	36147.251
3954.000	17.000	1.000	12.000	1.000	62214.740
3955.000	1.000	0.000	0.000	1.000	94749.725
3700.000	8.000	6.000	0.000	1.000	8121.223
3701.000	6.000	4.000	0.000	1.000	8902.473
3702.000	1.000	0.000	0.000	1.000	9297.641
3703.000	1.000	0.000	0.000	1.000	10023.272
3704.000	1.000	0.000	0.000	1.000	10677.879
3705.000	1.000	0.000	0.000	1.000	11377.293
3706.000	14.000	1.000	10.000	1.000	12638.425
3707.000	55.000	4.000	39.000	1.000	15369.777
3708.000	105.000	7.000	75.000	1.000	16343.354
3709.000	28.000	2.000	20.000	1.000	18829.235
3710.000	2.000	0.000	0.000	1.000	23083.778
3711.000	19.000	1.000	13.000	1.000	29352.724
3712.000	2.000	0.000	0.000	1.000	39182.944
3713.000	1.000	0.000	0.000	1.000	56783.080
3714.000	7.000	0.000	5.000	1.000	82926.133
3715.000	1.000	0.000	0.000	1.000	135481.873
3716.000	1.000	0.000	0.000	1.000	8458.297
3717.000	6.000	4.000	0.000	1.000	9373.347
3718.000	1.000	0.000	0.000	1.000	10093.266
3719.000	1.000	0.000	0.000	1.000	10915.086
3720.000	8.000	0.000	6.000	1.000	11392.056
3721.000	29.000	2.000	21.000	1.000	12841.263
3722.000	1.000	0.000	0.000	1.000	14892.920
3723.000	279.000	19.000	203.000	1.000	16144.525
3724.000	83.000	5.000	61.000	1.000	19117.636
3725.000	135.000	9.000	99.000	1.000	24215.162
3726.000	1.000	0.000	0.000	1.000	28049.126
3727.000	1.000	0.000	0.000	1.000	37874.646
3728.000	12.000	1.000	8.000	1.000	46575.326
3729.000	1.000	0.000	0.000	1.000	95354.028
3730.000	1.000	0.000	0.000	1.000	725011.893
3731.000	1.000	0.000	0.000	1.000	7437.757
3732.000	3.000	1.000	0.000	1.000	9010.753
3733.000	15.000	1.000	11.000	1.000	9706.310
3734.000	1.000	0.000	0.000	1.000	11228.454
3735.000	1.000	0.000	0.000	1.000	11778.611
3736.000	13.000	1.000	9.000	1.000	13190.283
3737.000	1.000	0.000	0.000	1.000	15021.640
3738.000	42.000	3.000	30.000	1.000	17095.605
3739.000	30.000	2.000	22.000	1.000	20014.797
3740.000	14.000	1.000	10.000	1.000	24698.991
3741.000	38.000	2.000	28.000	1.000	26452.145
3742.000	1.000	0.000	0.000	1.000	35237.078
3743.000	1.000	0.000	0.000	1.000	41687.530
3744.000	1.000	0.000	0.000	1.000	123899.807
3745.000	1.000	0.000	0.000	1.000	311338.257
3746.000	1.000	0.000	0.000	1.000	8230.672
3747.000	1.000	0.000	0.000	1.000	8895.529
3748.000	1.000	0.000	0.000	1.000	10328.646
3749.000	1.000	0.000	0.000	1.000	10535.602
3750.000	25.000	2.000	17.000	1.000	11731.534
3751.000	145.000	10.000	105.000	1.000	12719.022
3752.000	53.000	4.000	37.000	1.000	14266.678
3753.000	13.000	1.000	9.000	1.000	16474.109
3754.000	3.000	0.000	1.000	1.000	20257.309
3755.000	1.000	0.000	0.000	1.000	24162.350
3756.000	2.000	0.000	0.000	1.000	29360.442
3757.000	15.000	1.000	11.000	1.000	33273.787
3758.000	1.000	0.000	0.000	1.000	43646.783
3759.000	15.000	1.000	11.000	1.000	109945.878
3760.000	1.000	0.000	0.000	1.000	271361.491
3761.000	2.000	0.000	0.000	1.000	8136.412
3762.000	1.000	0.000	0.000	1.000	8596.665
3763.000	1.000	0.000	0.000	1.000	9601.369
3764.000	13.000	1.000	9.000	1.000	10984.381
3765.000	12.000	1.000	8.000	1.000	11678.785
3766.000	41.000	3.000	29.000	1.000	13140.470
3767.000	168.000	12.000	120.000	1.000	13973.731
3768.000	1.000	0.000	0.000	1.000	16726.309
3769.000	85.000	6.000	61.000	1.000	19144.382
3770.000	1.000	0.000	0.000	1.000	23585.876
3771.000	6.000	0.000	4.000	1.000	27342.475
3772.000	1.000	0.000	0.000	1.000	31332.369
3773.000	27.000	2.000	19.000	1.000	46441.609
3774.000	12.000	1.000	8.000	1.000	90247.326
3775.000	1.000	0.000	0.000	1.000	515254.961
3776.000	1.000	0.000	0.000	1.000	8196.160
3777.000	1.000	0.000	0.000	1.000	8748.552
3778.000	1.000	0.000	0.000	1.000	9449.072
3779.000	1.000	0.000	0.000	1.000	9913.363
3780.000	1.000	0.000	0.000	1.000	12301.775
3781.000	113.000	9.000	77.000	1.000	13486.154
3782.000	14.000	1.000	10.000	1.000	14580.897
3783.000	1.000	0.000	0.000	1.000	17342.707
3784.000	43.000	3.000	31.000	1.000	18299.536
3785.000	18.000	1.000	11.000	1.000	23250.437
3786.000	4.000	0.000	2.000	1.000	27609.040
3787.000	1.000	0.000	0.000	1.000	36189.900
3788.000	7.000	0.000	5.000	1.000	42647.638
3789.000	1.000	0.000	0.000	1.000	68658.906
3790.000	1.000	0.000	0.000	1.000	2934917.799
3791.000	1.000	0.000	0.000	1.000	7909.891
3792.000	2.000	0.000	0.000	1.000	8824.375
3793.000	1.000	0.000	0.000	1.000	9091.462
3794.000	47.000	3.000	35.000	1.000	9681.530
3795.000	11.000	1.000	7.000	1.000	10586.790
3796.000	1.000	0.000	0.000	1.000	13487.289
3797.000	1.000	0.000	0.000	1.000	14177.499
3798.000	138.000	10.000	98.000	1.000	17557.116
3799.000	58.000	4.000	42.000	1.000	18482.232
3800.000	15.000	1.000	11.000	1.000	24108.013
3801.000	1.000	0.000	0.000	1.000	29585.982
3802.000	5.000	0.000	3.000	1.000	34671.605
3803.000	1.000	0.000	0.000	1.000	60808.557
3804.000	1.000	0.000	0.000	1.000	99866.618
3805.000	1.000	0.000	0.000	1.000	2039776.945
3806.000	1.000	0.000	0.000	1.000	8100.048
3807.000	2.000	0.000	0.000	1.000	8926.208
3808.000	2.000	0.000	0.000	1.000	9128.281
3809.000	1.000	0.000	0.000	1.000	9778.916
3810.000	1.000	0.000	0.000	1.000	11221.668
3811.000	1.000	0.000	0.000	1.000	11388.362
3812.000	27.000	2.000	19.000	1.000	15084.696
3813.000	29.000	2.000	21.000	1.000	16018.763
3814.000	15.000	1.000	10.000	1.000	19317.745
3815.000	8.000	0.000	6.000	1.000	21743.923
3816.000	13.000	1.000	9.000	1.000	29077.537
3817.000	2.000	0.000	0.000	1.000	31529.444
3818.000	1.000	0.000	0.000	1.000	53445.313
3819.000	3.000	0.000	1.000	1.000	119767.684
3820.000	1.000	0.000	0.000	1.000	319074.639
3821.000	1.000	0.000	0.000	1.000	8250.484
3822.000	1.000	0.000	0.000	1.000	8697.284
3823.000	1.000	0.000	0.000	1.000	9430.678
3824.000	10.000	1.000	6.000	1.000	9646.379
3825.000	12.000	1.000	8.000	1.000	10667.724
3826.000	1.000	0.000	0.000	1.000	11847.250
3827.000	1.000	0.000	0.000	1.000	13779.657
3828.000	42.000	3.000	30.000	1.000	16542.769
3829.000	14.000	1.000	10.000	1.000	20213.806
3830.000	72.000	5.000	52.000	1.000	21980.899
3831.000	57.000	4.000	41.000	1.000	28554.253
3832.000	14.000	1.000	10.000	1.000	37529.621
3833.000	15.000	1.000	9.000	1.000	60603.583
3834.000	29.000	2.000	21.000	1.000	67748.404
3835.000	1.000	0.000	0.000	1.000	446349.425
3836.000	1.000	0.000	0.000	1.000	8241.346
3837.000	1.000	0.000	0.000	1.000	8679.338
3838.000	1.000	0.000	0.000	1.000	9299.038
3839.000	2.000	0.000	0.000	1.000	10257.552
3840.000	1.000	0.000	0.000	1.000	10774.897
3841.000	1.000	0.000	0.000	1.000	11875.631
3842.000	72.000	5.000	52.000	1.000	12810.877
3843.000	161.000	11.000	117.000	1.000	14611.266
3844.000	42.000	3.000	30.000	1.000	20012.363
3845.000	1.000	0.000	0.000	1.000	22984.579
3846.000	58.000	4.000	42.000	1.000	29865.416
3847.000	1.000	0.000	0.000	1.000	36287.199
3848.000	7.000	0.000	5.000	1.000	55211.288
3849.000	2.000	0.000	0.000	1.000	74126.850
3850.000	1.000	0.000	0.000	1.000	153902.424
3851.000	1.000	0.000	0.000	1.000	7798.588
3852.000	1.000	0.000	0.000	1.000	8533.485
3853.000	1.000	0.000	0.000	1.000	9102.451
3854.000	1.000	0.000	0.000	1.000	9827.376
3855.000	114.000	7.000	84.000	1.000	10778.222
3856.000	40.000	3.000	28.000	1.000	11471.826
3857.000	30.000	2.000	21.000	1.000	13312.541
3858.000	2.000	0.000	0.000	1.000	13968.269
3859.000	2.000	0.000	0.000	1.000	16373.794
3860.000	2.000	0.000	0.000	1.000	21273.646
3861.000	1.000	0.000	0.000	1.000	28171.978
3862.000	1.000	0.000	0.000	1.000	32777.782
3863.000	1.000	0.000	0.000	1.000	62385.092
3864.000	1.000	0.000	0.000	1.000	107542.476
3865.000	1.000	0.000	0.000	1.000	1093053.294
3866.000	1.000	0.000	0.000	1.000	8188.234
3867.000	1.000	0.000	0.000	1.000	8855.612
3868.000	1.000	0.000	0.000	1.000	9412.352
3869.000	1.000	0.000	0.000	1.000	9944.351
3870.000	1.000	0.000	0.000	1.000	11074.715
3871.000	1.000	0.000	0.000	1.000	11757.207
3872.000	2.000	0.000	0.000	1.000	12510.995
3873.000	1.000	0.000	0.000	1.000	14102.969
3874.000	1.000	0.000	0.000	1.000	17810.609
3875.000	28.000	2.000	20.000	1.000	20248.594
3876.000	5.000	0.000	3.000	1.000	25630.670
3877.000	15.000	1.000	11.000	1.000	37760.352
3878.000	2.000	0.000	0.000	1.000	55184.482
3879.000	4.000	0.000	2.000	1.000	71437.674
3880.000	1.000	0.000	0.000	1.000	249709.396
3881.000	2.000	0.000	0.000	1.000	8037.136
3882.000	1.000	0.000	0.000	1.000	8539.193
3883.000	1.000	0.000	0.000	1.000	9236.854
3884.000	10.000	1.000	6.000	1.000	9628.745
3885.000	2.000	0.000	0.000	1.000	11387.131
3886.000	1.000	0.000	0.000	1.000	11537.085
3887.000	1.000	0.000	0.000	1.000	13537.946
3888.000	96.000	7.000	68.000	1.000	14752.820
3889.000	136.000	10.000	96.000	1.000	15627.694
3890.000	31.000	2.000	20.000	1.000	18868.212
3891.000	28.000	2.000	19.000	1.000	22506.930
3892.000	2.000	0.000	0.000	1.000	37429.807
3893.000	1.000	0.000	0.000	1.000	50745.655
3894.000	17.000	1.000	13.000	1.000	100832.392
3895.000	1.000	0.000	0.000	1.000	158676.228
3896.000	1.000	0.000	0.000	1.000	8296.909
3897.000	1.000	0.000	0.000	1.000	8745.564
3898.000	1.000	0.000	0.000	1.000	9557.637
3899.000	2.000	0.000	0.000	1.000	9955.780
3900.000	13.000	1.000	9.000	1.000	11039.031
3901.000	28.000	2.000	18.000	1.000	12488.935
3902.000	83.000	6.000	59.000	1.000	12921.228
3903.000	77.000	5.000	55.000	1.000	14163.779
3904.000	80.000	6.000	56.000	1.000	17877.781
3905.000	16.000	1.000	11.000	1.000	20724.683
3906.000	87.000	6.000	63.000	1.000	21708.236
3907.000	13.000	1.000	9.000	1.000	27291.103
3908.000	1.000	0.000	0.000	1.000	57115.778
3909.000	13.000	1.000	9.000	1.000	68935.421
3910.000	1.000	0.000	0.000	1.000	285208.532
3911.000	2.000	0.000	0.000	1.000	8328.587
3912.000	1.000	0.000	0.000	1.000	8815.524
3913.000	1.000	0.000	0.000	1.000	8929.571
3914.000	55.000	4.000	38.000	1.000	10370.035
3915.000	42.000	3.000	30.000	1.000	10620.460
3916.000	29.000	2.000	21.000	1.000	11740.660
3917.000	30.000	2.000	22.000	1.000	13177.795
3918.000	168.000	12.000	120.000	1.000	13949.487
3919.000	15.000	1.000	10.000	1.000	15805.100
3920.000	13.000	1.000	9.000	1.000	17994.790
3921.000	1.000	0.000	0.000	1.000	23077.353
3922.000	6.000	0.000	4.000	1.000	25135.503
3923.000	14.000	1.000	10.000	1.000	34307.939
3924.000	1.000	0.000	0.000	1.000	72680.443
3925.000	2.000	0.000	0.000	1.000	166361.744
3926.000	7.000	5.000	0.000	1.000	8301.421
3927.000	1.000	0.000	0.000	1.000	8369.649
3928.000	8.000	1.000	4.000	1.000	9008.911
3929.000	14.000	1.000	10.000	1.000	9750.422
3930.000	41.000	3.000	29.000	1.000	10887.524
3931.000	14.000	1.000	10.000	1.000	12363.402
3932.000	135.000	10.000	95.000	1.000	13532.236
3933.000	44.000	3.000	32.000	1.000	15355.203
3934.000	208.000	15.000	148.000	1.000	17042.903
3935.000	108.000	7.000	80.000	1.000	20117.508
3936.000	122.000	9.000	83.000	1.000	21837.248
3937.000	1.000	0.000	0.000	1.000	27083.103
3938.000	1.000	0.000	0.000	1.000	33061.274
3939.000	3.000	0.000	1.000	1.000	42879.603
3940.000	1.000	0.000	0.000	1.000	306440.097
3941.000	1.000	0.000	0.000	1.000	8058.432
3942.000	1.000	0.000	0.000	1.000	8665.130
3943.000	1.000	0.000	0.000	1.000	9382.998
3944.000	1.000	0.000	0.000	1.000	10148.020
3945.000	2.000	0.000	0.000	1.000	11392.466
3946.000	25.000	2.000	17.000	1.000	11990.014
3947.000	14.000	1.000	10.000	1.000	13186.480
3948.000	1.000	0.000	0.000	1.000	14735.317
3949.000	352.000	24.000	256.000	1.000	17807.700
3950.000	29.000	2.000	20.000	1.000	20482.673
3951.000	44.000	3.000	32.000	1.000	23970.616
3952.000	1.000	0.000	0.000	1.000	29738.240
3953.000	1.000	0.000	0.000	1.000	31597.659
3954.000	1.000	0.000	0.000	1.000	61921.639
3955.000	1.000	0.000	0.000	1.000	112826.893
3700.000	2.000	0.000	0.000	1.000	8311.815
3701.000	1.000	0.000	0.000	1.000	8762.269
3702.000	1.000	0.000	0.000	1.000	9403.784
3703.000	1.000	0.000	0.000	1.000	10044.561
3704.000	1.000	0.000	0.000	1.000	10699.699
3705.000	1.000	0.000	0.000	1.000	11698.189
3706.000	28.000	2.000	20.000	1.000	12767.343
3707.000	176.000	13.000	124.000	1.000	15201.635
3708.000	188.000	13.000	134.000	1.000	16007.710
3709.000	14.000	1.000	10.000	1.000	19229.558
3710.000	15.000	1.000	11.000	1.000	23512.370
3711.000	1.000	0.000	0.000	1.000	31230.379
3712.000	1.000	0.000	0.000	1.000	41366.799
3713.000	4.000	0.000	1.000	1.000	59797.197
3714.000	29.000	2.000	21.000	1.000	66330.107
3715.000	1.000	0.000	0.000	1.000	190948.837
3716.000	1.000	0.000	0.000	1.000	8821.085
3717.000	1.000	0.000	0.000	1.000	9588.920
3718.000	2.000	0.000	0.000	1.000	10192.031
3719.000	1.000	0.000	0.000	1.000	11321.852
3720.000	68.000	5.000	48.000	1.000	12409.166
3721.000	386.000	26.000	282.000	0.000	30908.350
3722.000	29.000	2.000	21.000	1.000	14023.684
3723.000	14.000	1.000	10.000	1.000	16734.042
3724.000	27.000	2.000	19.000	1.000	18874.723
3725.000	30.000	2.000	22.000	1.000	22421.607
3726.000	3.000	0.000	1.000	1.000	25438.876
3727.000	1.000	0.000	0.000	1.000	32065.044
3728.000	7.000	0.000	5.000	1.000	45283.526
3729.000	2.000	0.000	0.000	1.000	71736.883
3730.000	1.000	0.000	0.000	1.000	1213747.095
3731.000	1.000	0.000	0.000	1.000	7527.737
3732.000	3.000	1.000	0.000	1.000	8953.963
3733.000	32.000	2.000	24.000	1.000	9929.150
3734.000	1.000	0.000	0.000	1.000	11248.458
3735.000	1.000	0.000	0.000	1.000	11807.997
3736.000	1.000	0.000	0.000	1.000	13088.874
3737.000	69.000	5.000	49.000	1.000	15198.066
3738.000	44.000	3.000	32.000	1.000	17220.114
3739.000	104.000	7.000	74.000	1.000	20113.822
3740.000	43.000	3.000	30.000	1.000	24446.647
3741.000	15.000	1.000	10.000	1.000	28871.956
3742.000	46.000	3.000	34.000	1.000	35329.391
3743.000	1.000	0.000	0.000	1.000	46916.209
3744.000	1.000	0.000	0.000	1.000	110297.972
3745.000	1.000	0.000	0.000	1.000	191717.217
3746.000	1.000	0.000	0.000	1.000	8080.477
3747.000	1.000	0.000	0.000	1.000	8524.937
3748.000	1.000	0.000	0.000	1.000	9969.146
3749.000	4.000	0.000	2.000	1.000	10843.626
3750.000	53.000	4.000	37.000	1.000	11536.244
3751.000	192.000	13.000	139.000	1.000	13459.553
3752.000	1.000	0.000	0.000	1.000	14385.136
3753.000	1.000	0.000	0.000	1.000	17397.223
3754.000	1.000	0.000	0.000	1.000	19609.277
3755.000	129.000	9.000	92.000	1.000	23358.469
3756.000	30.000	2.000	22.000	1.000	25791.342
3757.000	31.000	2.000	23.000	1.000	33489.004
3758.000	13.000	1.000	9.000	1.000	44587.532
3759.000	1.000	0.000	0.000	1.000	76203.074
3760.000	1.000	0.000	0.000	1.000	171979.617
3761.000	1.000	0.000	0.000	1.000	8194.177
3762.000	1.000	0.000	0.000	1.000	8639.275
3763.000	2.000	0.000	0.000	1.000	9554.402
3764.000	28.000	2.000	19.000	1.000	11001.260
3765.000	27.000	2.000	19.000	1.000	11478.486
3766.000	55.000	4.000	39.000	1.000	13841.385
3767.000	30.000	2.000	21.000	1.000	15559.447
3768.000	14.000	1.000	10.000	1.000	17404.640
3769.000	7.000	0.000	5.000	1.000	20703.870
3770.000	30.000	2.000	22.000	1.000	24743.078
3771.000	26.000	2.000	18.000	1.000	28931.830
3772.000	1.000	0.000	0.000	1.000	38934.819
3773.000	1.000	0.000	0.000	1.000	50081.047
3774.000	15.000	1.000	11.000	1.000	84352.367
3775.000	1.000	0.000	0.000	1.000	2078081.146
3776.000	2.000	0.000	0.000	1.000	8311.136
3777.000	2.000	0.000	0.000	1.000	8769.518
3778.000	1.000	0.000	0.000	1.000	9187.178
3779.000	1.000	0.000	0.000	1.000	10116.804
3780.000	51.000	4.000	35.000	1.000	11881.412
3781.000	26.000	2.000	18.000	1.000	13417.313
3782.000	1.000	0.000	0.000	1.000	14823.231
3783.000	2.000	0.000	0.000	1.000	17260.183
3784.000	43.000	2.000	33.000	1.000	19167.844
3785.000	28.000	2.000	20.000	1.000	21523.086
3786.000	1.000	0.000	0.000	1.000	30234.338
3787.000	30.000	2.000	22.000	1.000	37268.720
3788.000	12.000	0.000	10.000	1.000	45624.301
3789.000	2.000	0.000	0.000	1.000	114514.462
3790.000	1.000	0.000	0.000	1.000	244983.609
3791.000	1.000	0.000	0.000	1.000	8230.894
3792.000	14.000	12.000	0.000	1.000	8882.442
3793.000	1.000	0.000	0.000	1.000	9143.682
3794.000	14.000	1.000	10.000	1.000	9759.903
3795.000	13.000	1.000	9.000	1.000	10963.352
3796.000	27.000	2.000	19.000	1.000	12765.812
3797.000	60.000	4.000	44.000	1.000	15228.815
3798.000	172.000	12.000	122.000	1.000	17647.183
3799.000	1.000	0.000	0.000	1.000	19033.418
3800.000	1.000	0.000	0.000	1.000	24477.238
3801.000	14.000	1.000	10.000	1.000	28093.892
3802.000	1.000	0.000	0.000	1.000	40902.141
3803.000	1.000	0.000	0.000	1.000	62169.469
3804.000	1.000	0.000	0.000	1.000	121712.869
3805.000	1.000	0.000	0.000	1.000	221121.893
3806.000	3.000	1.000	0.000	1.000	8299.390
3807.000	16.000	14.000	0.000	1.000	8880.392
3808.000	1.000	0.000	0.000	1.000	9093.336
3809.000	1.000	0.000	0.000	1.000	10257.889
3810.000	3.000	1.000	0.000	1.000	11254.473
3811.000	2.000	0.000	0.000	1.000	12140.272
3812.000	56.000	4.000	40.000	1.000	14450.257
3813.000	102.000	7.000	73.000	1.000	17280.285
3814.000	1.000	0.000	0.000	1.000	20195.218
3815.000	1.000	0.000	0.000	1.000	22064.446
3816.000	16.000	1.000	10.000	1.000	29437.832
3817.000	1.000	0.000	0.000	1.000	39011.180
3818.000	14.000	1.000	10.000	1.000	46793.440
3819.000	27.000	2.000	19.000	1.000	70482.120
3820.000	1.000	0.000	0.000	1.000	259959.540
3821.000	3.000	1.000	0.000	1.000	7951.330
3822.000	1.000	0.000	0.000	1.000	8793.596
3823.000	1.000	0.000	0.000	1.000	9571.484
3824.000	3.000	1.000	0.000	1.000	10146.702
3825.000	1.000	0.000	0.000	1.000	11276.176
3826.000	1.000	0.000	0.000	1.000	12134.248
3827.000	2.000	0.000	0.000	1.000	13692.719
3828.000	44.000	3.000	32.000	1.000	16611.138
3829.000	16.000	1.000	11.000	1.000	20253.573
3830.000	102.000	7.000	72.000	1.000	24330.366
3831.000	44.000	3.000	32.000	1.000	29406.828
3832.000	14.000	1.000	10.000	1.000	40083.604
3833.000	6.000	0.000	4.000	1.000	49034.376
3834.000	1.000	0.000	0.000	1.000	69863.803
3835.000	1.000	0.000	0.000	1.000	340843.136
3836.000	74.000	70.000	0.000	1.000	8329.722
3837.000	1.000	0.000	0.000	1.000	8850.264
3838.000	1.000	0.000	0.000	1.000	9534.447
3839.000	2.000	0.000	0.000	1.000	10246.801
3840.000	1.000	0.000	0.000	1.000	11170.427
3841.000	1.000	0.000	0.000	1.000	12277.572
3842.000	13.000	1.000	9.000	1.000	13369.190
3843.000	31.000	2.000	22.000	1.000	15290.674
3844.000	69.000	5.000	49.000	1.000	20121.196
3845.000	43.000	3.000	30.000	1.000	24464.633
3846.000	1.000	0.000	0.000	1.000	28857.025
3847.000	1.000	0.000	0.000	1.000	41220.792
3848.000	1.000	0.000	0.000	1.000	46145.070
3849.000	1.000	0.000	0.000	1.000	67708.195
3850.000	1.000	0.000	0.000	1.000	352480.521
3851.000	1.000	0.000	0.000	1.000	7663.847
3852.000	1.000	0.000	0.000	1.000	8693.345
3853.000	1.000	0.000	0.000	1.000	9292.617
3854.000	26.000	2.000	18.000	1.000	9635.612
3855.000	15.000	1.000	11.000	1.000	11003.949
3856.000	27.000	2.000	18.000	1.000	12393.714
3857.000	73.000	5.000	53.000	1.000	12537.073
3858.000	1.000	0.000	0.000	1.000	14502.241
3859.000	1.000	0.000	0.000	1.000	16941.958
3860.000	2.000	0.000	0.000	1.000	21346.505
3861.000	1.000	0.000	0.000	1.000	27010.816
3862.000	1.000	0.000	0.000	1.000	34814.888
3863.000	1.000	0.000	0.000	1.000	52840.237
3864.000	13.000	1.000	9.000	1.000	72511.245
3865.000	1.000	0.000	0.000	1.000	256115.725
3866.000	2.000	0.000	0.000	1.000	8161.262
3867.000	1.000	0.000	0.000	1.000	8904.274
3868.000	1.000	0.000	0.000	1.000	9447.057
3869.000	1.000	0.000	0.000	1.000	9880.678
3870.000	4.000	2.000	0.000	1.000	10647.110
3871.000	1.000	0.000	0.000	1.000	11858.764
3872.000	1.000	0.000	0.000	1.000	12747.972
3873.000	1.000	0.000	0.000	1.000	14285.024
3874.000	85.000	6.000	60.000	1.000	17888.535
3875.000	13.000	1.000	9.000	1.000	18751.749
3876.000	26.000	2.000	18.000	1.000	28072.670
3877.000	1.000	0.000	0.000	1.000	35511.712
3878.000	4.000	0.000	2.000	1.000	51412.407
3879.000	6.000	0.000	4.000	1.000	69130.299
3880.000	1.000	0.000	0.000	1.000	153330.415
3881.000	1.000	0.000	0.000	1.000	8173.522
3882.000	3.000	1.000	0.000	1.000	8844.668
3883.000	1.000	0.000	0.000	1.000	9140.165
3884.000	3.000	0.000	1.000	1.000	9627.552
3885.000	1.000	0.000	0.000	1.000	11398.629
3886.000	1.000	0.000	0.000	1.000	11399.040
3887.000	1.000	0.000	0.000	1.000	13707.331
3888.000	69.000	5.000	49.000	1.000	14339.058
3889.000	57.000	4.000	41.000	1.000	16196.011
3890.000	27.000	2.000	19.000	1.000	20147.043
3891.000	98.000	7.000	70.000	1.000	22876.733
3892.000	1.000	0.000	0.000	1.000	32660.009
3893.000	16.000	1.000	12.000	1.000	50392.524
3894.000	3.000	0.000	1.000	1.000	73569.904
3895.000	1.000	0.000	0.000	1.000	172167.946
3896.000	1.000	0.000	0.000	1.000	8265.681
3897.000	1.000	0.000	0.000	1.000	8682.775
3898.000	4.000	2.000	0.000	1.000	9223.081
3899.000	1.000	0.000	0.000	1.000	10025.526
3900.000	12.000	1.000	8.000	1.000	11194.601
3901.000	56.000	4.000	40.000	1.000	11772.925
3902.000	14.000	1.000	10.000	1.000	13215.870
3903.000	180.000	12.000	132.000	1.000	15142.594
3904.000	143.000	10.000	103.000	1.000	17679.635
3905.000	15.000	1.000	11.000	1.000	19106.513
3906.000	72.000	5.000	52.000	1.000	23069.326
3907.000	15.000	1.000	10.000	1.000	30269.811
3908.000	2.000	0.000	0.000	1.000	44882.363
3909.000	5.000	0.000	3.000	1.000	101099.017
3910.000	1.000	0.000	0.000	1.000	210623.691
3911.000	1.000	0.000	0.000	1.000	8235.783
3912.000	8.000	6.000	0.000	1.000	8702.459
3913.000	1.000	0.000	0.000	1.000	9373.063
3914.000	13.000	1.000	9.000	1.000	10314.692
3915.000	14.000	1.000	10.000	1.000	10823.106
3916.000	85.000	6.000	61.000	1.000	12034.078
3917.000	28.000	2.000	20.000	1.000	13659.517
3918.000	85.000	6.000	61.000	1.000	14563.128
3919.000	72.000	5.000	52.000	1.000	16792.693
3920.000	59.000	4.000	41.000	1.000	20373.792
3921.000	56.000	4.000	40.000	1.000	24614.920
3922.000	84.000	6.000	60.000	1.000	26542.623
3923.000	23.000	1.000	16.000	1.000	40966.473
3924.000	2.000	0.000	0.000	1.000	63215.818
3925.000	1.000	0.000	0.000	1.000	194342.060
3926.000	7.000	5.000	0.000	1.000	8240.455
3927.000	1.000	0.000	0.000	1.000	8485.023
3928.000	3.000	1.000	0.000	1.000	9287.318
3929.000	96.000	7.000	68.000	1.000	9619.504
3930.000	27.000	2.000	19.000	1.000	10708.816
3931.000	15.000	1.000	11.000	1.000	12427.562
3932.000	27.000	2.000	19.000	1.000	13390.972
3933.000	14.000	1.000	10.000	1.000	14746.083
3934.000	28.000	2.000	20.000	1.000	17339.944
3935.000	32.000	2.000	23.000	1.000	20671.431
3936.000	3.000	0.000	1.000	1.000	23894.753
3937.000	30.000	2.000	21.000	1.000	28994.459
3938.000	3.000	0.000	1.000	1.000	35534.164
3939.000	1.000	0.000	0.000	1.000	42863.339
3940.000	2.000	0.000	0.000	1.000	158103.466
3941.000	1.000	0.000	0.000	1.000	8133.587
3942.000	1.000	0.000	0.000	1.000	8929.054
3943.000	3.000	1.000	0.000	1.000	9296.803
3944.000	1.000	0.000	0.000	1.000	10335.807
3945.000	2.000	0.000	0.000	1.000	11046.770
3946.000	13.000	1.000	9.000	1.000	11738.486
3947.000	15.000	1.000	10.000	1.000	13683.384
3948.000	141.000	10.000	101.000	1.000	14543.433
3949.000	46.000	3.000	33.000	1.000	16541.088
3950.000	13.000	1.000	9.000	1.000	19887.833
3951.000	165.000	11.000	121.000	1.000	21163.227
3952.000	2.000	0.000	0.000	1.000	29217.043
3953.000	9.000	0.000	7.000	1.000	33293.539
3954.000	1.000	0.000	0.000	1.000	57656.200
3955.000	1.000	0.000	0.000	1.000	84560.102
3700.000	1.000	0.000	0.000	1.000	8304.582
3701.000	2.000	0.000	0.000	1.000	8776.027
3702.000	1.000	0.000	0.000	1.000	9314.707
3703.000	1.000	0.000	0.000	1.000	9994.698
3704.000	1.000	0.000	0.000	1.000	10796.355
3705.000	2.000	0.000	0.000	1.000	11862.755
3706.000	15.000	1.000	10.000	1.000	13367.517
3707.000	110.000	8.000	78.000	1.000	13900.641
3708.000	1.000	0.000	0.000	1.000	17258.358
3709.000	1.000	0.000	0.000	1.000	20133.496
3710.000	1.000	0.000	0.000	1.000	24137.781
3711.000	1.000	0.000	0.000	1.000	31048.432
3712.000	5.000	0.000	3.000	1.000	40481.529
3713.000	1.000	0.000	0.000	1.000	50662.569
3714.000	2.000	0.000	0.000	1.000	65529.641
3715.000	1.000	0.000	0.000	1.000	1465691.911
3716.000	1.000	0.000	0.000	1.000	8805.429
3717.000	1.000	0.000	0.000	1.000	9251.496
3718.000	1.000	0.000	0.000	1.000	10025.526
3719.000	1.000	0.000	0.000	1.000	10871.352
3720.000	151.000	11.000	107.000	1.000	11625.634
3721.000	240.000	16.000	176.000	1.000	12850.043
3722.000	161.000	11.000	117.000	1.000	15533.352
3723.000	31.000	2.000	21.000	1.000	17736.225
3724.000	154.000	11.000	109.000	1.000	19291.660
3725.000	14.000	1.000	10.000	1.000	24045.211
3726.000	4.000	0.000	2.000	1.000	29117.985
3727.000	14.000	1.000	10.000	1.000	35347.910
3728.000	1.000	0.000	0.000	1.000	46754.803
3729.000	1.000	0.000	0.000	1.000	82368.965
3730.000	1.000	0.000	0.000	1.000	1271460.035
3731.000	1.000	0.000	0.000	1.000	7625.924
3732.000	10.000	1.000	6.000	1.000	9140.436
3733.000	34.000	2.000	25.000	1.000	10365.230
3734.000	1.000	0.000	0.000	1.000	11269.335
3735.000	1.000	0.000	0.000	1.000	11794.822
3736.000	26.000	2.000	18.000	1.000	13491.260
3737.000	97.000	7.000	69.000	1.000	15471.803
3738.000	131.000	9.000	93.000	1.000	16816.092
3739.000	28.000	2.000	20.000	1.000	18436.486
3740.000	28.000	2.000	19.000	1.000	21915.375
3741.000	27.000	2.000	19.000	1.000	29435.246
3742.000	1.000	0.000	0.000	1.000	36143.379
3743.000	1.000	0.000	0.000	1.000	53893.277
3744.000	2.000	0.000	0.000	1.000	120944.267
3745.000	1.000	0.000	0.000	1.000	1788046.750
3746.000	1.000	0.000	0.000	1.000	8277.562
3747.000	1.000	0.000	0.000	1.000	8744.569
3748.000	2.000	0.000	0.000	1.000	10171.801
3749.000	1.000	0.000	0.000	1.000	10898.080
3750.000	39.000	3.000	27.000	1.000	12254.876
3751.000	58.000	4.000	42.000	1.000	12863.495
3752.000	1.000	0.000	0.000	1.000	14128.348
3753.000	1.000	0.000	0.000	1.000	17108.157
3754.000	41.000	3.000	29.000	1.000	18055.347
3755.000	9.000	0.000	7.000	1.000	21225.797
3756.000	3.000	0.000	1.000	1.000	25088.149
3757.000	3.000	0.000	1.000	1.000	33706.976
3758.000	6.000	0.000	4.000	1.000	44581.675
3759.000	1.000	0.000	0.000	1.000	65105.551
3760.000	1.000	0.000	0.000	1.000	176727.141
3761.000	2.000	0.000	0.000	1.000	8315.662
3762.000	1.000	0.000	0.000	1.000	8693.345
3763.000	4.000	2.000	0.000	1.000	9364.846
3764.000	73.000	5.000	53.000	1.000	11266.119
3765.000	111.000	8.000	79.000	1.000	11567.867
3766.000	68.000	5.000	48.000	1.000	13148.026
3767.000	43.000	3.000	31.000	1.000	15516.249
3768.000	63.000	4.000	43.000	1.000	17319.707
3769.000	58.000	4.000	42.000	1.000	18747.463
3770.000	16.000	1.000	11.000	1.000	24986.457
3771.000	3.000	0.000	1.000	1.000	25272.866
3772.000	1.000	0.000	0.000	1.000	40902.141
3773.000	1.000	0.000	0.000	1.000	45544.742
3774.000	1.000	0.000	0.000	1.000	79212.683
3775.000	2.000	0.000	0.000	1.000	128125.156
3776.000	2.000	0.000	0.000	1.000	8286.550
3777.000	4.000	2.000	0.000	1.000	8711.592
3778.000	2.000	0.000	0.000	1.000	9555.872
3779.000	1.000	0.000	0.000	1.000	10211.004
3780.000	53.000	4.000	37.000	1.000	12297.022
3781.000	13.000	1.000	9.000	1.000	12723.077
3782.000	1.000	0.000	0.000	1.000	14919.045
3783.000	1.000	0.000	0.000	1.000	17717.002
3784.000	43.000	3.000	31.000	1.000	19538.207
3785.000	13.000	1.000	9.000	1.000	21607.504
3786.000	28.000	2.000	20.000	1.000	27385.055
3787.000	29.000	2.000	21.000	1.000	33103.563
3788.000	1.000	0.000	0.000	1.000	61553.544
3789.000	1.000	0.000	0.000	1.000	103500.991
3790.000	1.000	0.000	0.000	1.000	6631102.268
3791.000	1.000	0.000	0.000	1.000	7821.341
3792.000	1.000	0.000	0.000	1.000	8909.426
3793.000	2.000	0.000	0.000	1.000	9058.643
3794.000	14.000	1.000	10.000	1.000	9655.669
3795.000	11.000	1.000	7.000	1.000	10757.568
3796.000	69.000	5.000	49.000	1.000	13299.831
3797.000	177.000	12.000	129.000	1.000	14840.935
3798.000	1.000	0.000	0.000	1.000	17063.410
3799.000	1.000	0.000	0.000	1.000	19142.150
3800.000	13.000	1.000	9.000	1.000	21471.348
3801.000	72.000	5.000	52.000	1.000	27700.561
3802.000	1.000	0.000	0.000	1.000	36392.862
3803.000	1.000	0.000	0.000	1.000	52758.404
3804.000	2.000	0.000	0.000	1.000	96885.203
3805.000	1.000	0.000	0.000	1.000	766607.892
3806.000	1.000	0.000	0.000	1.000	8305.711
3807.000	2.000	0.000	0.000	1.000	8929.312
3808.000	1.000	0.000	0.000	1.000	9227.484
3809.000	1.000	0.000	0.000	1.000	10071.131
3810.000	1.000	0.000	0.000	1.000	10741.393
3811.000	1.000	0.000	0.000	1.000	12192.875
3812.000	54.000	4.000	38.000	1.000	14555.244
3813.000	29.000	2.000	21.000	1.000	15699.561
3814.000	1.000	0.000	0.000	1.000	20396.488
3815.000	1.000	0.000	0.000	1.000	21548.344
3816.000	30.000	2.000	22.000	1.000	27317.882
3817.000	14.000	1.000	10.000	1.000	35881.968
3818.000	2.000	0.000	0.000	1.000	41862.670
3819.000	1.000	0.000	0.000	1.000	74110.821
3820.000	1.000	0.000	0.000	1.000	435702.401
3821.000	2.000	0.000	0.000	1.000	8124.690
3822.000	1.000	0.000	0.000	1.000	8732.392
3823.000	1.000	0.000	0.000	1.000	9348.453
3824.000	3.000	1.000	0.000	1.000	10147.691
3825.000	1.000	0.000	0.000	1.000	11392.056
3826.000	1.000	0.000	0.000	1.000	11834.432
3827.000	1.000	0.000	0.000	1.000	13045.110
3828.000	260.000	18.000	188.000	1.000	16754.697
3829.000	29.000	2.000	21.000	1.000	18186.741
3830.000	62.000	4.000	44.000	1.000	23901.630
3831.000	15.000	1.000	11.000	1.000	25133.606
3832.000	1.000	0.000	0.000	1.000	39946.383
3833.000	13.000	0.000	11.000	1.000	61255.586
3834.000	1.000	0.000	0.000	1.000	72927.954
3835.000	1.000	0.000	0.000	1.000	200926.173
3836.000	7.000	5.000	0.000	1.000	8227.120
3837.000	1.000	0.000	0.000	1.000	8605.107
3838.000	1.000	0.000	0.000	1.000	9603.744
3839.000	1.000	0.000	0.000	1.000	9996.300
3840.000	1.000	0.000	0.000	1.000	10751.681
3841.000	1.000	0.000	0.000	1.000	11890.762
3842.000	13.000	1.000	9.000	1.000	13271.731
3843.000	15.000	1.000	11.000	1.000	15340.657
3844.000	1.000	0.000	0.000	1.000	18917.153
3845.000	29.000	2.000	21.000	1.000	21794.078
3846.000	1.000	0.000	0.000	1.000	28661.843
3847.000	30.000	2.000	22.000	1.000	32283.704
3848.000	1.000	0.000	0.000	1.000	44995.410
3849.000	3.000	0.000	1.000	1.000	70236.376
3850.000	1.000	0.000	0.000	1.000	153696.979
3851.000	1.000	0.000	0.000	1.000	7601.346
3852.000	1.000	0.000	0.000	1.000	8682.284
3853.000	1.000	0.000	0.000	1.000	9202.767
3854.000	16.000	1.000	11.000	1.000	10375.188
3855.000	14.000	1.000	10.000	1.000	11156.996
3856.000	53.000	4.000	37.000	1.000	11663.307
3857.000	14.000	1.000	10.000	1.000	12653.964
3858.000	1.000	0.000	0.000	1.000	14229.494
3859.000	1.000	0.000	0.000	1.000	17295.850
3860.000	1.000	0.000	0.000	1.000	21893.619
3861.000	1.000	0.000	0.000	1.000	28819.765
3862.000	14.000	1.000	10.000	1.000	32442.587
3863.000	3.000	0.000	1.000	1.000	43312.327
3864.000	6.000	0.000	4.000	1.000	87668.309
3865.000	1.000	0.000	0.000	1.000	1074873.084
3866.000	1.000	0.000	0.000	1.000	8225.345
3867.000	6.000	4.000	0.000	1.000	8479.853
3868.000	1.000	0.000	0.000	1.000	9506.701
3869.000	1.000	0.000	0.000	1.000	9893.539
3870.000	1.000	0.000	0.000	1.000	10529.237
3871.000	1.000	0.000	0.000	1.000	12056.456
3872.000	1.000	0.000	0.000	1.000	13007.442
3873.000	2.000	0.000	0.000	1.000	13959.175
3874.000	125.000	9.000	89.000	1.000	17566.555
3875.000	107.000	8.000	75.000	1.000	20686.990
3876.000	1.000	0.000	0.000	1.000	26202.812
3877.000	1.000	0.000	0.000	1.000	33048.284
3878.000	1.000	0.000	0.000	1.000	43490.071
3879.000	1.000	0.000	0.000	1.000	111224.007
3880.000	1.000	0.000	0.000	1.000	240930.917
3881.000	1.000	0.000	0.000	1.000	8165.637
3882.000	1.000	0.000	0.000	1.000	8705.913
3883.000	1.000	0.000	0.000	1.000	9441.592
3884.000	1.000	0.000	0.000	1.000	9752.562
3885.000	12.000	1.000	8.000	1.000	10739.925
3886.000	3.000	0.000	1.000	1.000	11566.176
3887.000	1.000	0.000	0.000	1.000	13035.009
3888.000	69.000	5.000	49.000	1.000	15034.909
3889.000	166.000	12.000	118.000	1.000	16029.039
3890.000	29.000	2.000	21.000	1.000	18227.232
3891.000	15.000	1.000	11.000	1.000	21655.628
3892.000	16.000	1.000	12.000	1.000	41646.531
3893.000	16.000	1.000	12.000	1.000	55862.471
3894.000	1.000	0.000	0.000	1.000	72865.920
3895.000	1.000	0.000	0.000	1.000	224385.327
3896.000	1.000	0.000	0.000	1.000	8259.417
3897.000	1.000	0.000	0.000	1.000	8620.342
3898.000	1.000	0.000	0.000	1.000	9105.135
3899.000	1.000	0.000	0.000	1.000	10130.582
3900.000	27.000	2.000	19.000	1.000	10998.187
3901.000	43.000	3.000	31.000	1.000	11390.003
3902.000	57.000	4.000	41.000	1.000	12716.488
3903.000	106.000	7.000	78.000	1.000	14799.463
3904.000	113.000	8.000	81.000	1.000	17782.523
3905.000	178.000	12.000	130.000	1.000	18829.235
3906.000	56.000	4.000	40.000	1.000	24655.058
3907.000	14.000	1.000	8.000	1.000	25225.005
3908.000	1.000	0.000	0.000	1.000	48844.238
3909.000	1.000	0.000	0.000	1.000	98550.683
3910.000	1.000	0.000	0.000	1.000	169450.361
3911.000	4.000	2.000	0.000	1.000	8279.134
3912.000	10.000	8.000	0.000	1.000	8535.387
3913.000	1.000	0.000	0.000	1.000	9270.347
3914.000	69.000	5.000	49.000	1.000	10394.468
3915.000	13.000	1.000	9.000	1.000	10453.765
3916.000	57.000	4.000	41.000	1.000	11691.283
3917.000	60.000	4.000	42.000	1.000	13884.432
3918.000	29.000	2.000	21.000	1.000	14102.351
3919.000	57.000	4.000	41.000	1.000	17319.707
3920.000	166.000	12.000	118.000	1.000	18599.676
3921.000	15.000	1.000	10.000	1.000	24990.209
3922.000	1.000	0.000	0.000	1.000	25415.584
3923.000	1.000	0.000	0.000	1.000	38921.374
3924.000	3.000	0.000	1.000	1.000	78541.642
3925.000	1.000	0.000	0.000	1.000	127058.431
3926.000	6.000	4.000	0.000	1.000	8303.678
3927.000	1.000	0.000	0.000	1.000	8623.977
3928.000	9.000	1.000	5.000	1.000	9101.110
3929.000	15.000	1.000	10.000	1.000	10264.620
3930.000	167.000	12.000	119.000	1.000	10508.775
3931.000	113.000	8.000	81.000	1.000	12369.165
3932.000	13.000	1.000	9.000	1.000	13588.395
3933.000	1.000	0.000	0.000	1.000	14589.467
3934.000	11.000	0.000	9.000	1.000	15944.053
3935.000	31.000	2.000	23.000	1.000	19790.955
3936.000	140.000	10.000	100.000	1.000	21692.570
3937.000	42.000	3.000	30.000	1.000	26902.009
3938.000	2.000	0.000	0.000	1.000	33237.635
3939.000	1.000	0.000	0.000	1.000	42122.883
3940.000	1.000	0.000	0.000	1.000	161231.820
3941.000	1.000	0.000	0.000	1.000	7987.084
3942.000	1.000	0.000	0.000	1.000	8874.249
3943.000	1.000	0.000	0.000	1.000	9167.828
3944.000	1.000	0.000	0.000	1.000	10378.282
3945.000	1.000	0.000	0.000	1.000	11253.671
3946.000	15.000	1.000	9.000	1.000	12139.345
3947.000	43.000	3.000	31.000	1.000	13311.435
3948.000	28.000	2.000	20.000	1.000	15592.374
3949.000	29.000	2.000	21.000	1.000	17797.040
3950.000	81.000	6.000	57.000	1.000	20782.130
3951.000	43.000	2.000	33.000	1.000	24405.377
3952.000	119.000	8.000	87.000	1.000	30423.555
3953.000	17.000	1.000	13.000	1.000	38169.852
3954.000	1.000	0.000	0.000	1.000	55963.298
3955.000	1.000	0.000	0.000	1.000	103283.584
3700.000	8.000	6.000	0.000	1.000	8141.197
3701.000	5.000	3.000	0.000	1.000	8882.442
3702.000	1.000	0.000	0.000	1.000	9312.746
3703.000	1.000	0.000	0.000	1.000	10112.219
3704.000	1.000	0.000	0.000	1.000	10591.077
3705.000	1.000	0.000	0.000	1.000	11945.807
3706.000	29.000	2.000	21.000	1.000	13159.919
3707.000	82.000	6.000	58.000	1.000	15384.377
3708.000	1.000	0.000	0.000	1.000	17032.222
3709.000	15.000	1.000	10.000	1.000	20161.842
3710.000	1.000	0.000	0.000	1.000	23590.904
3711.000	15.000	1.000	11.000	1.000	26137.099
3712.000	1.000	0.000	0.000	1.000	32203.292
3713.000	1.000	0.000	0.000	1.000	43585.085
3714.000	1.000	0.000	0.000	1.000	63770.028
3715.000	1.000	0.000	0.000	1.000	379373.839
3716.000	1.000	0.000	0.000	1.000	8863.262
3717.000	2.000	0.000	0.000	1.000	9533.569
3718.000	1.000	0.000	0.000	1.000	10032.616
3719.000	1.000	0.000	0.000	1.000	10970.990
3720.000	109.000	8.000	77.000	1.000	11897.894
3721.000	45.000	3.000	33.000	1.000	13421.807
3722.000	15.000	1.000	10.000	1.000	14308.496
3723.000	261.000	18.000	189.000	1.000	16309.752
3724.000	14.000	1.000	10.000	1.000	18427.156
3725.000	29.000	2.000	21.000	1.000	22563.652
3726.000	16.000	1.000	10.000	1.000	29601.662
3727.000	1.000	0.000	0.000	1.000	35233.396
3728.000	1.000	0.000	0.000	1.000	47948.800
3729.000	1.000	0.000	0.000	1.000	117802.834
3730.000	1.000	0.000	0.000	1.000	359446.015
3731.000	1.000	0.000	0.000	1.000	7721.593
3732.000	26.000	2.000	18.000	1.000	9085.308
3733.000	61.000	4.000	45.000	1.000	10054.267
3734.000	1.000	0.000	0.000	1.000	11271.347
3735.000	1.000	0.000	0.000	1.000	11714.622
3736.000	78.000	6.000	54.000	1.000	12923.318
3737.000	85.000	6.000	61.000	1.000	14316.125
3738.000	14.000	1.000	10.000	1.000	17027.776
3739.000	131.000	9.000	93.000	1.000	20433.157
3740.000	14.000	1.000	10.000	1.000	21358.925
3741.000	41.000	3.000	29.000	1.000	29892.045
3742.000	1.000	0.000	0.000	1.000	38187.105
3743.000	1.000	0.000	0.000	1.000	48495.954
3744.000	17.000	1.000	12.000	1.000	65229.717
3745.000	1.000	0.000	0.000	1.000	183155.328
3746.000	1.000	0.000	0.000	1.000	8271.057
3747.000	1.000	0.000	0.000	1.000	8713.322
3748.000	1.000	0.000	0.000	1.000	10200.011
3749.000	1.000	0.000	0.000	1.000	10858.971
3750.000	40.000	3.000	28.000	1.000	11678.355
3751.000	202.000	14.000	146.000	1.000	12614.936
3752.000	1.000	0.000	0.000	1.000	14291.994
3753.000	256.000	19.000	178.000	1.000	17607.254
3754.000	3.000	0.000	1.000	1.000	18094.272
3755.000	3.000	0.000	1.000	1.000	21807.012
3756.000	5.000	0.000	3.000	1.000	27583.976
3757.000	3.000	0.000	1.000	1.000	35115.950
3758.000	1.000	0.000	0.000	1.000	60873.572
3759.000	2.000	0.000	0.000	1.000	107980.885
3760.000	1.000	0.000	0.000	1.000	304769.248
3761.000	2.000	0.000	0.000	1.000	8302.324
3762.000	1.000	0.000	0.000	1.000	8855.866
3763.000	1.000	0.000	0.000	1.000	9582.116
3764.000	71.000	5.000	51.000	1.000	10550.129
3765.000	14.000	1.000	10.000	1.000	11981.419
3766.000	13.000	1.000	9.000	1.000	13761.359
3767.000	143.000	10.000	103.000	1.000	14808.283
3768.000	158.000	11.000	114.000	1.000	15877.000
3769.000	42.000	3.000	30.000	1.000	20202.649
3770.000	153.000	10.000	113.000	1.000	24504.293
3771.000	1.000	0.000	0.000	1.000	27373.837
3772.000	1.000	0.000	0.000	1.000	36991.093
3773.000	1.000	0.000	0.000	1.000	46780.554
3774.000	4.000	0.000	2.000	1.000	93436.538
3775.000	1.000	0.000	0.000	1.000	250066.734
3776.000	17.000	15.000	0.000	1.000	8032.465
3777.000	15.000	13.000	0.000	1.000	8845.430
3778.000	1.000	0.000	0.000	1.000	9305.747
3779.000	1.000	0.000	0.000	1.000	10154.945
3780.000	14.000	1.000	10.000	1.000	11516.511
3781.000	70.000	5.000	48.000	1.000	13513.995
3782.000	1.000	0.000	0.000	1.000	14090.620
3783.000	15.000	1.000	11.000	1.000	16367.203
3784.000	203.000	14.000	147.000	1.000	20205.127
3785.000	30.000	2.000	21.000	1.000	23795.465
3786.000	28.000	2.000	20.000	1.000	29057.354
3787.000	2.000	0.000	0.000	1.000	39674.702
3788.000	2.000	0.000	0.000	1.000	62294.123
3789.000	1.000	0.000	0.000	1.000	77970.321
3790.000	1.000	0.000	0.000	1.000	1669500.716
3791.000	1.000	0.000	0.000	1.000	7931.596
3792.000	4.000	2.000	0.000	1.000	8886.031
3793.000	1.000	0.000	0.000	1.000	9276.739
3794.000	1.000	0.000	0.000	1.000	10259.907
3795.000	1.000	0.000	0.000	1.000	10745.800
3796.000	40.000	3.000	28.000	1.000	12971.562
3797.000	30.000	2.000	21.000	1.000	15279.129
3798.000	98.000	7.000	70.000	1.000	16473.275
3799.000	73.000	5.000	53.000	1.000	18651.514
3800.000	42.000	3.000	30.000	1.000	23460.850
3801.000	15.000	1.000	10.000	1.000	29052.312
3802.000	1.000	0.000	0.000	1.000	39824.143
3803.000	1.000	0.000	0.000	1.000	53236.557
3804.000	1.000	0.000	0.000	1.000	122709.237
3805.000	1.000	0.000	0.000	1.000	354643.039
3806.000	10.000	8.000	0.000	1.000	8098.324
3807.000	1.000	0.000	0.000	1.000	8892.703
3808.000	1.000	0.000	0.000	1.000	9159.676
3809.000	1.000	0.000	0.000	1.000	10202.008
3810.000	1.000	0.000	0.000	1.000	11020.500
3811.000	3.000	1.000	0.000	1.000	12337.533
3812.000	41.000	3.000	29.000	1.000	14973.640
3813.000	27.000	2.000	19.000	1.000	16278.727
3814.000	2.000	0.000	0.000	1.000	20667.545
3815.000	1.000	0.000	0.000	1.000	21180.873
3816.000	30.000	2.000	22.000	1.000	27113.884
3817.000	30.000	2.000	22.000	1.000	39278.506
3818.000	1.000	0.000	0.000	1.000	41723.470
3819.000	1.000	0.000	0.000	1.000	109456.686
3820.000	1.000	0.000	0.000	1.000	253306.486
3821.000	1.000	0.000	0.000	1.000	8210.949
3822.000	1.000	0.000	0.000	1.000	8822.350
3823.000	2.000	0.000	0.000	1.000	9515.447
3824.000	1.000	0.000	0.000	1.000	10085.444
3825.000	1.000	0.000	0.000	1.000	10874.357
3826.000	1.000	0.000	0.000	1.000	12312.243
3827.000	1.000	0.000	0.000	1.000	13389.853
3828.000	118.000	8.000	86.000	1.000	17618.644
3829.000	72.000	5.000	52.000	1.000	19244.202
3830.000	59.000	4.000	43.000	1.000	23815.941
3831.000	16.000	1.000	12.000	1.000	28879.427
3832.000	27.000	1.000	21.000	1.000	37554.656
3833.000	1.000	0.000	0.000	1.000	56398.198
3834.000	1.000	0.000	0.000	1.000	77459.644
3835.000	2.000	0.000	0.000	1.000	273559.414
3836.000	22.000	20.000	0.000	1.000	8265.457
3837.000	1.000	0.000	0.000	1.000	8757.775
3838.000	1.000	0.000	0.000	1.000	9497.680
3839.000	1.000	0.000	0.000	1.000	10272.371
3840.000	1.000	0.000	0.000	1.000	11123.944
3841.000	1.000	0.000	0.000	1.000	12256.764
3842.000	44.000	3.000	32.000	1.000	12635.422
3843.000	343.000	23.000	251.000	1.000	15350.837
3844.000	29.000	2.000	20.000	1.000	20533.703
3845.000	29.000	2.000	21.000	1.000	21294.217
3846.000	3.000	0.000	1.000	1.000	27028.306
3847.000	3.000	0.000	1.000	1.000	32123.273
3848.000	1.000	0.000	0.000	1.000	44395.031
3849.000	1.000	0.000	0.000	1.000	68977.089
3850.000	1.000	0.000	0.000	1.000	264929.291
3851.000	1.000	0.000	0.000	1.000	7550.172
3852.000	1.000	0.000	0.000	1.000	8830.200
3853.000	1.000	0.000	0.000	1.000	9281.191
3854.000	13.000	1.000	9.000	1.000	9773.389
3855.000	1.000	0.000	0.000	1.000	11159.364
3856.000	15.000	1.000	9.000	1.000	12119.445
3857.000	59.000	4.000	43.000	1.000	12972.614
3858.000	1.000	0.000	0.000	1.000	14571.678
3859.000	1.000	0.000	0.000	1.000	17518.520
3860.000	1.000	0.000	0.000	1.000	22252.841
3861.000	2.000	0.000	0.000	1.000	29075.012
3862.000	1.000	0.000	0.000	1.000	35771.613
3863.000	2.000	0.000	0.000	1.000	44441.547
3864.000	1.000	0.000	0.000	1.000	84393.833
3865.000	2.000	0.000	0.000	1.000	134303.657
3866.000	2.000	0.000	0.000	1.000	8315.436
3867.000	1.000	0.000	0.000	1.000	8890.136
3868.000	4.000	2.000	0.000	1.000	9583.003
3869.000	1.000	0.000	0.000	1.000	10099.468
3870.000	1.000	0.000	0.000	1.000	10639.535
3871.000	1.000	0.000	0.000	1.000	12136.564
3872.000	1.000	0.000	0.000	1.000	12804.201
3873.000	1.000	0.000	0.000	1.000	14283.757
3874.000	72.000	5.000	52.000	1.000	17322.464
3875.000	66.000	5.000	46.000	1.000	20614.578
3876.000	1.000	0.000	0.000	1.000	30928.286
3877.000	1.000	0.000	0.000	1.000	38531.019
3878.000	1.000	0.000	0.000	1.000	54244.947
3879.000	1.000	0.000	0.000	1.000	99808.677
3880.000	1.000	0.000	0.000	1.000	240103.464
3881.000	2.000	0.000	0.000	1.000	8095.523
3882.000	1.000	0.000	0.000	1.000	8603.900
3883.000	1.000	0.000	0.000	1.000	9061.569
3884.000	1.000	0.000	0.000	1.000	10236.070
3885.000	1.000	0.000	0.000	1.000	10725.264
3886.000	2.000	0.000	0.000	1.000	11374.836
3887.000	1.000	0.000	0.000	1.000	13850.332
3888.000	94.000	7.000	66.000	1.000	14857.997
3889.000	27.000	2.000	19.000	1.000	15869.239
3890.000	55.000	4.000	39.000	1.000	18705.768
3891.000	69.000	5.000	49.000	1.000	21306.578
3892.000	16.000	1.000	12.000	1.000	36295.005
3893.000	1.000	0.000	0.000	1.000	57269.158
3894.000	1.000	0.000	0.000	1.000	95832.332
3895.000	3.000	0.000	1.000	1.000	170491.656
3896.000	1.000	0.000	0.000	1.000	8180.103
3897.000	1.000	0.000	0.000	1.000	8728.671
3898.000	1.000	0.000	0.000	1.000	9350.993
3899.000	1.000	0.000	0.000	1.000	10116.804
3900.000	27.000	2.000	19.000	1.000	10927.588
3901.000	1.000	0.000	0.000	1.000	12419.326
3902.000	43.000	3.000	31.000	1.000	13751.345
3903.000	14.000	1.000	10.000	1.000	13960.387
3904.000	305.000	22.000	217.000	1.000	15870.791
3905.000	14.000	1.000	10.000	1.000	20254.818
3906.000	8.000	0.000	6.000	1.000	23980.998
3907.000	1.000	0.000	0.000	1.000	26891.175
3908.000	1.000	0.000	0.000	1.000	50996.537
3909.000	1.000	0.000	0.000	1.000	77477.143
3910.000	1.000	0.000	0.000	1.000	163440.170
3911.000	1.000	0.000	0.000	1.000	8244.909
3912.000	4.000	0.000	2.000	1.000	8428.940
3913.000	1.000	0.000	0.000	1.000	9256.202
3914.000	29.000	2.000	21.000	1.000	10239.421
3915.000	14.000	1.000	10.000	1.000	11154.629
3916.000	173.000	12.000	124.000	1.000	12289.425
3917.000	29.000	2.000	21.000	1.000	13503.186
3918.000	13.000	1.000	9.000	1.000	15355.203
3919.000	87.000	6.000	63.000	1.000	16636.599
3920.000	14.000	1.000	10.000	1.000	18965.246
3921.000	1.000	0.000	0.000	1.000	23882.727
3922.000	1.000	0.000	0.000	1.000	28481.349
3923.000	2.000	0.000	0.000	1.000	41631.176
3924.000	1.000	0.000	0.000	1.000	78201.422
3925.000	2.000	0.000	0.000	1.000	134612.834
3926.000	10.000	8.000	0.000	1.000	8074.902
3927.000	1.000	0.000	0.000	1.000	8821.338
3928.000	8.000	1.000	4.000	1.000	8933.973
3929.000	4.000	1.000	0.000	1.000	9691.790
3930.000	27.000	2.000	19.000	1.000	10898.080
3931.000	28.000	2.000	20.000	1.000	11640.162
3932.000	1.000	0.000	0.000	1.000	13427.990
3933.000	1.000	0.000	0.000	1.000	14183.744
3934.000	28.000	2.000	19.000	1.000	16603.515
3935.000	44.000	3.000	32.000	1.000	17940.526
3936.000	2.000	0.000	0.000	1.000	24708.163
3937.000	1.000	0.000	0.000	1.000	25328.609
3938.000	7.000	0.000	5.000	1.000	32758.627
3939.000	1.000	0.000	0.000	1.000	43284.684
3940.000	1.000	0.000	0.000	1.000	161977.232
3941.000	1.000	0.000	0.000	1.000	8184.716
3942.000	3.000	1.000	0.000	1.000	8743.573
3943.000	1.000	0.000	0.000	1.000	9532.398
3944.000	2.000	0.000	0.000	1.000	10300.775
3945.000	3.000	1.000	0.000	1.000	10448.538
3946.000	67.000	5.000	47.000	1.000	11853.447
3947.000	102.000	7.000	74.000	1.000	13401.048
3948.000	14.000	1.000	10.000	1.000	14638.438
3949.000	30.000	2.000	22.000	1.000	17821.285
3950.000	98.000	7.000	70.000	1.000	19480.325
3951.000	14.000	1.000	10.000	1.000	24439.460
3952.000	31.000	2.000	23.000	1.000	26608.229
3953.000	31.000	2.000	23.000	1.000	41075.798
3954.000	1.000	0.000	0.000	1.000	49992.752
3955.000	15.000	1.000	11.000	1.000	72144.783
3700.000	1.000	0.000	0.000	1.000	8088.854
3701.000	1.000	0.000	0.000	1.000	8916.390
3702.000	1.000	0.000	0.000	1.000	9471.293
3703.000	1.000	0.000	0.000	1.000	10178.094
3704.000	1.000	0.000	0.000	1.000	10944.301
3705.000	1.000	0.000	0.000	1.000	11440.287
3706.000	139.000	10.000	99.000	1.000	12908.703
3707.000	84.000	6.000	60.000	1.000	14351.190
3708.000	14.000	1.000	10.000	1.000	15947.969
3709.000	58.000	4.000	42.000	1.000	18288.297
3710.000	16.000	1.000	11.000	1.000	23222.769
3711.000	2.000	0.000	0.000	1.000	31054.176
3712.000	44.000	3.000	32.000	1.000	33002.896
3713.000	2.000	0.000	0.000	1.000	58930.311
3714.000	3.000	0.000	0.000	1.000	88893.221
3715.000	1.000	0.000	0.000	1.000	302983.746
3716.000	1.000	0.000	0.000	1.000	8763.268
3717.000	1.000	0.000	0.000	1.000	9513.697
3718.000	1.000	0.000	0.000	1.000	10238.416
3719.000	1.000	0.000	0.000	1.000	10811.945
3720.000	27.000	2.000	19.000	1.000	11620.515
3721.000	299.000	20.000	219.000	1.000	13256.900
3722.000	30.000	2.000	22.000	1.000	15147.556
3723.000	186.000	13.000	134.000	1.000	15656.365
3724.000	14.000	1.000	10.000	1.000	18546.018
3725.000	3.000	0.000	1.000	1.000	22368.600
3726.000	29.000	2.000	21.000	1.000	27827.378
3727.000	1.000	0.000	0.000	1.000	38225.979
3728.000	1.000	0.000	0.000	1.000	55399.659
3729.000	15.000	1.000	11.000	1.000	80874.409
3730.000	1.000	0.000	0.000	1.000	830763.697
3731.000	1.000	0.000	0.000	1.000	7678.842
3732.000	11.000	1.000	7.000	1.000	9012.333
3733.000	59.000	4.000	43.000	1.000	10313.673
3734.000	3.000	1.000	0.000	1.000	11313.742
3735.000	1.000	0.000	0.000	1.000	11997.714
3736.000	79.000	6.000	55.000	1.000	12971.562
3737.000	97.000	7.000	69.000	1.000	14292.628
3738.000	159.000	11.000	115.000	1.000	15669.981
3739.000	15.000	1.000	11.000	1.000	18497.877
3740.000	128.000	9.000	91.000	1.000	23053.290
3741.000	43.000	3.000	30.000	1.000	27306.718
3742.000	1.000	0.000	0.000	1.000	35101.324
3743.000	1.000	0.000	0.000	1.000	47659.718
3744.000	5.000	0.000	3.000	1.000	85316.440
3745.000	1.000	0.000	0.000	1.000	177221.712
3746.000	1.000	0.000	0.000	1.000	8210.065
3747.000	2.000	0.000	0.000	1.000	8897.585
3748.000	3.000	1.000	0.000	1.000	10006.238
3749.000	1.000	0.000	0.000	1.000	11053.743
3750.000	41.000	3.000	29.000	1.000	12281.836
3751.000	44.000	3.000	32.000	1.000	13012.206
3752.000	27.000	2.000	19.000	1.000	15266.880
3753.000	28.000	2.000	20.000	1.000	17564.667
3754.000	8.000	0.000	6.000	1.000	18551.265
3755.000	9.000	0.000	7.000	1.000	21638.619
3756.000	4.000	0.000	2.000	1.000	29257.874
3757.000	4.000	0.000	2.000	1.000	32255.824
3758.000	1.000	0.000	0.000	1.000	53512.457
3759.000	1.000	0.000	0.000	1.000	105986.581
3760.000	1.000	0.000	0.000	1.000	170958.938
3761.000	1.000	0.000	0.000	1.000	8178.347
3762.000	1.000	0.000	0.000	1.000	8798.376
3763.000	2.000	0.000	0.000	1.000	9596.030
3764.000	73.000	5.000	53.000	1.000	10738.457
3765.000	57.000	4.000	41.000	1.000	11654.295
3766.000	152.000	11.000	108.000	1.000	13079.243
3767.000	128.000	9.000	92.000	1.000	15278.408
3768.000	289.000	20.000	209.000	1.000	16873.555
3769.000	86.000	6.000	60.000	1.000	18564.922
3770.000	1.000	0.000	0.000	1.000	24954.609
3771.000	1.000	0.000	0.000	1.000	27606.760
3772.000	54.000	4.000	38.000	1.000	40892.261
3773.000	1.000	0.000	0.000	1.000	44552.410
3774.000	1.000	0.000	0.000	1.000	121370.071
3775.000	1.000	0.000	0.000	1.000	175357.887
3776.000	1.000	0.000	0.000	1.000	8058.432
3777.000	1.000	0.000	0.000	1.000	8718.515
3778.000	1.000	0.000	0.000	1.000	9433.835
3779.000	1.000	0.000	0.000	1.000	10267.989
3780.000	28.000	2.000	20.000	1.000	12465.975
3781.000	28.000	2.000	19.000	1.000	13402.169
3782.000	42.000	3.000	30.000	1.000	14281.858
3783.000	1.000	0.000	0.000	1.000	15779.738
3784.000	44.000	3.000	32.000	1.000	18101.275
3785.000	14.000	1.000	10.000	1.000	23817.649
3786.000	16.000	1.000	10.000	1.000	30589.991
3787.000	29.000	2.000	21.000	1.000	36495.186
3788.000	2.000	0.000	0.000	1.000	58536.237
3789.000	1.000	0.000	0.000	1.000	89355.568
3790.000	1.000	0.000	0.000	1.000	6623401.450
3791.000	1.000	0.000	0.000	1.000	8168.044
3792.000	1.000	0.000	0.000	1.000	8898.100
3793.000	1.000	0.000	0.000	1.000	9012.597
3794.000	1.000	0.000	0.000	1.000	10238.080
3795.000	1.000	0.000	0.000	1.000	10797.467
3796.000	13.000	1.000	9.000	1.000	12930.637
3797.000	121.000	8.000	89.000	1.000	13903.647
3798.000	28.000	2.000	20.000	1.000	16854.359
3799.000	73.000	5.000	53.000	1.000	19744.637
3800.000	30.000	2.000	20.000	1.000	23795.465
3801.000	1.000	0.000	0.000	1.000	29455.947
3802.000	2.000	0.000	0.000	1.000	40612.660
3803.000	1.000	0.000	0.000	1.000	47740.045
3804.000	81.000	5.000	61.000	1.000	77564.756
3805.000	1.000	0.000	0.000	1.000	125295.437
3806.000	5.000	3.000	0.000	1.000	8248.476
3807.000	5.000	3.000	0.000	1.000	8897.071
3808.000	1.000	0.000	0.000	1.000	9562.347
3809.000	1.000	0.000	0.000	1.000	10243.110
3810.000	1.000	0.000	0.000	1.000	11135.334
3811.000	1.000	0.000	0.000	1.000	12489.425
3812.000	60.000	4.000	42.000	1.000	15185.230
3813.000	16.000	1.000	11.000	1.000	16364.733
3814.000	41.000	3.000	29.000	1.000	17868.992
3815.000	56.000	4.000	40.000	1.000	21864.675
3816.000	76.000	5.000	54.000	1.000	30713.185
3817.000	5.000	0.000	3.000	1.000	31982.654
3818.000	1.000	0.000	0.000	1.000	49283.039
3819.000	1.000	0.000	0.000	1.000	84747.935
3820.000	1.000	0.000	0.000	1.000	291444.217
3821.000	1.000	0.000	0.000	1.000	8091.864
3822.000	1.000	0.000	0.000	1.000	8814.514
3823.000	1.000	0.000	0.000	1.000	9515.739
3824.000	1.000	0.000	0.000	1.000	10067.559
3825.000	1.000	0.000	0.000	1.000	11136.120
3826.000	2.000	0.000	0.000	1.000	12396.126
3827.000	2.000	0.000	0.000	1.000	13608.561
3828.000	57.000	4.000	41.000	1.000	15808.179
3829.000	87.000	6.000	63.000	1.000	18302.603
3830.000	28.000	2.000	20.000	1.000	24587.626
3831.000	31.000	2.000	23.000	1.000	25284.380
3832.000	1.000	0.000	0.000	1.000	33300.129
3833.000	15.000	1.000	11.000	1.000	47612.984
3834.000	1.000	0.000	0.000	1.000	87356.196
3835.000	1.000	0.000	0.000	1.000	160493.259
3836.000	1.000	0.000	0.000	1.000	8276.664
3837.000	1.000	0.000	0.000	1.000	8778.783
3838.000	1.000	0.000	0.000	1.000	9575.911
3839.000	4.000	2.000	0.000	1.000	10026.814
3840.000	1.000	0.000	0.000	1.000	11203.742
3841.000	1.000	0.000	0.000	1.000	12173.738
3842.000	15.000	1.000	11.000	1.000	13466.901
3843.000	1.000	0.000	0.000	1.000	15538.564
3844.000	44.000	3.000	32.000	1.000	19647.934
3845.000	28.000	2.000	20.000	1.000	23967.158
3846.000	1.000	0.000	0.000	1.000	27105.083
3847.000	17.000	1.000	13.000	1.000	35108.636
3848.000	1.000	0.000	0.000	1.000	55399.658
3849.000	1.000	0.000	0.000	1.000	87068.347
3850.000	1.000	0.000	0.000	1.000	192678.322
3851.000	1.000	0.000	0.000	1.000	7509.917
3852.000	1.000	0.000	0.000	1.000	8641.952
3853.000	1.000	0.000	0.000	1.000	9243.479
3854.000	2.000	0.000	0.000	1.000	9751.339
3855.000	1.000	0.000	0.000	1.000	11100.840
3856.000	124.000	9.000	88.000	1.000	12370.607
3857.000	57.000	4.000	41.000	1.000	12769.896
3858.000	1.000	0.000	0.000	1.000	15043.302
3859.000	1.000	0.000	0.000	1.000	17496.004
3860.000	2.000	0.000	0.000	1.000	21079.461
3861.000	26.000	2.000	18.000	1.000	30820.367
3862.000	1.000	0.000	0.000	1.000	32511.600
3863.000	1.000	0.000	0.000	1.000	44983.484
3864.000	1.000	0.000	0.000	1.000	88027.734
3865.000	2.000	0.000	0.000	1.000	215004.516
3866.000	6.000	4.000	0.000	1.000	8301.872
3867.000	4.000	2.000	0.000	1.000	8707.147
3868.000	5.000	3.000	0.000	1.000	9504.372
3869.000	1.000	0.000	0.000	1.000	10153.956
3870.000	1.000	0.000	0.000	1.000	10646.388
3871.000	1.000	0.000	0.000	1.000	12108.826
3872.000	1.000	0.000	0.000	1.000	12731.704
3873.000	1.000	0.000	0.000	1.000	14068.445
3874.000	1.000	0.000	0.000	1.000	17181.130
3875.000	13.000	1.000	9.000	1.000	18926.971
3876.000	2.000	0.000	0.000	1.000	27405.270
3877.000	1.000	0.000	0.000	1.000	33300.129
3878.000	1.000	0.000	0.000	1.000	52009.202
3879.000	1.000	0.000	0.000	1.000	91888.047
3880.000	1.000	0.000	0.000	1.000	136924.567
3881.000	1.000	0.000	0.000	1.000	8244.909
3882.000	1.000	0.000	0.000	1.000	8810.474
3883.000	1.000	0.000	0.000	1.000	9586.257
3884.000	1.000	0.000	0.000	1.000	10167.499
3885.000	1.000	0.000	0.000	1.000	11017.802
3886.000	1.000	0.000	0.000	1.000	11385.080
3887.000	2.000	0.000	0.000	1.000	13643.844
3888.000	13.000	1.000	9.000	1.000	14238.301
3889.000	180.000	13.000	128.000	1.000	16261.630
3890.000	81.000	6.000	57.000	1.000	18302.603
3891.000	42.000	3.000	30.000	1.000	23078.959
3892.000	2.000	0.000	0.000	1.000	35046.581
3893.000	1.000	0.000	0.000	1.000	53029.409
3894.000	1.000	0.000	0.000	1.000	71797.024
3895.000	1.000	0.000	0.000	1.000	150048.521
3896.000	1.000	0.000	0.000	1.000	8308.649
3897.000	1.000	0.000	0.000	1.000	8904.532
3898.000	1.000	0.000	0.000	1.000	9269.513
3899.000	1.000	0.000	0.000	1.000	10180.083
3900.000	1.000	0.000	0.000	1.000	10470.875
3901.000	14.000	1.000	10.000	1.000	11582.681
3902.000	100.000	7.000	72.000	1.000	13535.662
3903.000	59.000	4.000	43.000	1.000	15105.829
3904.000	44.000	3.000	32.000	1.000	16051.215
3905.000	14.000	1.000	10.000	1.000	19034.522
3906.000	16.000	1.000	11.000	1.000	24486.250
3907.000	26.000	2.000	18.000	1.000	31178.181
3908.000	1.000	0.000	0.000	1.000	46722.653
3909.000	1.000	0.000	0.000	1.000	79432.769
3910.000	1.000	0.000	0.000	1.000	175917.827
3911.000	2.000	0.000	0.000	1.000	8321.780
3912.000	4.000	0.000	2.000	1.000	8535.863
3913.000	1.000	0.000	0.000	1.000	9408.352
3914.000	12.000	1.000	8.000	1.000	9683.942
3915.000	70.000	5.000	50.000	1.000	11362.567
3916.000	28.000	2.000	20.000	1.000	12309.386
3917.000	148.000	10.000	108.000	1.000	13346.364
3918.000	237.000	17.000	169.000	1.000	14850.485
3919.000	15.000	1.000	11.000	1.000	16883.169
3920.000	14.000	1.000	10.000	1.000	18115.298
3921.000	14.000	1.000	10.000	1.000	21784.029
3922.000	1.000	0.000	0.000	1.000	27606.760
3923.000	39.000	2.000	29.000	1.000	35050.225
3924.000	1.000	0.000	0.000	1.000	73459.510
3925.000	3.000	0.000	1.000	1.000	204090.823
3926.000	1.000	0.000	0.000	1.000	8206.088
3927.000	1.000	0.000	0.000	1.000	8656.333
3928.000	1.000	0.000	0.000	1.000	9533.862
3929.000	4.000	0.000	2.000	1.000	9699.952
3930.000	69.000	5.000	49.000	1.000	10925.692
3931.000	15.000	1.000	11.000	1.000	11725.024
3932.000	2.000	0.000	0.000	1.000	13588.971
3933.000	1.000	0.000	0.000	1.000	14792.008
3934.000	16.000	1.000	10.000	1.000	16117.301
3935.000	1.000	0.000	0.000	1.000	18462.451
3936.000	123.000	9.000	87.000	1.000	21450.442
3937.000	72.000	5.000	52.000	1.000	25007.106
3938.000	9.000	0.000	7.000	1.000	32625.156
3939.000	2.000	0.000	0.000	1.000	44769.875
3940.000	1.000	0.000	0.000	1.000	181918.022
3941.000	1.000	0.000	0.000	1.000	8162.137
3942.000	4.000	1.000	0.000	1.000	8499.154
3943.000	3.000	1.000	0.000	1.000	9363.431
3944.000	2.000	0.000	0.000	1.000	10373.470
3945.000	3.000	0.000	1.000	1.000	10492.250
3946.000	38.000	3.000	26.000	1.000	12394.197
3947.000	14.000	1.000	10.000	1.000	12979.987
3948.000	43.000	3.000	31.000	1.000	15558.701
3949.000	118.000	8.000	86.000	1.000	16851.744
3950.000	2.000	0.000	0.000	1.000	19616.294
3951.000	1.000	0.000	0.000	1.000	22185.729
3952.000	15.000	1.000	11.000	1.000	25340.172
3953.000	14.000	1.000	9.000	1.000	36201.549
3954.000	2.000	0.000	0.000	1.000	57999.136
3955.000	3.000	0.000	1.000	1.000	68741.629
