0.000	1.400	1.500	7238.186	0.000	1.000
4.000	1.400	1.600	3976.082	0.000	1.000
8.000	1.400	1.600	4566.457	0.000	1.000
12.000	1.400	1.600	3558.981	0.000	1.000
16.000	1.400	1.600	7656.482	0.000	1.000
20.000	1.400	1.600	3522.964	0.000	1.000
24.000	1.400	1.600	4173.679	0.000	1.000
28.000	1.400	1.600	3568.483	0.000	1.000
32.000	1.400	1.600	4987.419	0.000	1.000
36.000	1.400	1.600	3731.553	0.000	1.000
40.000	1.400	1.600	4314.829	0.000	1.000
44.000	1.400	1.600	3666.938	0.000	1.000
48.000	1.400	1.600	3847.057	0.000	1.000
52.000	1.400	1.600	3872.964	0.000	1.000
56.000	1.400	1.600	3420.449	0.000	1.000
60.000	1.400	1.600	3852.091	0.000	1.000
64.000	1.400	1.600	4742.986	0.000	1.000
68.000	1.400	1.600	3899.667	0.000	1.000
72.000	1.400	1.600	3671.259	0.000	1.000
76.000	1.400	1.600	3755.618	0.000	1.000
80.000	1.400	1.600	4172.354	0.000	1.000
84.000	1.400	1.600	4281.193	0.000	1.000
88.000	1.400	1.600	3435.205	0.000	1.000
92.000	1.400	1.600	3672.680	0.000	1.000
96.000	1.400	1.600	3829.386	0.000	1.000
100.000	1.400	1.600	3037.669	0.000	1.000
104.000	1.400	1.600	4154.017	0.000	1.000
108.000	1.400	1.600	3657.708	0.000	1.000
112.000	1.400	1.600	3979.121	0.000	1.000
116.000	1.400	1.600	4056.624	0.000	1.000
120.000	1.400	1.600	5703.690	0.000	1.000
124.000	1.400	1.600	4034.295	0.000	1.000
128.000	1.400	1.600	3589.945	0.000	1.000
132.000	1.400	1.600	3344.550	0.000	1.000
136.000	1.400	1.600	3845.282	0.000	1.000
140.000	1.400	1.600	3459.042	0.000	1.000
144.000	1.400	1.600	3670.261	0.000	1.000
148.000	1.400	1.600	5509.468	0.000	1.000
152.000	1.400	1.600	3911.751	0.000	1.000
156.000	1.400	1.600	4032.670	0.000	1.000
160.000	1.400	1.600	3911.342	0.000	1.000
164.000	1.400	1.600	3630.213	0.000	1.000
168.000	1.400	1.600	3164.565	0.000	1.000
172.000	1.400	1.600	3304.486	0.000	1.000
176.000	1.400	1.600	3873.231	0.000	1.000
180.000	1.400	1.600	4281.477	0.000	1.000
184.000	1.400	1.600	5549.807	0.000	1.000
188.000	1.400	1.600	3625.595	0.000	1.000
192.000	1.400	1.600	3890.302	0.000	1.000
196.000	1.400	1.600	4698.885	0.000	1.000
200.000	1.400	1.600	3267.107	0.000	1.000
204.000	1.400	1.600	5432.625	0.000	1.000
208.000	1.400	1.600	3914.886	0.000	1.000
212.000	1.400	1.600	3679.011	0.000	1.000
216.000	1.400	1.600	3378.344	0.000	1.000
220.000	1.400	1.600	4019.629	0.000	1.000
224.000	1.400	1.600	4266.806	0.000	1.000
228.000	1.400	1.600	3377.174	0.000	1.000
232.000	1.400	1.600	3614.128	0.000	1.000
236.000	1.400	1.600	4592.873	0.000	1.000
240.000	1.400	1.600	3498.462	0.000	1.000
244.000	1.400	1.600	3409.343	0.000	1.000
248.000	1.400	1.600	3574.115	0.000	1.000
252.000	1.400	1.600	4109.595	0.000	1.000
256.000	1.400	1.600	5729.502	0.000	1.000
260.000	1.400	1.600	5593.084	0.000	1.000
264.000	1.400	1.600	7361.880	0.000	1.000
268.000	1.400	1.600	4382.686	0.000	1.000
272.000	1.400	1.600	3917.607	0.000	1.000
276.000	1.400	1.600	3892.115	0.000	1.000
280.000	1.400	1.600	4184.455	0.000	1.000
284.000	1.400	1.600	3742.479	0.000	1.000
288.000	1.400	1.600	4107.589	0.000	1.000
292.000	1.400	1.600	3725.080	0.000	1.000
296.000	1.400	1.600	3819.676	0.000	1.000
300.000	1.400	1.600	4935.202	0.000	1.000
304.000	1.400	1.600	3840.817	0.000	1.000
308.000	1.400	1.600	4234.607	0.000	1.000
312.000	1.400	1.600	6057.392	0.000	1.000
316.000	1.400	1.600	3822.800	0.000	1.000
320.000	1.400	1.600	3508.386	0.000	1.000
324.000	1.400	1.600	4013.589	0.000	1.000
328.000	1.400	1.600	4665.376	0.000	1.000
332.000	1.400	1.600	3936.015	0.000	1.000
336.000	1.400	1.600	3574.273	0.000	1.000
340.000	1.400	1.600	4221.862	0.000	1.000
344.000	1.400	1.600	3695.700	0.000	1.000
348.000	1.400	1.600	4115.670	0.000	1.000
352.000	1.400	1.600	3951.825	0.000	1.000
356.000	1.400	1.600	8889.195	0.000	1.000
360.000	1.400	1.600	3967.983	0.000	1.000
364.000	1.400	1.600	3688.030	0.000	1.000
368.000	1.400	1.600	4156.669	0.000	1.000
372.000	1.400	1.600	3731.817	0.000	1.000
376.000	1.400	1.600	4106.059	0.000	1.000
380.000	1.400	1.600	4395.190	0.000	1.000
384.000	1.400	1.600	3587.907	0.000	1.000
388.000	1.400	1.600	3699.409	0.000	1.000
392.000	1.400	1.600	4641.211	0.000	1.000
396.000	1.400	1.600	3804.967	0.000	1.000
400.000	1.400	1.600	3818.190	0.000	1.000
404.000	1.400	1.600	6232.366	0.000	1.000
408.000	1.400	1.600	3889.381	0.000	1.000
412.000	1.400	1.600	3522.166	0.000	1.000
416.000	1.400	1.600	4059.370	0.000	1.000
420.000	1.400	1.600	3802.180	0.000	1.000
424.000	1.400	1.600	8566.070	0.000	1.000
428.000	1.400	1.600	3537.513	0.000	1.000
432.000	1.400	1.600	3988.987	0.000	1.000
436.000	1.400	1.600	3591.740	0.000	1.000
440.000	1.400	1.600	3690.883	0.000	1.000
444.000	1.400	1.600	3683.431	0.000	1.000
448.000	1.400	1.600	4364.360	0.000	1.000
452.000	1.400	1.600	6996.756	0.000	1.000
456.000	1.400	1.600	3552.867	0.000	1.000
460.000	1.400	1.600	3608.474	0.000	1.000
464.000	1.400	1.600	5054.396	0.000	1.000
468.000	1.400	1.600	3895.545	0.000	1.000
472.000	1.400	1.600	7152.803	0.000	1.000
476.000	1.400	1.600	4142.101	0.000	1.000
480.000	1.400	1.600	3462.938	0.000	1.000
484.000	1.400	1.600	3768.439	0.000	1.000
488.000	1.400	1.600	3780.062	0.000	1.000
492.000	1.400	1.600	3852.577	0.000	1.000
496.000	1.400	1.600	3425.596	0.000	1.000
500.000	1.400	1.600	4026.376	0.000	1.000
504.000	1.400	1.600	4087.243	0.000	1.000
508.000	1.400	1.600	3941.017	0.000	1.000
512.000	1.400	1.600	9361.951	0.000	1.000
516.000	1.400	1.600	3720.241	0.000	1.000
520.000	1.400	1.600	5344.060	0.000	1.000
524.000	1.400	1.600	3938.873	0.000	1.000
528.000	1.400	1.600	5326.847	0.000	1.000
532.000	1.400	1.600	3494.209	0.000	1.000
536.000	1.400	1.600	3466.195	0.000	1.000
540.000	1.400	1.600	3675.137	0.000	1.000
544.000	1.400	1.600	3804.082	0.000	1.000
548.000	1.400	1.600	3758.593	0.000	1.000
552.000	1.400	1.600	3816.341	0.000	1.000
556.000	1.400	1.600	3825.214	0.000	1.000
560.000	1.400	1.600	4087.492	0.000	1.000
564.000	1.400	1.600	3926.077	0.000	1.000
568.000	1.400	1.600	3586.041	0.000	1.000
572.000	1.400	1.600	3813.044	0.000	1.000
576.000	1.400	1.600	8364.387	0.000	1.000
580.000	1.400	1.600	3896.844	0.000	1.000
584.000	1.400	1.600	4569.140	0.000	1.000
588.000	1.400	1.600	4306.288	0.000	1.000
592.000	1.400	1.600	3643.032	0.000	1.000
596.000	1.400	1.600	3722.611	0.000	1.000
600.000	1.400	1.600	5839.755	0.000	1.000
604.000	1.400	1.600	3506.157	0.000	1.000
608.000	1.400	1.600	3595.697	0.000	1.000
612.000	1.400	1.600	3342.698	0.000	1.000
616.000	1.400	1.600	4009.823	0.000	1.000
620.000	1.400	1.600	3858.154	0.000	1.000
624.000	1.400	1.600	3863.894	0.000	1.000
628.000	1.400	1.600	3981.309	0.000	1.000
632.000	1.400	1.600	4038.945	0.000	1.000
636.000	1.400	1.600	5291.586	0.000	1.000
640.000	1.400	1.600	3701.902	0.000	1.000
644.000	1.400	1.600	3769.250	0.000	1.000
648.000	1.400	1.600	4998.148	0.000	1.000
652.000	1.400	1.600	3790.239	0.000	1.000
656.000	1.400	1.600	6841.925	0.000	1.000
660.000	1.400	1.600	3230.039	0.000	1.000
664.000	1.400	1.600	4146.796	0.000	1.000
668.000	1.400	1.600	4944.485	0.000	1.000
672.000	1.400	1.600	4067.140	0.000	1.000
676.000	1.400	1.600	3907.932	0.000	1.000
680.000	1.400	1.600	4282.488	0.000	1.000
684.000	1.400	1.600	4006.354	0.000	1.000
688.000	1.400	1.600	3375.891	0.000	1.000
692.000	1.400	1.600	3954.009	0.000	1.000
696.000	1.400	1.600	3654.821	0.000	1.000
700.000	1.400	1.600	3788.680	0.000	1.000
704.000	1.400	1.600	3981.186	0.000	1.000
708.000	1.400	1.600	3732.581	0.000	1.000
712.000	1.400	1.600	3646.747	0.000	1.000
716.000	1.400	1.600	4269.872	0.000	1.000
720.000	1.400	1.600	5757.641	0.000	1.000
724.000	1.600	2.600	3506.489	0.000	1.000
728.000	1.400	1.600	3515.827	0.000	1.000
732.000	1.400	1.600	3845.766	0.000	1.000
736.000	1.400	1.600	3688.807	0.000	1.000
740.000	1.400	1.600	3626.943	0.000	1.000
744.000	1.400	1.600	3924.440	0.000	1.000
748.000	1.400	1.600	4053.965	0.000	1.000
752.000	1.400	1.600	3626.082	0.000	1.000
756.000	1.400	1.600	3752.103	0.000	1.000
760.000	1.400	1.600	3694.959	0.000	1.000
764.000	1.400	1.600	3674.970	0.000	1.000
768.000	1.400	1.600	6126.274	0.000	1.000
772.000	1.400	1.600	3745.244	0.000	1.000
776.000	1.400	1.600	4988.391	0.000	1.000
780.000	1.400	1.600	3655.826	0.000	1.000
784.000	1.400	1.600	3904.279	0.000	1.000
788.000	1.400	1.600	3504.059	0.000	1.000
792.000	1.400	1.600	3904.161	0.000	1.000
796.000	1.400	1.600	3263.451	0.000	1.000
800.000	1.400	1.600	4094.277	0.000	1.000
804.000	1.400	1.600	3431.563	0.000	1.000
808.000	1.400	1.600	6106.928	0.000	1.000
812.000	1.400	1.600	3604.990	0.000	1.000
816.000	1.400	1.600	4131.885	0.000	1.000
820.000	1.400	1.600	3731.617	0.000	1.000
824.000	1.400	1.600	3588.532	0.000	1.000
828.000	1.400	1.600	3792.389	0.000	1.000
832.000	1.400	1.600	3451.141	0.000	1.000
836.000	1.400	1.600	3460.378	0.000	1.000
840.000	1.400	1.600	3962.813	0.000	1.000
844.000	1.400	1.600	4087.022	0.000	1.000
848.000	1.400	1.600	3808.225	0.000	1.000
852.000	1.400	1.600	3701.513	0.000	1.000
856.000	1.400	1.600	4963.750	0.000	1.000
860.000	1.400	1.600	3520.002	0.000	1.000
864.000	1.400	1.600	3844.544	0.000	1.000
868.000	1.400	1.600	3680.127	0.000	1.000
872.000	1.400	1.600	3986.029	0.000	1.000
876.000	1.400	1.600	4954.458	0.000	1.000
880.000	1.400	1.600	3630.871	0.000	1.000
884.000	1.400	1.600	3978.857	0.000	1.000
888.000	1.400	1.600	3942.645	0.000	1.000
892.000	1.400	1.600	4314.332	0.000	1.000
896.000	1.400	1.600	3442.171	0.000	1.000
900.000	1.400	1.600	3831.673	0.000	1.000
904.000	1.400	1.600	4054.881	0.000	1.000
908.000	1.400	1.600	5044.813	0.000	1.000
912.000	1.400	1.600	3705.360	0.000	1.000
916.000	1.400	1.600	4757.868	0.000	1.000
920.000	1.400	1.600	3970.380	0.000	1.000
924.000	1.400	1.600	3639.317	0.000	1.000
928.000	1.400	1.600	4794.104	0.000	1.000
932.000	1.400	1.600	3764.077	0.000	1.000
936.000	1.400	1.600	3692.554	0.000	1.000
940.000	1.400	1.600	3779.123	0.000	1.000
944.000	1.400	1.600	4020.497	0.000	1.000
948.000	1.400	1.600	4066.276	0.000	1.000
952.000	1.400	1.600	3743.827	0.000	1.000
956.000	1.400	1.600	3748.581	0.000	1.000
960.000	1.400	1.600	3850.873	0.000	1.000
964.000	1.400	1.600	3781.930	0.000	1.000
968.000	1.400	1.600	4080.285	0.000	1.000
972.000	1.400	1.600	5159.198	0.000	1.000
976.000	1.400	1.600	3922.955	0.000	1.000
980.000	1.400	1.600	4531.947	0.000	1.000
984.000	1.400	1.600	3716.252	0.000	1.000
988.000	1.400	1.600	3572.821	0.000	1.000
992.000	1.400	1.600	3541.242	0.000	1.000
996.000	1.400	1.600	3341.120	0.000	1.000
1000.000	1.400	1.600	3782.829	0.000	1.000
1004.000	1.400	1.600	5472.564	0.000	1.000
1008.000	1.400	1.600	6118.364	0.000	1.000
1012.000	1.400	1.600	4031.395	0.000	1.000
1016.000	1.400	1.600	3647.392	0.000	1.000
1020.000	1.400	1.600	3873.304	0.000	1.000
1024.000	1.400	1.600	3596.220	0.000	1.000
1028.000	1.400	1.600	3809.004	0.000	1.000
1032.000	1.400	1.600	4243.920	0.000	1.000
1036.000	1.400	1.600	4902.235	0.000	1.000
1040.000	1.400	1.600	3902.761	0.000	1.000
1044.000	1.400	1.600	3752.280	0.000	1.000
1048.000	1.400	1.600	3784.576	0.000	1.000
1052.000	1.400	1.600	3968.824	0.000	1.000
1056.000	1.400	1.600	3824.302	0.000	1.000
1060.000	1.400	1.600	3811.158	0.000	1.000
1064.000	1.400	1.600	3539.238	0.000	1.000
1068.000	1.400	1.600	3841.291	0.000	1.000
1072.000	1.400	1.600	3761.796	0.000	1.000
1076.000	1.400	1.600	3791.138	0.000	1.000
1080.000	1.400	1.600	3742.459	0.000	1.000
1084.000	1.400	1.600	6539.685	0.000	1.000
1088.000	1.400	1.600	4153.818	0.000	1.000
1092.000	1.400	1.600	3543.231	0.000	1.000
1096.000	1.400	1.600	3422.869	0.000	1.000
1100.000	1.400	1.600	3715.423	0.000	1.000
1104.000	1.400	1.600	3515.216	0.000	1.000
1108.000	1.400	1.600	3336.866	0.000	1.000
1112.000	1.400	1.600	3575.256	0.000	1.000
1116.000	1.400	1.600	4338.693	0.000	1.000
1120.000	1.400	1.600	3279.701	0.000	1.000
1124.000	1.400	1.600	3969.651	0.000	1.000
1128.000	1.400	1.600	3812.101	0.000	1.000
1132.000	1.400	1.600	4323.801	0.000	1.000
1136.000	1.400	1.600	3678.809	0.000	1.000
1140.000	1.400	1.600	4307.177	0.000	1.000
1144.000	1.400	1.600	3747.008	0.000	1.000
1148.000	1.400	1.600	6354.417	0.000	1.000
1152.000	1.400	1.600	4336.813	0.000	1.000
1156.000	1.400	1.600	3800.035	0.000	1.000
1160.000	1.400	1.600	5950.988	0.000	1.000
1164.000	1.400	1.600	3584.333	0.000	1.000
1168.000	1.400	1.600	3371.016	0.000	1.000
1172.000	1.400	1.600	3856.770	0.000	1.000
1176.000	1.400	1.600	3866.635	0.000	1.000
1180.000	1.400	1.600	3628.934	0.000	1.000
1184.000	1.400	1.600	3551.001	0.000	1.000
1188.000	1.400	1.600	5847.559	0.000	1.000
1192.000	1.400	1.600	3696.841	0.000	1.000
1196.000	1.400	1.600	3420.418	0.000	1.000
1200.000	1.400	1.600	3723.805	0.000	1.000
1204.000	1.400	1.600	3941.512	0.000	1.000
1208.000	1.400	1.600	3803.858	0.000	1.000
1212.000	1.400	1.600	3747.803	0.000	1.000
1216.000	1.400	1.600	3879.824	0.000	1.000
1220.000	1.400	1.600	3578.635	0.000	1.000
1224.000	1.400	1.600	3866.575	0.000	1.000
1228.000	1.400	1.600	3704.142	0.000	1.000
1232.000	1.400	1.500	5547.950	0.000	1.000
1236.000	1.400	1.600	3869.509	0.000	1.000
1240.000	1.400	1.600	3289.838	0.000	1.000
1244.000	1.400	1.600	5227.800	0.000	1.000
1248.000	1.400	1.600	3978.439	0.000	1.000
1252.000	1.400	1.600	3328.925	0.000	1.000
1256.000	1.400	1.600	3521.714	0.000	1.000
1260.000	1.400	1.600	4109.998	0.000	1.000
1264.000	1.400	1.600	4052.380	0.000	1.000
1268.000	1.400	1.600	3961.772	0.000	1.000
1272.000	1.400	1.600	3770.805	0.000	1.000
1276.000	1.400	1.600	3685.532	0.000	1.000
1280.000	1.400	1.600	4108.219	0.000	1.000
1284.000	1.400	1.600	4008.641	0.000	1.000
1288.000	1.400	1.600	3533.411	0.000	1.000
1292.000	1.400	1.600	6451.666	0.000	1.000
1296.000	1.400	1.600	3573.191	0.000	1.000
1300.000	1.400	1.600	4993.748	0.000	1.000
1304.000	1.400	1.600	3812.994	0.000	1.000
1308.000	1.400	1.600	3895.903	0.000	1.000
1312.000	1.400	1.600	3638.393	0.000	1.000
1316.000	1.400	1.600	3629.978	0.000	1.000
1320.000	1.400	1.600	3349.684	0.000	1.000
1324.000	1.400	1.600	3650.213	0.000	1.000
1328.000	1.400	1.600	4168.723	0.000	1.000
1332.000	1.400	1.600	3492.443	0.000	1.000
1336.000	1.400	1.600	3759.344	0.000	1.000
1340.000	1.400	1.600	4339.996	0.000	1.000
1344.000	1.400	1.600	3214.244	0.000	1.000
1348.000	1.400	1.600	3790.639	0.000	1.000
1352.000	1.400	1.600	3391.413	0.000	1.000
1356.000	1.400	1.500	7126.182	0.000	1.000
1360.000	1.400	1.600	3791.427	0.000	1.000
1364.000	1.400	1.600	3963.616	0.000	1.000
1368.000	1.400	1.600	5692.858	0.000	1.000
1372.000	1.400	1.600	6270.629	0.000	1.000
1376.000	1.400	1.600	3657.020	0.000	1.000
1380.000	1.400	1.600	3852.913	0.000	1.000
1384.000	1.400	1.600	3830.472	0.000	1.000
1388.000	1.400	1.600	3897.189	0.000	1.000
1392.000	1.400	1.600	4078.393	0.000	1.000
1396.000	1.400	1.600	3550.875	0.000	1.000
1400.000	1.400	1.600	5639.414	0.000	1.000
1404.000	1.400	1.600	3805.886	0.000	1.000
1408.000	1.400	1.600	3718.184	0.000	1.000
1412.000	1.400	1.600	3602.253	0.000	1.000
1416.000	1.400	1.600	4000.671	0.000	1.000
1420.000	1.400	1.600	4442.613	0.000	1.000
1424.000	1.400	1.600	3745.667	0.000	1.000
1428.000	1.400	1.600	5869.030	0.000	1.000
1432.000	1.400	1.600	3970.154	0.000	1.000
1436.000	1.400	1.600	3800.964	0.000	1.000
1440.000	1.400	1.600	4108.980	0.000	1.000
1444.000	1.400	1.600	3959.327	0.000	1.000
1448.000	1.400	1.600	3736.842	0.000	1.000
1452.000	1.400	1.600	4530.337	0.000	1.000
1456.000	1.400	1.600	4701.848	0.000	1.000
1460.000	1.400	1.600	4185.601	0.000	1.000
1464.000	1.400	1.600	3785.654	0.000	1.000
1468.000	1.400	1.600	3576.306	0.000	1.000
1472.000	1.400	1.600	3871.406	0.000	1.000
1476.000	1.400	1.600	3616.410	0.000	1.000
1480.000	1.400	1.600	5264.361	0.000	1.000
1484.000	1.400	1.600	3875.412	0.000	1.000
1488.000	1.400	1.600	4052.621	0.000	1.000
1492.000	1.400	1.600	3548.856	0.000	1.000
1496.000	1.400	1.600	3747.335	0.000	1.000
1500.000	1.400	1.600	3752.361	0.000	1.000
1504.000	1.400	1.600	5681.556	0.000	1.000
1508.000	1.400	1.600	3880.074	0.000	1.000
1512.000	1.400	1.600	3478.689	0.000	1.000
1516.000	1.400	1.600	3628.262	0.000	1.000
1520.000	1.400	1.600	4488.003	0.000	1.000
1524.000	1.400	1.600	3532.852	0.000	1.000
1528.000	1.400	1.600	4124.848	0.000	1.000
1532.000	1.400	1.600	4056.118	0.000	1.000
1536.000	1.400	1.600	3565.546	0.000	1.000
1540.000	1.400	1.600	7132.296	0.000	1.000
1544.000	1.400	1.600	3839.339	0.000	1.000
1548.000	1.400	1.600	3676.747	0.000	1.000
1552.000	1.400	1.600	3697.477	0.000	1.000
1556.000	1.400	1.600	3295.871	0.000	1.000
1560.000	1.400	1.600	3882.449	0.000	1.000
1564.000	1.400	1.600	4241.264	0.000	1.000
1568.000	1.400	1.600	3906.744	0.000	1.000
1572.000	1.400	1.600	3916.396	0.000	1.000
1576.000	1.400	1.600	5600.287	0.000	1.000
1580.000	1.400	1.600	3629.835	0.000	1.000
1584.000	1.400	1.600	3394.183	0.000	1.000
1588.000	1.400	1.600	4507.560	0.000	1.000
1592.000	1.400	1.600	4002.133	0.000	1.000
1596.000	1.400	1.600	3612.573	0.000	1.000
1600.000	1.400	1.600	4073.804	0.000	1.000
1604.000	1.400	1.600	3428.732	0.000	1.000
1608.000	1.400	1.600	4162.670	0.000	1.000
1612.000	1.400	1.700	8123.930	0.000	1.000
1616.000	1.400	1.600	3700.309	0.000	1.000
1620.000	1.400	1.600	3662.377	0.000	1.000
1624.000	1.400	1.600	3420.486	0.000	1.000
1628.000	1.400	1.600	4294.924	0.000	1.000
1632.000	1.400	1.600	3870.773	0.000	1.000
1636.000	1.400	1.600	3812.740	0.000	1.000
1640.000	1.400	1.600	6795.007	0.000	1.000
1644.000	1.400	1.600	3811.367	0.000	1.000
1648.000	1.400	1.600	3852.295	0.000	1.000
1652.000	1.400	1.600	3843.415	0.000	1.000
1656.000	1.400	1.600	3763.223	0.000	1.000
1660.000	1.400	1.600	5733.265	0.000	1.000
1664.000	1.400	1.600	8000.965	0.000	1.000
1668.000	1.400	1.600	3683.727	0.000	1.000
1672.000	1.400	1.600	3394.580	0.000	1.000
1676.000	1.400	1.600	3697.791	0.000	1.000
1680.000	1.400	1.500	3119.077	0.000	1.000
1684.000	1.400	1.600	3671.585	0.000	1.000
1688.000	1.400	1.600	3455.534	0.000	1.000
1692.000	1.400	1.600	3398.326	0.000	1.000
1696.000	1.400	1.600	3214.297	0.000	1.000
1700.000	1.400	1.600	4317.128	0.000	1.000
1704.000	1.400	1.600	6219.579	0.000	1.000
1708.000	1.400	1.600	3609.850	0.000	1.000
1712.000	1.400	1.600	3711.935	0.000	1.000
1716.000	1.400	1.600	3761.479	0.000	1.000
1720.000	1.400	1.600	3297.322	0.000	1.000
1724.000	1.400	1.600	4758.382	0.000	1.000
1728.000	1.400	1.600	4219.330	0.000	1.000
1732.000	1.400	1.600	4031.339	0.000	1.000
1736.000	1.400	1.600	3767.819	0.000	1.000
1740.000	1.400	1.600	3895.946	0.000	1.000
1744.000	1.400	1.600	3693.172	0.000	1.000
1748.000	1.400	1.600	3915.031	0.000	1.000
1752.000	1.400	1.600	3474.805	0.000	1.000
1756.000	1.400	1.600	3914.925	0.000	1.000
1760.000	1.400	1.600	3375.799	0.000	1.000
1764.000	1.400	1.600	4805.268	0.000	1.000
1768.000	1.400	1.600	3915.031	0.000	1.000
1772.000	1.400	1.600	3759.607	0.000	1.000
1776.000	1.400	1.600	3995.843	0.000	1.000
1780.000	1.400	1.600	4197.485	0.000	1.000
1784.000	1.400	1.600	3487.488	0.000	1.000
1788.000	1.400	1.600	5773.255	0.000	1.000
1792.000	1.400	1.600	3949.709	0.000	1.000
1796.000	1.400	1.600	4266.707	0.000	1.000
1800.000	1.400	1.600	3609.731	0.000	1.000
1804.000	1.400	1.600	5704.569	0.000	1.000
1808.000	1.400	1.600	3599.327	0.000	1.000
1812.000	1.400	1.600	3467.192	0.000	1.000
1816.000	1.400	1.600	3659.256	0.000	1.000
1820.000	1.400	1.600	3621.177	0.000	1.000
1824.000	1.400	1.600	3795.724	0.000	1.000
1828.000	1.400	1.600	3598.836	0.000	1.000
1832.000	1.400	1.600	3890.085	0.000	1.000
1836.000	1.400	1.600	3821.525	0.000	1.000
1840.000	1.400	1.600	3494.009	0.000	1.000
1844.000	1.400	1.600	4017.575	0.000	1.000
1848.000	1.400	1.600	6138.247	0.000	1.000
1852.000	1.400	1.600	3554.778	0.000	1.000
1856.000	1.400	1.600	3630.871	0.000	1.000
1860.000	1.400	1.600	3732.257	0.000	1.000
1864.000	1.400	1.600	4001.521	0.000	1.000
1868.000	1.400	1.600	5761.537	0.000	1.000
1872.000	1.400	1.600	3726.391	0.000	1.000
1876.000	1.400	1.600	3855.690	0.000	1.000
1880.000	1.400	1.600	4033.646	0.000	1.000
1884.000	1.400	1.600	3813.988	0.000	1.000
1888.000	1.400	1.600	3298.643	0.000	1.000
1892.000	1.400	1.600	4477.336	0.000	1.000
1896.000	1.400	1.600	3954.342	0.000	1.000
1900.000	1.400	1.600	3930.796	0.000	1.000
1904.000	1.400	1.600	4498.181	0.000	1.000
1908.000	1.400	1.600	3428.958	0.000	1.000
1912.000	1.400	1.600	3893.468	0.000	1.000
1916.000	1.400	1.600	4650.718	0.000	1.000
1920.000	1.400	1.600	8462.382	0.000	1.000
1924.000	1.400	1.600	4139.192	0.000	1.000
1928.000	1.400	1.600	3717.942	0.000	1.000
1932.000	1.400	1.600	3554.067	0.000	1.000
1936.000	1.400	1.600	3783.774	0.000	1.000
1940.000	1.400	1.600	6228.945	0.000	1.000
1944.000	1.400	1.600	4201.450	0.000	1.000
1948.000	1.400	1.600	3921.202	0.000	1.000
1952.000	1.400	1.600	3641.280	0.000	1.000
1956.000	1.400	1.600	3966.460	0.000	1.000
1960.000	1.400	1.600	3805.541	0.000	1.000
1964.000	1.400	1.600	3942.038	0.000	1.000
1968.000	1.400	1.600	3886.773	0.000	1.000
1972.000	1.400	1.600	3659.848	0.000	1.000
1976.000	1.400	1.600	3606.669	0.000	1.000
1980.000	1.400	1.600	3801.454	0.000	1.000
1984.000	1.400	1.600	3412.931	0.000	1.000
1988.000	1.400	1.600	3451.675	0.000	1.000
1992.000	1.400	1.600	3404.730	0.000	1.000
1996.000	1.400	1.600	3765.269	0.000	1.000
2000.000	1.400	1.600	3992.677	0.000	1.000
2004.000	1.400	1.600	5771.322	0.000	1.000
2008.000	1.400	1.600	3686.983	0.000	1.000
2012.000	1.400	1.600	3678.335	0.000	1.000
2016.000	1.400	1.600	3828.249	0.000	1.000
2020.000	1.400	1.600	3804.406	0.000	1.000
2024.000	1.400	1.600	5800.802	0.000	1.000
2028.000	1.400	1.600	3640.930	0.000	1.000
2032.000	1.400	1.600	3679.159	0.000	1.000
2036.000	1.400	1.600	3549.084	0.000	1.000
2040.000	1.400	1.600	3681.971	0.000	1.000
2044.000	1.400	1.600	3410.378	0.000	1.000
2048.000	1.400	1.500	3167.673	0.000	1.000
2052.000	1.400	1.600	3831.850	0.000	1.000
2056.000	1.400	1.600	4034.683	0.000	1.000
2060.000	1.400	1.600	3975.646	0.000	1.000
2064.000	1.400	1.600	8130.491	0.000	1.000
2068.000	1.400	1.600	3628.492	0.000	1.000
2072.000	1.400	1.600	4413.855	0.000	1.000
2076.000	1.400	1.600	3553.896	0.000	1.000
2080.000	1.400	1.600	5806.808	0.000	1.000
2084.000	1.400	1.600	3900.440	0.000	1.000
2088.000	1.400	1.600	3982.579	0.000	1.000
2092.000	1.400	1.600	3655.251	0.000	1.000
2096.000	1.400	1.600	3854.005	0.000	1.000
2100.000	1.400	1.600	3484.658	0.000	1.000
2104.000	1.400	1.600	3933.344	0.000	1.000
2108.000	1.400	1.600	3769.727	0.000	1.000
2112.000	1.400	1.600	4762.585	0.000	1.000
2116.000	1.400	1.600	3376.621	0.000	1.000
2120.000	1.400	1.600	4483.907	0.000	1.000
2124.000	1.400	1.600	3551.056	0.000	1.000
2128.000	1.400	1.600	3569.595	0.000	1.000
2132.000	1.400	1.600	3536.363	0.000	1.000
2136.000	1.400	1.600	4104.989	0.000	1.000
2140.000	1.400	1.600	4201.212	0.000	1.000
2144.000	1.400	1.600	3975.855	0.000	1.000
2148.000	1.500	2.100	9976.810	0.000	1.000
2152.000	1.400	1.600	3718.629	0.000	1.000
2156.000	1.400	1.600	3957.451	0.000	1.000
2160.000	1.400	1.600	3969.670	0.000	1.000
2164.000	1.900	2.200	9968.444	0.000	1.000
2168.000	1.400	1.600	5990.795	0.000	1.000
2172.000	1.400	1.600	3899.392	0.000	1.000
2176.000	1.400	1.600	3513.326	0.000	1.000
2180.000	1.400	1.600	3599.558	0.000	1.000
2184.000	1.400	1.600	3449.846	0.000	1.000
2188.000	1.400	1.600	3827.829	0.000	1.000
2192.000	1.400	1.600	3856.638	0.000	1.000
2196.000	1.400	1.600	5652.722	0.000	1.000
2200.000	1.400	1.600	3787.247	0.000	1.000
2204.000	1.400	1.600	4253.909	0.000	1.000
2208.000	1.400	1.600	3651.243	0.000	1.000
2212.000	1.400	1.600	3976.086	0.000	1.000
2216.000	1.400	1.900	9939.229	0.000	1.000
2220.000	1.400	1.600	3894.430	0.000	1.000
2224.000	1.400	1.600	4065.768	0.000	1.000
2228.000	1.400	1.600	4085.109	0.000	1.000
2232.000	1.400	1.600	4862.132	0.000	1.000
2236.000	1.400	1.600	3812.026	0.000	1.000
2240.000	1.400	1.600	3665.395	0.000	1.000
2244.000	1.400	1.600	4725.893	0.000	1.000
2248.000	1.400	1.600	3617.071	0.000	1.000
2252.000	1.400	1.600	5046.165	0.000	1.000
2256.000	1.400	1.600	4055.641	0.000	1.000
2260.000	1.400	1.600	3541.628	0.000	1.000
2264.000	1.400	1.600	4138.533	0.000	1.000
2268.000	1.400	1.600	4331.323	0.000	1.000
2272.000	1.400	1.600	3898.471	0.000	1.000
2276.000	1.400	1.600	3799.331	0.000	1.000
2280.000	1.400	1.600	3552.059	0.000	1.000
2284.000	1.400	1.600	4190.758	0.000	1.000
2288.000	1.400	1.600	4029.404	0.000	1.000
2292.000	1.400	1.600	3914.371	0.000	1.000
2296.000	1.400	1.600	3720.424	0.000	1.000
2300.000	1.400	1.600	3850.592	0.000	1.000
2304.000	1.400	1.600	5890.420	0.000	1.000
2308.000	1.400	1.600	5720.515	0.000	1.000
2312.000	1.400	1.600	6523.101	0.000	1.000
2316.000	1.400	1.600	3592.800	0.000	1.000
2320.000	1.400	1.600	4688.764	0.000	1.000
2324.000	1.400	1.600	3952.107	0.000	1.000
2328.000	1.400	1.600	4074.424	0.000	1.000
2332.000	1.400	1.600	4026.939	0.000	1.000
2336.000	1.400	1.600	3865.622	0.000	1.000
2340.000	1.400	1.600	3805.262	0.000	1.000
2344.000	1.400	1.600	3619.450	0.000	1.000
2348.000	1.400	1.600	4470.336	0.000	1.000
2352.000	1.400	1.600	3789.476	0.000	1.000
2356.000	1.400	1.600	4371.656	0.000	1.000
2360.000	1.900	1.500	9389.107	0.000	1.000
2364.000	1.400	1.600	3826.794	0.000	1.000
2368.000	1.400	1.600	3601.769	0.000	1.000
2372.000	1.400	1.600	4560.089	0.000	1.000
2376.000	1.400	1.600	4600.845	0.000	1.000
2380.000	1.400	1.600	3827.660	0.000	1.000
2384.000	1.400	1.600	3556.716	0.000	1.000
2388.000	1.400	1.600	3890.972	0.000	1.000
2392.000	1.400	1.600	3446.238	0.000	1.000
2396.000	1.400	1.600	3969.620	0.000	1.000
2400.000	1.400	1.600	4022.321	0.000	1.000
2404.000	1.400	1.600	7636.472	0.000	1.000
2408.000	1.400	1.600	3596.680	0.000	1.000
2412.000	1.400	1.600	4256.191	0.000	1.000
2416.000	1.400	1.600	4142.786	0.000	1.000
2420.000	1.400	1.600	4144.107	0.000	1.000
2424.000	1.400	1.600	3439.608	0.000	1.000
2428.000	1.400	1.600	4152.605	0.000	1.000
2432.000	1.400	1.600	3952.116	0.000	1.000
2436.000	1.400	1.600	3859.809	0.000	1.000
2440.000	1.400	1.600	5094.779	0.000	1.000
2444.000	1.400	1.600	3607.671	0.000	1.000
2448.000	1.400	1.500	9175.039	0.000	1.000
2452.000	1.400	1.600	5895.645	0.000	1.000
2456.000	1.400	1.600	3879.530	0.000	1.000
2460.000	1.400	1.600	3567.416	0.000	1.000
2464.000	1.400	1.600	3863.898	0.000	1.000
2468.000	1.400	1.600	4111.240	0.000	1.000
2472.000	1.400	1.600	8811.942	0.000	1.000
2476.000	1.400	1.600	4056.000	0.000	1.000
2480.000	1.400	1.600	3726.299	0.000	1.000
2484.000	1.400	1.600	3791.246	0.000	1.000
2488.000	1.400	1.600	3764.764	0.000	1.000
2492.000	1.400	1.600	3621.693	0.000	1.000
2496.000	1.400	1.600	4296.577	0.000	1.000
2500.000	1.400	1.600	7009.824	0.000	1.000
2504.000	1.400	1.600	3890.689	0.000	1.000
2508.000	1.400	1.500	5941.283	0.000	1.000
2512.000	1.400	1.600	4824.972	0.000	1.000
2516.000	1.400	1.600	3361.607	0.000	1.000
2520.000	1.400	1.600	6997.164	0.000	1.000
2524.000	1.400	1.600	3942.431	0.000	1.000
2528.000	1.400	1.600	3564.699	0.000	1.000
2532.000	1.400	1.600	3700.864	0.000	1.000
2536.000	1.400	1.600	3981.878	0.000	1.000
2540.000	1.400	1.600	4137.771	0.000	1.000
2544.000	1.400	1.600	3895.724	0.000	1.000
2548.000	1.400	1.600	4223.193	0.000	1.000
2552.000	1.400	1.600	4471.903	0.000	1.000
2556.000	1.400	1.600	4186.119	0.000	1.000
2560.000	1.400	1.600	9040.555	0.000	1.000
2564.000	1.400	1.600	3844.569	0.000	1.000
2568.000	1.400	1.600	5011.676	0.000	1.000
2572.000	1.400	1.600	4353.025	0.000	1.000
2576.000	1.400	1.600	5170.902	0.000	1.000
2580.000	1.400	1.500	6762.105	0.000	1.000
2584.000	1.400	1.600	3882.193	0.000	1.000
2588.000	1.400	1.600	3595.786	0.000	1.000
2592.000	1.400	1.600	4580.600	0.000	1.000
2596.000	1.400	1.600	3726.379	0.000	1.000
2600.000	1.400	1.600	3620.790	0.000	1.000
2604.000	1.400	1.600	3904.730	0.000	1.000
2608.000	1.400	1.600	3885.138	0.000	1.000
2612.000	1.400	1.600	4103.490	0.000	1.000
2616.000	1.400	1.600	3756.222	0.000	1.000
2620.000	1.400	1.600	4074.405	0.000	1.000
2624.000	1.400	1.600	7086.556	0.000	1.000
2628.000	1.400	1.600	3608.609	0.000	1.000
2632.000	1.400	1.600	5086.505	0.000	1.000
2636.000	1.400	1.600	3828.704	0.000	1.000
2640.000	1.400	1.600	3852.683	0.000	1.000
2644.000	1.400	1.600	3931.142	0.000	1.000
2648.000	1.400	1.600	4915.955	0.000	1.000
2652.000	1.400	1.600	3627.113	0.000	1.000
2656.000	1.400	1.600	4312.393	0.000	1.000
2660.000	1.400	1.600	3994.056	0.000	1.000
2664.000	1.400	1.600	3842.881	0.000	1.000
2668.000	1.400	1.600	3778.139	0.000	1.000
2672.000	1.400	1.600	3989.609	0.000	1.000
2676.000	1.400	1.600	3902.306	0.000	1.000
2680.000	1.400	1.600	3819.953	0.000	1.000
2684.000	1.400	1.600	4915.116	0.000	1.000
2688.000	1.400	1.600	3548.957	0.000	1.000
2692.000	1.400	1.600	3505.815	0.000	1.000
2696.000	1.400	1.600	5053.032	0.000	1.000
2700.000	1.400	1.600	3437.860	0.000	1.000
2704.000	1.400	1.600	7375.895	0.000	1.000
2708.000	1.400	1.600	3656.225	0.000	1.000
2712.000	1.400	1.600	3300.537	0.000	1.000
2716.000	1.400	1.600	4961.219	0.000	1.000
2720.000	1.400	1.600	4235.663	0.000	1.000
2724.000	1.400	1.600	3687.464	0.000	1.000
2728.000	1.400	1.600	4515.033	0.000	1.000
2732.000	1.400	1.600	3859.317	0.000	1.000
2736.000	1.400	1.600	3584.639	0.000	1.000
2740.000	1.400	1.600	3721.223	0.000	1.000
2744.000	1.400	1.600	4076.641	0.000	1.000
2748.000	1.400	1.500	6296.736	0.000	1.000
2752.000	1.400	1.600	3805.603	0.000	1.000
2756.000	1.400	1.600	4296.672	0.000	1.000
2760.000	1.400	1.600	3922.248	0.000	1.000
2764.000	1.400	1.600	3933.197	0.000	1.000
2768.000	1.400	1.600	5290.075	0.000	1.000
2772.000	1.400	1.600	4059.711	0.000	1.000
2776.000	1.400	1.600	3558.195	0.000	1.000
2780.000	1.400	1.600	4144.837	0.000	1.000
2784.000	1.400	1.600	3326.273	0.000	1.000
2788.000	1.400	1.600	3932.216	0.000	1.000
2792.000	1.400	1.600	3861.414	0.000	1.000
2796.000	1.400	1.600	4103.243	0.000	1.000
2800.000	1.400	1.600	3853.280	0.000	1.000
2804.000	1.400	1.600	4207.185	0.000	1.000
2808.000	1.400	1.600	4022.962	0.000	1.000
2812.000	1.400	1.600	3857.723	0.000	1.000
2816.000	1.400	1.600	7077.211	0.000	1.000
2820.000	1.400	1.600	3915.744	0.000	1.000
2824.000	1.400	1.600	3779.102	0.000	1.000
2828.000	1.400	1.600	3997.806	0.000	1.000
2832.000	1.400	1.600	3705.758	0.000	1.000
2836.000	1.400	1.600	4419.529	0.000	1.000
2840.000	1.400	1.600	4014.903	0.000	1.000
2844.000	1.400	1.600	3964.884	0.000	1.000
2848.000	1.400	1.600	3879.335	0.000	1.000
2852.000	1.400	1.600	3980.990	0.000	1.000
2856.000	1.400	1.600	5994.878	0.000	1.000
2860.000	1.400	1.600	3876.110	0.000	1.000
2864.000	1.400	1.600	4125.327	0.000	1.000
2868.000	1.400	1.600	3749.110	0.000	1.000
2872.000	1.400	1.600	3667.784	0.000	1.000
2876.000	1.400	1.600	3922.080	0.000	1.000
2880.000	1.400	1.600	3939.359	0.000	1.000
2884.000	1.400	1.600	4004.282	0.000	1.000
2888.000	1.400	1.600	3575.865	0.000	1.000
2892.000	1.400	1.600	3864.293	0.000	1.000
2896.000	1.400	1.600	3661.530	0.000	1.000
2900.000	1.400	1.600	4008.734	0.000	1.000
2904.000	1.400	1.600	5319.858	0.000	1.000
2908.000	1.400	1.600	4492.501	0.000	1.000
2912.000	1.400	1.600	3662.277	0.000	1.000
2916.000	1.400	1.500	9815.231	0.000	1.000
2920.000	1.400	1.600	3582.007	0.000	1.000
2924.000	1.400	1.600	4665.851	0.000	1.000
2928.000	1.400	1.600	3530.349	0.000	1.000
2932.000	1.400	1.600	3941.833	0.000	1.000
2936.000	1.400	1.600	4347.027	0.000	1.000
2940.000	1.400	1.600	4983.737	0.000	1.000
2944.000	1.400	1.500	9663.224	0.000	1.000
2948.000	3.100	3.200	9527.281	0.000	1.000
2952.000	1.400	1.600	3719.244	0.000	1.000
2956.000	1.400	1.600	4872.035	0.000	1.000
2960.000	1.400	1.600	4431.929	0.000	1.000
2964.000	1.400	1.600	5325.544	0.000	1.000
2968.000	1.400	1.600	3843.377	0.000	1.000
2972.000	1.400	1.600	4070.805	0.000	1.000
2976.000	1.400	1.600	4321.172	0.000	1.000
2980.000	1.400	1.600	4362.583	0.000	1.000
2984.000	1.400	1.600	3705.675	0.000	1.000
2988.000	1.400	1.600	3748.275	0.000	1.000
2992.000	1.400	1.600	4189.432	0.000	1.000
2996.000	1.400	1.600	4235.220	0.000	1.000
3000.000	1.400	1.600	4062.192	0.000	1.000
3004.000	1.400	1.600	3453.653	0.000	1.000
3008.000	1.400	1.600	3548.549	0.000	1.000
3012.000	1.400	1.600	3735.235	0.000	1.000
3016.000	1.400	1.600	3758.946	0.000	1.000
3020.000	1.400	1.600	5402.340	0.000	1.000
3024.000	1.400	1.600	3838.760	0.000	1.000
3028.000	1.400	1.600	4197.040	0.000	1.000
3032.000	1.400	1.600	3400.874	0.000	1.000
3036.000	1.400	1.600	4002.818	0.000	1.000
3040.000	1.400	1.600	3661.333	0.000	1.000
3044.000	1.400	1.600	4027.433	0.000	1.000
3048.000	1.400	1.600	3694.304	0.000	1.000
3052.000	1.400	1.600	5966.800	0.000	1.000
3056.000	1.400	1.600	6408.704	0.000	1.000
3060.000	1.400	1.600	3856.262	0.000	1.000
3064.000	1.400	1.600	3601.631	0.000	1.000
3068.000	1.400	1.600	3818.562	0.000	1.000
3072.000	1.500	2.300	9674.927	0.000	1.000
3076.000	1.400	1.600	3961.002	0.000	1.000
3080.000	1.400	1.600	4574.433	0.000	1.000
3084.000	1.400	1.600	5620.667	0.000	1.000
3088.000	1.400	1.600	3949.087	0.000	1.000
3092.000	1.400	1.600	3947.225	0.000	1.000
3096.000	1.400	1.600	3818.361	0.000	1.000
3100.000	1.400	1.600	3885.203	0.000	1.000
3104.000	1.400	1.600	3915.982	0.000	1.000
3108.000	1.400	1.600	3698.816	0.000	1.000
3112.000	1.400	1.600	3875.640	0.000	1.000
3116.000	1.400	1.600	3344.778	0.000	1.000
3120.000	1.400	1.600	3603.568	0.000	1.000
3124.000	1.400	1.600	3920.924	0.000	1.000
3128.000	1.400	1.600	4301.326	0.000	1.000
3132.000	1.400	1.600	6425.493	0.000	1.000
3136.000	1.400	1.600	4165.279	0.000	1.000
3140.000	1.400	1.600	3657.243	0.000	1.000
3144.000	1.400	1.600	3846.153	0.000	1.000
3148.000	1.400	1.600	3955.123	0.000	1.000
3152.000	1.400	1.600	3895.846	0.000	1.000
3156.000	1.400	1.600	4113.192	0.000	1.000
3160.000	1.400	1.500	5664.830	0.000	1.000
3164.000	1.400	1.600	3589.464	0.000	1.000
3168.000	1.400	1.600	3797.326	0.000	1.000
3172.000	1.400	1.600	4115.704	0.000	1.000
3176.000	1.400	1.600	4211.789	0.000	1.000
3180.000	1.400	1.600	4070.096	0.000	1.000
3184.000	1.400	1.600	3571.930	0.000	1.000
3188.000	1.400	1.600	3883.635	0.000	1.000
3192.000	1.400	1.600	4121.710	0.000	1.000
3196.000	1.400	1.600	6109.424	0.000	1.000
3200.000	1.400	1.600	4194.559	0.000	1.000
3204.000	1.400	1.600	3977.903	0.000	1.000
3208.000	1.400	1.600	5881.846	0.000	1.000
3212.000	1.400	1.600	3761.601	0.000	1.000
3216.000	1.400	1.600	3821.298	0.000	1.000
3220.000	1.400	1.600	4260.590	0.000	1.000
3224.000	1.400	1.600	4237.332	0.000	1.000
3228.000	1.400	1.600	3438.291	0.000	1.000
3232.000	1.400	1.500	6070.208	0.000	1.000
3236.000	1.400	1.600	6246.988	0.000	1.000
3240.000	1.400	1.600	4083.098	0.000	1.000
3244.000	1.400	1.600	4043.475	0.000	1.000
3248.000	1.400	1.600	3769.527	0.000	1.000
3252.000	1.400	1.600	4048.301	0.000	1.000
3256.000	1.400	1.600	3418.545	0.000	1.000
3260.000	1.400	1.600	3785.358	0.000	1.000
3264.000	1.400	1.600	3344.001	0.000	1.000
3268.000	1.400	1.600	3859.193	0.000	1.000
3272.000	1.400	1.600	3973.329	0.000	1.000
3276.000	1.400	1.600	3865.845	0.000	1.000
3280.000	1.400	1.600	3506.708	0.000	1.000
3284.000	1.400	1.600	3922.072	0.000	1.000
3288.000	1.400	1.600	4199.890	0.000	1.000
3292.000	1.400	1.600	5238.517	0.000	1.000
3296.000	1.400	1.600	4147.211	0.000	1.000
3300.000	1.400	1.600	3533.705	0.000	1.000
3304.000	1.400	1.600	3892.598	0.000	1.000
3308.000	1.400	1.600	4428.880	0.000	1.000
3312.000	1.400	1.600	3777.242	0.000	1.000
3316.000	1.400	1.600	3782.673	0.000	1.000
3320.000	1.400	1.600	3482.884	0.000	1.000
3324.000	1.400	1.600	4009.744	0.000	1.000
3328.000	1.400	1.600	4245.690	0.000	1.000
3332.000	1.400	1.600	3726.259	0.000	1.000
3336.000	1.400	1.600	3526.845	0.000	1.000
3340.000	1.400	1.600	6234.553	0.000	1.000
3344.000	1.400	1.600	3921.290	0.000	1.000
3348.000	1.400	1.600	4461.369	0.000	1.000
3352.000	1.400	1.600	3635.377	0.000	1.000
3356.000	1.400	1.600	3509.790	0.000	1.000
3360.000	1.400	1.600	3605.411	0.000	1.000
3364.000	1.400	1.600	3589.970	0.000	1.000
3368.000	1.400	1.600	3318.401	0.000	1.000
3372.000	1.400	1.600	4097.084	0.000	1.000
3376.000	1.400	1.600	3917.611	0.000	1.000
3380.000	1.400	1.600	4086.610	0.000	1.000
3384.000	1.400	1.600	3836.806	0.000	1.000
3388.000	1.400	1.600	4328.094	0.000	1.000
3392.000	1.400	1.600	3366.653	0.000	1.000
3396.000	1.400	1.600	3947.319	0.000	1.000
3400.000	1.400	1.600	3863.315	0.000	1.000
3404.000	1.400	1.600	4966.631	0.000	1.000
3408.000	1.400	1.600	3592.755	0.000	1.000
3412.000	1.400	1.600	4256.269	0.000	1.000
3416.000	1.400	1.600	5240.598	0.000	1.000
3420.000	1.400	1.600	6526.744	0.000	1.000
3424.000	1.400	1.600	4154.274	0.000	1.000
3428.000	1.400	1.600	3402.701	0.000	1.000
3432.000	1.400	1.600	3755.740	0.000	1.000
3436.000	1.400	1.600	3929.607	0.000	1.000
3440.000	1.400	1.600	3484.138	0.000	1.000
3444.000	1.400	1.600	3590.230	0.000	1.000
3448.000	1.400	1.600	6345.480	0.000	1.000
3452.000	1.400	1.600	3957.293	0.000	1.000
3456.000	1.400	1.600	3498.315	0.000	1.000
3460.000	1.400	1.600	3952.394	0.000	1.000
3464.000	1.400	1.600	4114.936	0.000	1.000
3468.000	1.400	1.600	4268.809	0.000	1.000
3472.000	1.400	1.600	3646.648	0.000	1.000
3476.000	1.400	1.600	5365.795	0.000	1.000
3480.000	1.400	1.600	4054.168	0.000	1.000
3484.000	1.400	1.600	4092.958	0.000	1.000
3488.000	1.400	1.600	4336.878	0.000	1.000
3492.000	1.400	1.600	4008.748	0.000	1.000
3496.000	1.400	1.600	3772.982	0.000	1.000
3500.000	1.400	1.600	4668.384	0.000	1.000
3504.000	1.400	1.600	4298.783	0.000	1.000
3508.000	1.400	1.600	4425.599	0.000	1.000
3512.000	1.400	1.600	4373.451	0.000	1.000
3516.000	1.400	1.600	3853.071	0.000	1.000
3520.000	1.400	1.600	3942.194	0.000	1.000
3524.000	1.400	1.600	3825.676	0.000	1.000
3528.000	1.400	1.600	4476.536	0.000	1.000
3532.000	1.400	1.600	3349.075	0.000	1.000
3536.000	1.400	1.600	3523.203	0.000	1.000
3540.000	1.400	1.600	4198.022	0.000	1.000
3544.000	1.400	1.600	3600.194	0.000	1.000
3548.000	1.400	1.600	3991.707	0.000	1.000
3552.000	1.400	1.600	5788.972	0.000	1.000
3556.000	1.400	1.600	4041.875	0.000	1.000
3560.000	1.400	1.600	3447.694	0.000	1.000
3564.000	1.400	1.600	3827.829	0.000	1.000
3568.000	1.400	1.600	4890.039	0.000	1.000
3572.000	1.400	1.600	3613.356	0.000	1.000
3576.000	1.400	1.600	3974.281	0.000	1.000
3580.000	1.400	1.600	3810.641	0.000	1.000
3584.000	1.400	1.600	4072.180	0.000	1.000
3588.000	1.400	1.600	7376.255	0.000	1.000
3592.000	1.400	1.600	4385.185	0.000	1.000
3596.000	1.400	1.600	4085.224	0.000	1.000
3600.000	1.400	1.600	3553.338	0.000	1.000
3604.000	1.400	1.600	3602.622	0.000	1.000
3608.000	1.400	1.600	3838.002	0.000	1.000
3612.000	1.400	1.600	4043.292	0.000	1.000
3616.000	1.400	1.600	3573.011	0.000	1.000
3620.000	1.400	1.600	3645.861	0.000	1.000
3624.000	1.400	1.600	5489.383	0.000	1.000
3628.000	1.400	1.600	3918.299	0.000	1.000
3632.000	1.400	1.600	3685.446	0.000	1.000
3636.000	3.300	3.300	35183.233	0.000	0.000
3640.000	1.400	1.600	3717.767	0.000	1.000
3644.000	1.400	1.600	3868.568	0.000	1.000
3648.000	1.400	1.600	3826.281	0.000	1.000
3652.000	1.400	1.600	3686.964	0.000	1.000
3656.000	1.400	1.600	3515.997	0.000	1.000
3660.000	1.400	1.700	8053.096	0.000	1.000
3664.000	1.400	1.600	4010.853	0.000	1.000
3668.000	1.400	1.600	3777.360	0.000	1.000
3672.000	1.400	1.600	4313.258	0.000	1.000
3676.000	1.400	1.600	4689.118	0.000	1.000
3680.000	1.400	1.600	3898.755	0.000	1.000
3684.000	1.400	1.600	4165.069	0.000	1.000
3688.000	1.400	1.600	8341.231	0.000	1.000
3692.000	1.400	1.600	4221.662	0.000	1.000
3696.000	1.400	1.600	3905.697	0.000	1.000
3700.000	1.400	1.600	3697.599	0.000	1.000
3704.000	1.400	1.600	4233.747	0.000	1.000
3708.000	1.400	1.600	5611.195	0.000	1.000
3712.000	1.400	1.600	7450.526	0.000	1.000
3716.000	1.400	1.600	4207.032	0.000	1.000
3720.000	1.400	1.600	3953.812	0.000	1.000
3724.000	1.400	1.600	3910.218	0.000	1.000
3728.000	1.400	1.600	7616.233	0.000	1.000
3732.000	1.400	1.600	3713.510	0.000	1.000
3736.000	1.400	1.600	3546.781	0.000	1.000
3740.000	1.400	1.600	3929.545	0.000	1.000
3744.000	1.400	1.600	4022.749	0.000	1.000
3748.000	1.400	1.600	4154.973	0.000	1.000
3752.000	1.400	1.600	8448.383	0.000	1.000
3756.000	1.400	1.600	4065.222	0.000	1.000
3760.000	1.400	1.600	3934.730	0.000	1.000
3764.000	1.400	1.600	4063.695	0.000	1.000
3768.000	1.400	1.600	3971.983	0.000	1.000
3772.000	1.400	1.600	5582.828	0.000	1.000
3776.000	1.400	1.600	4101.765	0.000	1.000
3780.000	1.400	1.600	4400.510	0.000	1.000
3784.000	1.400	1.600	3599.855	0.000	1.000
3788.000	1.400	1.600	3583.005	0.000	1.000
3792.000	1.400	1.600	4043.526	0.000	1.000
3796.000	1.400	1.600	3371.068	0.000	1.000
3800.000	1.400	1.600	3651.453	0.000	1.000
3804.000	1.400	1.600	3762.930	0.000	1.000
3808.000	1.400	1.600	3724.116	0.000	1.000
3812.000	1.400	1.600	5851.725	0.000	1.000
3816.000	1.400	1.600	4009.643	0.000	1.000
3820.000	1.400	1.600	3880.083	0.000	1.000
3824.000	1.400	1.600	4369.485	0.000	1.000
3828.000	1.400	1.600	4312.270	0.000	1.000
3832.000	1.400	1.600	3476.599	0.000	1.000
3836.000	1.400	1.600	5435.804	0.000	1.000
3840.000	1.400	1.600	3792.662	0.000	1.000
3844.000	1.400	1.600	4120.866	0.000	1.000
3848.000	1.400	1.600	3778.791	0.000	1.000
3852.000	1.400	1.600	5467.049	0.000	1.000
3856.000	1.400	1.600	4306.575	0.000	1.000
3860.000	1.400	1.600	3889.173	0.000	1.000
3864.000	1.400	1.600	3791.114	0.000	1.000
3868.000	1.400	1.600	3472.796	0.000	1.000
3872.000	1.400	1.600	3620.199	0.000	1.000
3876.000	1.400	1.500	8977.082	0.000	1.000
3880.000	1.400	1.600	4114.824	0.000	1.000
3884.000	1.400	1.600	4107.749	0.000	1.000
3888.000	1.400	1.600	3912.225	0.000	1.000
3892.000	1.400	1.600	3828.468	0.000	1.000
3896.000	1.400	1.600	6108.877	0.000	1.000
3900.000	1.400	1.600	3731.741	0.000	1.000
3904.000	1.400	1.600	3806.710	0.000	1.000
3908.000	1.400	1.600	3671.592	0.000	1.000
3912.000	1.400	1.600	3638.298	0.000	1.000
3916.000	1.400	1.600	5205.454	0.000	1.000
3920.000	1.400	1.600	3776.042	0.000	1.000
3924.000	1.400	1.600	3927.396	0.000	1.000
3928.000	1.400	1.600	4067.643	0.000	1.000
3932.000	1.400	1.600	3805.054	0.000	1.000
3936.000	1.400	1.600	4042.442	0.000	1.000
3940.000	1.400	1.600	4403.732	0.000	1.000
3944.000	1.400	1.600	4069.017	0.000	1.000
3948.000	1.400	1.600	3933.397	0.000	1.000
3952.000	1.400	1.600	4484.091	0.000	1.000
3956.000	1.400	1.600	3959.718	0.000	1.000
3960.000	1.400	1.600	3280.054	0.000	1.000
3964.000	1.400	1.600	4608.449	0.000	1.000
3968.000	1.400	1.600	8399.182	0.000	1.000
3972.000	1.400	1.600	4033.660	0.000	1.000
3976.000	1.400	1.600	3717.474	0.000	1.000
3980.000	1.400	1.600	3790.594	0.000	1.000
3984.000	1.400	1.600	3713.506	0.000	1.000
3988.000	1.400	1.600	6424.640	0.000	1.000
3992.000	1.400	1.600	3780.796	0.000	1.000
3996.000	1.400	1.600	4061.917	0.000	1.000
4000.000	1.400	1.600	3971.811	0.000	1.000
