872.000	2.400	2.500	5099.352	0.000	1.000
872.000	2.400	2.500	5305.183	0.000	1.000
872.000	2.400	2.500	5196.352	0.000	1.000
872.000	2.400	2.500	5338.727	0.000	1.000
872.000	2.400	2.500	5376.845	0.000	0.000
872.000	2.400	2.600	5315.303	0.000	0.000
872.000	2.400	2.700	5068.740	0.000	0.000
872.000	2.400	2.800	5218.737	0.000	0.000
872.000	2.400	2.900	5252.183	0.000	0.000
872.000	2.400	3.000	5202.173	0.000	0.000
872.000	2.500	2.500	5225.588	0.000	0.000
872.000	2.500	2.600	5148.346	0.000	0.000
872.000	2.500	2.700	5073.354	0.000	0.000
872.000	2.500	2.800	4897.678	0.000	0.000
872.000	2.500	2.900	5109.638	0.000	0.000
872.000	2.500	3.000	5093.758	0.000	0.000
872.000	2.600	2.500	5115.266	0.000	0.000
872.000	2.600	2.600	5054.030	0.000	0.000
872.000	2.600	2.700	5074.278	0.000	0.000
872.000	2.600	2.800	4968.416	0.000	0.000
872.000	2.600	2.900	4782.511	0.000	0.000
872.000	2.600	3.000	5036.672	0.000	0.000
872.000	2.700	2.500	4976.403	0.000	0.000
872.000	2.700	2.600	4992.452	0.000	0.000
872.000	2.700	2.700	4988.877	0.000	0.000
872.000	2.700	2.800	4958.690	0.000	0.000
872.000	2.700	2.900	4977.291	0.000	0.000
872.000	2.700	3.000	4879.666	0.000	0.000
872.000	2.800	2.500	4990.664	0.000	0.000
872.000	2.800	2.600	4921.902	0.000	0.000
872.000	2.800	2.700	4617.656	0.000	0.000
872.000	2.800	2.800	4833.952	0.000	0.000
872.000	2.800	2.900	4864.333	0.000	0.000
872.000	2.800	3.000	4852.473	0.000	0.000
872.000	2.900	2.500	4860.090	0.000	0.000
872.000	2.900	2.600	4848.251	0.000	0.000
872.000	2.900	2.700	4832.276	0.000	0.000
872.000	2.900	2.800	4833.114	0.000	0.000
872.000	2.900	2.900	4823.075	0.000	0.000
872.000	2.900	3.000	4814.741	0.000	0.000
872.000	3.000	2.500	4786.619	0.000	0.000
872.000	3.000	2.600	4584.229	0.000	0.000
872.000	3.000	2.700	4518.806	0.000	0.000
872.000	3.000	2.800	4534.248	0.000	0.000
872.000	3.000	2.900	4522.473	0.000	0.000
872.000	3.000	3.000	4458.788	0.000	0.000
872.000	2.400	2.500	4565.451	0.000	0.000
872.000	2.400	2.600	5650.530	0.000	0.000
872.000	2.400	2.700	5982.974	0.000	0.000
872.000	2.400	2.800	5928.238	0.000	0.000
872.000	2.400	2.900	5930.761	0.000	0.000
872.000	2.400	3.000	5905.621	0.000	0.000
872.000	2.500	2.500	5926.977	0.000	0.000
872.000	2.500	2.600	5578.133	0.000	0.000
872.000	2.500	2.700	4272.155	0.000	0.000
872.000	2.500	2.800	5943.412	0.000	0.000
872.000	2.500	2.900	5980.405	0.000	0.000
872.000	2.500	3.000	5952.299	0.000	0.000
872.000	2.600	2.500	5461.152	0.000	0.000
872.000	2.600	2.600	5525.042	0.000	0.000
872.000	2.600	2.700	5552.567	0.000	0.000
872.000	2.600	2.800	5908.126	0.000	0.000
872.000	2.600	2.900	5990.692	0.000	0.000
872.000	2.600	3.000	5976.557	0.000	0.000
872.000	2.700	2.500	5909.379	0.000	0.000
872.000	2.700	2.600	5852.285	0.000	0.000
872.000	2.700	2.700	5967.597	0.000	0.000
872.000	2.700	2.800	5993.269	0.000	0.000
872.000	2.700	2.900	5975.276	0.000	0.000
872.000	2.700	3.000	5875.733	0.000	0.000
872.000	2.800	2.500	5924.456	0.000	0.000
872.000	2.800	2.600	5908.126	0.000	0.000
872.000	2.800	2.700	5588.202	0.000	0.000
872.000	2.800	2.800	5836.350	0.000	0.000
872.000	2.800	2.900	5797.491	0.000	0.000
872.000	2.800	3.000	5727.184	0.000	0.000
872.000	2.900	2.500	5767.490	0.000	0.000
872.000	2.900	2.600	5504.304	0.000	0.000
872.000	2.900	2.700	5522.852	0.000	0.000
872.000	2.900	2.800	5364.423	0.000	0.000
872.000	2.900	2.900	5827.805	0.000	0.000
872.000	2.900	3.000	5962.489	0.000	0.000
872.000	3.000	2.500	5965.042	0.000	0.000
872.000	3.000	2.600	5919.422	0.000	0.000
872.000	3.000	2.700	4791.558	0.000	0.000
872.000	3.000	2.800	5954.844	0.000	0.000
872.000	3.000	2.900	5930.761	0.000	0.000
872.000	3.000	3.000	5642.520	0.000	0.000
872.000	2.400	2.500	4262.352	0.000	0.000
872.000	2.400	2.600	5838.796	0.000	0.000
872.000	2.400	2.700	6139.859	0.000	0.000
872.000	2.400	2.800	6130.404	0.000	0.000
872.000	2.400	2.900	6150.702	0.000	0.000
872.000	2.400	3.000	5898.121	0.000	0.000
872.000	2.500	2.500	6156.138	0.000	0.000
872.000	2.500	2.600	6161.583	0.000	0.000
872.000	2.500	2.700	6102.210	0.000	0.000
872.000	2.500	2.800	6099.538	0.000	0.000
872.000	2.500	2.900	6126.360	0.000	0.000
872.000	2.500	3.000	5984.259	0.000	0.000
872.000	2.600	2.500	6165.673	0.000	0.000
872.000	2.600	2.600	6141.213	0.000	0.000
872.000	2.600	2.700	5827.805	0.000	0.000
872.000	2.600	2.800	6164.309	0.000	0.000
872.000	2.600	2.900	6057.108	0.000	0.000
872.000	2.600	3.000	6071.626	0.000	0.000
872.000	2.700	2.500	6050.531	0.000	0.000
872.000	2.700	2.600	6047.905	0.000	0.000
872.000	2.700	2.700	6049.218	0.000	0.000
872.000	2.700	2.800	6051.846	0.000	0.000
872.000	2.700	2.900	5972.714	0.000	0.000
872.000	2.700	3.000	6057.108	0.000	0.000
872.000	2.800	2.500	6110.238	0.000	0.000
872.000	2.800	2.600	6104.883	0.000	0.000
872.000	2.800	2.700	6122.322	0.000	0.000
872.000	2.800	2.800	6045.281	0.000	0.000
872.000	2.800	2.900	5728.362	0.000	0.000
872.000	2.800	3.000	6076.923	0.000	0.000
872.000	2.900	2.500	6114.261	0.000	0.000
872.000	2.900	2.600	6142.567	0.000	0.000
872.000	2.900	2.700	6154.778	0.000	0.000
872.000	2.900	2.800	5863.369	0.000	0.000
872.000	2.900	2.900	6147.988	0.000	0.000
872.000	2.900	3.000	6146.632	0.000	0.000
872.000	3.000	2.500	5543.729	0.000	0.000
872.000	3.000	2.600	6122.322	0.000	0.000
872.000	3.000	2.700	6143.921	0.000	0.000
872.000	3.000	2.800	6129.055	0.000	0.000
872.000	3.000	2.900	6099.538	0.000	0.000
872.000	3.000	3.000	6065.018	0.000	0.000
872.000	2.400	2.500	4201.932	0.000	0.000
872.000	2.400	2.600	5876.972	0.000	0.000
872.000	2.400	2.700	5864.603	0.000	0.000
872.000	2.400	2.800	6154.778	0.000	0.000
872.000	2.400	2.900	6184.833	0.000	0.000
872.000	2.400	3.000	6019.162	0.000	0.000
872.000	2.500	2.500	6165.673	0.000	0.000
872.000	2.500	2.600	6168.403	0.000	0.000
872.000	2.500	2.700	6177.977	0.000	0.000
872.000	2.500	2.800	6167.038	0.000	0.000
872.000	2.500	2.900	5759.146	0.000	0.000
872.000	2.500	3.000	6180.718	0.000	0.000
872.000	2.600	2.500	6167.038	0.000	0.000
872.000	2.600	2.600	6184.833	0.000	0.000
872.000	2.600	2.700	6156.138	0.000	0.000
872.000	2.600	2.800	6171.136	0.000	0.000
872.000	2.600	2.900	6147.988	0.000	0.000
872.000	2.600	3.000	6065.018	0.000	0.000
872.000	2.700	2.500	6054.476	0.000	0.000
872.000	2.700	2.600	6058.425	0.000	0.000
872.000	2.700	2.700	6172.503	0.000	0.000
872.000	2.700	2.800	6112.919	0.000	0.000
872.000	2.700	2.900	6110.238	0.000	0.000
872.000	2.700	3.000	5858.438	0.000	0.000
872.000	2.800	2.500	6141.213	0.000	0.000
872.000	2.800	2.600	6172.503	0.000	0.000
872.000	2.800	2.700	6176.607	0.000	0.000
872.000	2.800	2.800	6112.919	0.000	0.000
872.000	2.800	2.900	5457.943	0.000	0.000
872.000	2.800	3.000	6133.102	0.000	0.000
872.000	2.900	2.500	6141.213	0.000	0.000
872.000	2.900	2.600	6147.988	0.000	0.000
872.000	2.900	2.700	6066.339	0.000	0.000
872.000	2.900	2.800	6075.598	0.000	0.000
872.000	2.900	2.900	6164.309	0.000	0.000
872.000	2.900	3.000	6206.877	0.000	0.000
872.000	3.000	2.500	6162.946	0.000	0.000
872.000	3.000	2.600	6076.923	0.000	0.000
872.000	3.000	2.700	5755.577	0.000	0.000
872.000	3.000	2.800	5836.350	0.000	0.000
872.000	3.000	2.900	5814.428	0.000	0.000
872.000	3.000	3.000	5582.604	0.000	0.000
872.000	2.400	2.500	3749.574	0.000	0.000
872.000	2.400	2.600	5616.362	0.000	0.000
872.000	2.400	2.700	5084.463	0.000	0.000
872.000	2.400	2.800	5809.578	0.000	0.000
872.000	2.400	2.900	5766.297	0.000	0.000
872.000	2.400	3.000	5945.949	0.000	0.000
872.000	2.500	2.500	5957.390	0.000	0.000
872.000	2.500	2.600	5715.437	0.000	0.000
872.000	2.500	2.700	5713.093	0.000	0.000
872.000	2.500	2.800	5971.434	0.000	0.000
872.000	2.500	2.900	6083.557	0.000	0.000
872.000	2.500	3.000	6107.560	0.000	0.000
872.000	2.600	2.500	6167.038	0.000	0.000
872.000	2.600	2.600	6104.883	0.000	0.000
872.000	2.600	2.700	6079.575	0.000	0.000
872.000	2.600	2.800	5804.737	0.000	0.000
872.000	2.600	2.900	6171.136	0.000	0.000
872.000	2.600	3.000	6139.859	0.000	0.000
872.000	2.700	2.500	5797.491	0.000	0.000
872.000	2.700	2.600	5774.662	0.000	0.000
872.000	2.700	2.700	6168.403	0.000	0.000
872.000	2.700	2.800	6134.453	0.000	0.000
872.000	2.700	2.900	6153.419	0.000	0.000
872.000	2.700	3.000	6164.309	0.000	0.000
872.000	2.800	2.500	5415.511	0.000	0.000
872.000	2.800	2.600	6145.276	0.000	0.000
872.000	2.800	2.700	5809.578	0.000	0.000
872.000	2.800	2.800	6173.870	0.000	0.000
872.000	2.800	2.900	6169.769	0.000	0.000
872.000	2.800	3.000	6008.778	0.000	0.000
872.000	2.900	2.500	6158.859	0.000	0.000
872.000	2.900	2.600	6169.769	0.000	0.000
872.000	2.900	2.700	6177.977	0.000	0.000
872.000	2.900	2.800	6176.607	0.000	0.000
872.000	2.900	2.900	6147.988	0.000	0.000
872.000	2.900	3.000	6057.108	0.000	0.000
872.000	3.000	2.500	6087.544	0.000	0.000
872.000	3.000	2.600	6057.108	0.000	0.000
872.000	3.000	2.700	6072.950	0.000	0.000
872.000	3.000	2.800	6169.769	0.000	0.000
872.000	3.000	2.900	6191.705	0.000	0.000
872.000	3.000	3.000	6160.221	0.000	0.000
872.000	2.400	2.500	4374.781	0.000	0.000
872.000	2.400	2.600	5149.298	0.000	0.000
872.000	2.400	2.700	5967.597	0.000	0.000
872.000	2.400	2.800	5805.947	0.000	0.000
872.000	2.400	2.900	5376.845	0.000	0.000
872.000	2.400	3.000	5709.581	0.000	0.000
872.000	2.500	2.500	5979.122	0.000	0.000
872.000	2.500	2.600	5932.024	0.000	0.000
872.000	2.500	2.700	5984.259	0.000	0.000
872.000	2.500	2.800	6120.977	0.000	0.000
872.000	2.500	2.900	5844.920	0.000	0.000
872.000	2.500	3.000	6122.322	0.000	0.000
872.000	2.600	2.500	6091.537	0.000	0.000
872.000	2.600	2.600	6172.503	0.000	0.000
872.000	2.600	2.700	5962.489	0.000	0.000
872.000	2.600	2.800	6134.453	0.000	0.000
872.000	2.600	2.900	6138.507	0.000	0.000
872.000	2.600	3.000	5837.572	0.000	0.000
872.000	2.700	2.500	6118.289	0.000	0.000
872.000	2.700	2.600	6141.213	0.000	0.000
872.000	2.700	2.700	6145.276	0.000	0.000
872.000	2.700	2.800	6156.138	0.000	0.000
872.000	2.700	2.900	5864.603	0.000	0.000
872.000	2.700	3.000	6125.013	0.000	0.000
872.000	2.800	2.500	5962.489	0.000	0.000
872.000	2.800	2.600	6154.778	0.000	0.000
872.000	2.800	2.700	6177.977	0.000	0.000
872.000	2.800	2.800	6041.348	0.000	0.000
872.000	2.800	2.900	5697.905	0.000	0.000
872.000	2.800	3.000	6053.160	0.000	0.000
872.000	2.900	2.500	5831.464	0.000	0.000
872.000	2.900	2.600	6149.345	0.000	0.000
872.000	2.900	2.700	6125.013	0.000	0.000
872.000	2.900	2.800	5427.114	0.000	0.000
872.000	2.900	2.900	6102.210	0.000	0.000
872.000	2.900	3.000	5990.692	0.000	0.000
872.000	3.000	2.500	6154.778	0.000	0.000
872.000	3.000	2.600	6095.535	0.000	0.000
872.000	3.000	2.700	6142.567	0.000	0.000
872.000	3.000	2.800	5821.717	0.000	0.000
872.000	3.000	2.900	6153.419	0.000	0.000
872.000	3.000	3.000	6114.261	0.000	0.000
0.000	2.400	2.500	5025.770	0.000	0.000
0.000	2.400	2.600	4876.250	0.000	0.000
0.000	2.400	2.700	4880.521	0.000	0.000
0.000	2.400	2.800	4864.333	0.000	0.000
0.000	2.400	2.900	4867.732	0.000	0.000
0.000	2.400	3.000	4848.251	0.000	0.000
0.000	2.500	2.500	4497.653	0.000	0.000
0.000	2.500	2.600	5353.086	0.000	0.000
0.000	2.500	2.700	4803.949	0.000	0.000
0.000	2.500	2.800	5384.118	0.000	0.000
0.000	2.500	2.900	5514.108	0.000	0.000
0.000	2.500	3.000	5285.058	0.000	0.000
0.000	2.600	2.500	5553.674	0.000	0.000
0.000	2.600	2.600	5329.537	0.000	0.000
0.000	2.600	2.700	5397.677	0.000	0.000
0.000	2.600	2.800	5504.304	0.000	0.000
0.000	2.600	2.900	5583.723	0.000	0.000
0.000	2.600	3.000	5591.566	0.000	0.000
0.000	2.700	2.500	5812.002	0.000	0.000
0.000	2.700	2.600	5543.729	0.000	0.000
0.000	2.700	2.700	5888.150	0.000	0.000
0.000	2.700	2.800	5872.018	0.000	0.000
0.000	2.700	2.900	5899.370	0.000	0.000
0.000	2.700	3.000	5875.733	0.000	0.000
0.000	2.800	2.500	5879.453	0.000	0.000
0.000	2.800	2.600	5909.379	0.000	0.000
0.000	2.800	2.700	5904.370	0.000	0.000
0.000	2.800	2.800	5953.571	0.000	0.000
0.000	2.800	2.900	5970.154	0.000	0.000
0.000	2.800	3.000	4588.759	0.000	0.000
0.000	2.900	2.500	6008.778	0.000	0.000
0.000	2.900	2.600	5930.761	0.000	0.000
0.000	2.900	2.700	5966.319	0.000	0.000
0.000	2.900	2.800	5986.830	0.000	0.000
0.000	2.900	2.900	6053.160	0.000	0.000
0.000	2.900	3.000	5965.042	0.000	0.000
0.000	3.000	2.500	6029.583	0.000	0.000
0.000	3.000	2.600	6051.846	0.000	0.000
0.000	3.000	2.700	6033.499	0.000	0.000
0.000	3.000	2.800	6038.730	0.000	0.000
0.000	3.000	2.900	5893.131	0.000	0.000
0.000	3.000	3.000	6013.966	0.000	0.000
0.000	2.400	2.500	4381.660	0.000	0.000
0.000	2.400	2.600	5694.412	0.000	0.000
0.000	2.400	2.700	6034.806	0.000	0.000
0.000	2.400	2.800	5672.386	0.000	0.000
0.000	2.400	2.900	5702.570	0.000	0.000
0.000	2.400	3.000	5717.782	0.000	0.000
0.000	2.500	2.500	6029.583	0.000	0.000
0.000	2.500	2.600	4546.826	0.000	0.000
0.000	2.500	2.700	5668.924	0.000	0.000
0.000	2.500	2.800	5688.599	0.000	0.000
0.000	2.500	2.900	5659.712	0.000	0.000
0.000	2.500	3.000	5276.051	0.000	0.000
0.000	2.600	2.500	5655.117	0.000	0.000
0.000	2.600	2.600	5640.236	0.000	0.000
0.000	2.600	2.700	5662.012	0.000	0.000
0.000	2.600	2.800	5690.923	0.000	0.000
0.000	2.600	2.900	5507.568	0.000	0.000
0.000	2.600	3.000	5660.862	0.000	0.000
0.000	2.700	2.500	5665.466	0.000	0.000
0.000	2.700	2.600	5657.414	0.000	0.000
0.000	2.700	2.700	5668.924	0.000	0.000
0.000	2.700	2.800	5798.697	0.000	0.000
0.000	2.700	2.900	5667.771	0.000	0.000
0.000	2.700	3.000	5673.541	0.000	0.000
0.000	2.800	2.500	5674.697	0.000	0.000
0.000	2.800	2.600	5679.323	0.000	0.000
0.000	2.800	2.700	4745.855	0.000	0.000
0.000	2.800	2.800	5651.676	0.000	0.000
0.000	2.800	2.900	5652.823	0.000	0.000
0.000	2.800	3.000	5663.163	0.000	0.000
0.000	2.900	2.500	5763.911	0.000	0.000
0.000	2.900	2.600	5443.016	0.000	0.000
0.000	2.900	2.700	5694.412	0.000	0.000
0.000	2.900	2.800	5652.823	0.000	0.000
0.000	2.900	2.900	5651.676	0.000	0.000
0.000	2.900	3.000	5810.790	0.000	0.000
0.000	3.000	2.500	5692.085	0.000	0.000
0.000	3.000	2.600	5713.093	0.000	0.000
0.000	3.000	2.700	5694.412	0.000	0.000
0.000	3.000	2.800	5702.570	0.000	0.000
0.000	3.000	2.900	4803.949	0.000	0.000
0.000	3.000	3.000	5708.411	0.000	0.000
0.000	2.400	2.500	4394.098	0.000	0.000
0.000	2.400	2.600	5574.785	0.000	0.000
0.000	2.400	2.700	5675.853	0.000	0.000
0.000	2.400	2.800	5636.813	0.000	0.000
0.000	2.400	2.900	4449.532	0.000	0.000
0.000	2.400	3.000	5618.627	0.000	0.000
0.000	2.500	2.500	5607.320	0.000	0.000
0.000	2.500	2.600	5614.098	0.000	0.000
0.000	2.500	2.700	5596.058	0.000	0.000
0.000	2.500	2.800	4728.941	0.000	0.000
0.000	2.500	2.900	5658.563	0.000	0.000
0.000	2.500	3.000	5610.707	0.000	0.000
0.000	2.600	2.500	5965.042	0.000	0.000
0.000	2.600	2.600	6028.278	0.000	0.000
0.000	2.600	2.700	5161.698	0.000	0.000
0.000	2.600	2.800	5635.673	0.000	0.000
0.000	2.600	2.900	5636.813	0.000	0.000
0.000	2.600	3.000	5620.894	0.000	0.000
0.000	2.700	2.500	5620.894	0.000	0.000
0.000	2.700	2.600	5513.017	0.000	0.000
0.000	2.700	2.700	5628.842	0.000	0.000
0.000	2.700	2.800	5609.578	0.000	0.000
0.000	2.700	2.900	5608.448	0.000	0.000
0.000	2.700	3.000	5589.323	0.000	0.000
0.000	2.800	2.500	5585.961	0.000	0.000
0.000	2.800	2.600	5605.064	0.000	0.000
0.000	2.800	2.700	5641.378	0.000	0.000
0.000	2.800	2.800	5631.117	0.000	0.000
0.000	2.800	2.900	5612.968	0.000	0.000
0.000	2.800	3.000	4763.706	0.000	0.000
0.000	2.900	2.500	5618.627	0.000	0.000
0.000	2.900	2.600	5642.520	0.000	0.000
0.000	2.900	2.700	5637.954	0.000	0.000
0.000	2.900	2.800	5633.394	0.000	0.000
0.000	2.900	2.900	5207.034	0.000	0.000
0.000	2.900	3.000	5664.314	0.000	0.000
0.000	3.000	2.500	5740.163	0.000	0.000
0.000	3.000	2.600	5909.379	0.000	0.000
0.000	3.000	2.700	5728.362	0.000	0.000
0.000	3.000	2.800	5606.192	0.000	0.000
0.000	3.000	2.900	5702.570	0.000	0.000
0.000	3.000	3.000	5703.737	0.000	0.000
0.000	2.400	2.500	4484.623	0.000	0.000
0.000	2.400	2.600	5848.600	0.000	0.000
0.000	2.400	2.700	6164.309	0.000	0.000
0.000	2.400	2.800	5784.252	0.000	0.000
0.000	2.400	2.900	5768.684	0.000	0.000
0.000	2.400	3.000	4973.738	0.000	0.000
0.000	2.500	2.500	6129.055	0.000	0.000
0.000	2.500	2.600	5767.490	0.000	0.000
0.000	2.500	2.700	6141.213	0.000	0.000
0.000	2.500	2.800	6054.476	0.000	0.000
0.000	2.500	2.900	5750.825	0.000	0.000
0.000	2.500	3.000	5720.130	0.000	0.000
0.000	2.600	2.500	6108.899	0.000	0.000
0.000	2.600	2.600	5750.825	0.000	0.000
0.000	2.600	2.700	6147.988	0.000	0.000
0.000	2.600	2.800	4730.547	0.000	0.000
0.000	2.600	2.900	5744.897	0.000	0.000
0.000	2.600	3.000	5731.897	0.000	0.000
0.000	2.700	2.500	5726.007	0.000	0.000
0.000	2.700	2.600	5668.924	0.000	0.000
0.000	2.700	2.700	5759.146	0.000	0.000
0.000	2.700	2.800	5760.336	0.000	0.000
0.000	2.700	2.900	5754.388	0.000	0.000
0.000	2.700	3.000	5765.104	0.000	0.000
0.000	2.800	2.500	5094.690	0.000	0.000
0.000	2.800	2.600	5786.655	0.000	0.000
0.000	2.800	2.700	5787.857	0.000	0.000
0.000	2.800	2.800	5767.490	0.000	0.000
0.000	2.800	2.900	5786.655	0.000	0.000
0.000	2.800	3.000	5878.212	0.000	0.000
0.000	2.900	2.500	5773.465	0.000	0.000
0.000	2.900	2.600	5774.662	0.000	0.000
0.000	2.900	2.700	5598.307	0.000	0.000
0.000	2.900	2.800	6072.950	0.000	0.000
0.000	2.900	2.900	5686.277	0.000	0.000
0.000	2.900	3.000	5715.437	0.000	0.000
0.000	3.000	2.500	5665.466	0.000	0.000
0.000	3.000	2.600	5701.403	0.000	0.000
0.000	3.000	2.700	4716.134	0.000	0.000
0.000	3.000	2.800	5688.599	0.000	0.000
0.000	3.000	2.900	5733.076	0.000	0.000
0.000	3.000	3.000	5738.980	0.000	0.000
0.000	2.400	2.500	2494955.406	0.000	1.000
0.000	2.400	2.500	4323.865	0.000	0.000
0.000	2.400	2.600	5777.056	0.000	0.000
0.000	2.400	2.700	6051.846	0.000	0.000
0.000	2.400	2.800	5704.905	0.000	0.000
0.000	2.400	2.900	5615.230	0.000	0.000
0.000	2.400	3.000	5692.085	0.000	0.000
0.000	2.500	2.500	5227.549	0.000	0.000
0.000	2.500	2.600	5703.737	0.000	0.000
0.000	2.500	2.700	5707.242	0.000	0.000
0.000	2.500	2.800	5707.242	0.000	0.000
0.000	2.500	2.900	4754.764	0.000	0.000
0.000	2.500	3.000	4976.403	0.000	0.000
0.000	2.600	2.500	5648.239	0.000	0.000
0.000	2.600	2.600	6041.348	0.000	0.000
0.000	2.600	2.700	5734.256	0.000	0.000
0.000	2.600	2.800	5362.358	0.000	0.000
0.000	2.600	2.900	5875.733	0.000	0.000
0.000	2.600	3.000	6068.982	0.000	0.000
0.000	2.700	2.500	6070.304	0.000	0.000
0.000	2.700	2.600	6061.061	0.000	0.000
0.000	2.700	2.700	5256.146	0.000	0.000
0.000	2.700	2.800	5657.414	0.000	0.000
0.000	2.700	2.900	6037.421	0.000	0.000
0.000	2.700	3.000	5808.367	0.000	0.000
0.000	2.800	2.500	5761.527	0.000	0.000
0.000	2.800	2.600	4855.009	0.000	0.000
0.000	2.800	2.700	5881.935	0.000	0.000
0.000	2.800	2.800	5674.697	0.000	0.000
0.000	2.800	2.900	5670.078	0.000	0.000
0.000	2.800	3.000	5665.466	0.000	0.000
0.000	2.900	2.500	5657.414	0.000	0.000
0.000	2.900	2.600	5706.073	0.000	0.000
0.000	2.900	2.700	5688.599	0.000	0.000
0.000	2.900	2.800	5688.599	0.000	0.000
0.000	2.900	2.900	5192.479	0.000	0.000
0.000	2.900	3.000	5671.232	0.000	0.000
0.000	3.000	2.500	6067.660	0.000	0.000
0.000	3.000	2.600	5679.323	0.000	0.000
0.000	3.000	2.700	5693.248	0.000	0.000
0.000	3.000	2.800	5258.130	0.000	0.000
0.000	3.000	2.900	5681.639	0.000	0.000
0.000	3.000	3.000	5647.095	0.000	0.000
0.000	2.400	2.500	4768.597	0.000	0.000
0.000	2.400	2.600	6147.988	0.000	0.000
0.000	2.400	2.700	6024.368	0.000	0.000
0.000	2.400	2.800	5896.873	0.000	0.000
0.000	2.400	2.900	5802.320	0.000	0.000
0.000	2.400	3.000	5799.904	0.000	0.000
0.000	2.500	2.500	5780.652	0.000	0.000
0.000	2.500	2.600	5778.254	0.000	0.000
0.000	2.500	2.700	5766.297	0.000	0.000
0.000	2.400	2.500	4288.594	0.000	0.000
0.000	2.400	2.600	5832.685	0.000	0.000
0.000	2.400	2.700	5787.857	0.000	0.000
0.000	2.400	2.800	5769.879	0.000	0.000
0.000	2.400	2.900	5742.529	0.000	0.000
0.000	2.400	3.000	5711.922	0.000	0.000
0.000	2.500	2.500	6118.289	0.000	0.000
0.000	2.500	2.600	6067.660	0.000	0.000
0.000	2.500	2.700	6126.360	0.000	0.000
0.000	2.500	2.800	5727.184	0.000	0.000
0.000	2.500	2.900	5656.265	0.000	0.000
0.000	2.500	3.000	6129.055	0.000	0.000
0.000	2.600	2.500	5711.922	0.000	0.000
0.000	2.600	2.600	5730.718	0.000	0.000
0.000	2.600	2.700	5729.540	0.000	0.000
0.000	2.600	2.800	5569.214	0.000	0.000
0.000	2.600	2.900	5727.184	0.000	0.000
0.000	2.600	3.000	5724.831	0.000	0.000
0.000	2.700	2.500	5714.265	0.000	0.000
0.000	2.700	2.600	5721.304	0.000	0.000
0.000	2.700	2.700	5065.054	0.000	0.000
0.000	2.700	2.800	5747.267	0.000	0.000
0.000	2.700	2.900	5722.479	0.000	0.000
0.000	2.700	3.000	6115.603	0.000	0.000
0.000	2.800	2.500	5727.184	0.000	0.000
0.000	2.800	2.600	4880.521	0.000	0.000
0.000	2.800	2.700	5848.600	0.000	0.000
0.000	2.800	2.800	5736.617	0.000	0.000
0.000	2.800	2.900	5744.897	0.000	0.000
0.000	2.800	3.000	6037.421	0.000	0.000
0.000	2.900	2.500	5087.248	0.000	0.000
0.000	2.900	2.600	5708.411	0.000	0.000
0.000	2.900	2.700	6058.425	0.000	0.000
0.000	2.900	2.800	5756.766	0.000	0.000
0.000	2.900	2.900	5832.685	0.000	0.000
0.000	2.900	3.000	6047.905	0.000	0.000
0.000	3.000	2.500	5723.655	0.000	0.000
0.000	3.000	2.600	5699.071	0.000	0.000
0.000	3.000	2.700	5816.855	0.000	0.000
0.000	3.000	2.800	4862.635	0.000	0.000
0.000	3.000	2.900	5738.980	0.000	0.000
0.000	3.000	3.000	5530.525	0.000	0.000
4.000	2.400	2.500	5363.390	0.000	0.000
4.000	2.400	2.600	4619.187	0.000	0.000
4.000	2.400	2.700	4602.402	0.000	0.000
4.000	2.400	2.800	4580.461	0.000	0.000
4.000	2.400	2.900	4753.141	0.000	0.000
4.000	2.400	3.000	4340.705	0.000	0.000
4.000	2.500	2.500	4282.003	0.000	0.000
4.000	2.500	2.600	4499.105	0.000	0.000
4.000	2.500	2.700	4511.489	0.000	0.000
4.000	2.500	2.800	4504.924	0.000	0.000
4.000	2.500	2.900	4030.528	0.000	0.000
4.000	2.500	3.000	4396.872	0.000	0.000
4.000	2.600	2.500	4418.486	0.000	0.000
4.000	2.600	2.600	4436.778	0.000	0.000
4.000	2.600	2.700	3562.603	0.000	0.000
4.000	2.600	2.800	3491.182	0.000	0.000
4.000	2.600	2.900	4352.231	0.000	0.000
4.000	2.600	3.000	4342.734	0.000	0.000
4.000	2.700	2.500	4374.094	0.000	0.000
4.000	2.700	2.600	4357.676	0.000	0.000
4.000	2.700	2.700	4043.982	0.000	0.000
4.000	2.700	2.800	4372.035	0.000	0.000
4.000	2.700	2.900	4385.798	0.000	0.000
4.000	2.700	3.000	4359.040	0.000	0.000
4.000	2.800	2.500	4397.566	0.000	0.000
4.000	2.800	2.600	4016.583	0.000	0.000
4.000	2.800	2.700	4384.418	0.000	0.000
4.000	2.800	2.800	4450.953	0.000	0.000
4.000	2.800	2.900	4468.799	0.000	0.000
4.000	2.800	3.000	3417.532	0.000	0.000
4.000	2.900	2.500	4346.799	0.000	0.000
4.000	2.900	2.600	4328.567	0.000	0.000
4.000	2.900	2.700	4334.628	0.000	0.000
4.000	2.900	2.800	4321.183	0.000	0.000
4.000	2.900	2.900	4408.001	0.000	0.000
4.000	2.900	3.000	4317.835	0.000	0.000
4.000	3.000	2.500	4368.608	0.000	0.000
4.000	3.000	2.600	4341.381	0.000	0.000
4.000	3.000	2.700	4365.870	0.000	0.000
4.000	3.000	2.800	4028.779	0.000	0.000
4.000	3.000	2.900	4363.818	0.000	0.000
4.000	3.000	3.000	4289.914	0.000	0.000
4.000	2.400	2.500	4628.395	0.000	0.000
4.000	2.400	2.600	11465.756	0.000	0.000
4.000	2.400	2.700	2740328.173	0.000	1.000
4.000	2.400	2.500	7633.543	0.000	0.000
4.000	2.400	2.600	29636.951	0.000	0.000
4.000	2.400	2.700	45665.641	0.000	0.000
4.000	2.400	2.800	52556.384	0.000	0.000
4.000	2.400	2.900	48869.303	0.000	0.000
4.000	2.400	3.000	37901.151	0.000	0.000
4.000	2.500	2.500	27286.121	0.000	0.000
4.000	2.500	2.600	19030.407	0.000	0.000
4.000	2.500	2.700	12940.799	0.000	0.000
4.000	2.500	2.800	11030.032	0.000	0.000
4.000	2.500	2.900	9271.932	0.000	0.000
4.000	2.500	3.000	8059.693	0.000	0.000
4.000	2.600	2.500	7338.025	0.000	0.000
4.000	2.600	2.600	7028.893	0.000	0.000
4.000	2.600	2.700	6545.129	0.000	0.000
4.000	2.600	2.800	6258.460	0.000	0.000
4.000	2.600	2.900	6058.425	0.000	0.000
4.000	2.600	3.000	5898.121	0.000	0.000
4.000	2.700	2.500	5251.193	0.000	0.000
4.000	2.700	2.600	5767.490	0.000	0.000
4.000	2.700	2.700	5672.386	0.000	0.000
4.000	2.700	2.800	5616.362	0.000	0.000
4.000	2.700	2.900	5580.368	0.000	0.000
4.000	2.700	3.000	5440.890	0.000	0.000
4.000	2.800	2.500	5492.370	0.000	0.000
4.000	2.800	2.600	5479.409	0.000	0.000
4.000	2.800	2.700	5472.951	0.000	0.000
4.000	2.800	2.800	5450.469	0.000	0.000
4.000	2.800	2.900	5530.525	0.000	0.000
4.000	2.800	3.000	5406.055	0.000	0.000
4.000	2.900	2.500	5415.511	0.000	0.000
4.000	2.900	2.600	5420.779	0.000	0.000
4.000	2.900	2.700	5904.370	0.000	0.000
4.000	2.900	2.800	5035.761	0.000	0.000
4.000	2.900	2.900	5857.206	0.000	0.000
4.000	2.900	3.000	5962.489	0.000	0.000
4.000	3.000	2.500	5934.551	0.000	0.000
4.000	3.000	2.600	5962.489	0.000	0.000
4.000	3.000	2.700	5410.253	0.000	0.000
4.000	3.000	2.800	5957.390	0.000	0.000
4.000	3.000	2.900	5919.422	0.000	0.000
4.000	3.000	3.000	5942.145	0.000	0.000
4.000	2.400	2.500	4443.854	0.000	0.000
4.000	2.400	2.600	6123.667	0.000	0.000
4.000	2.400	2.700	6094.202	0.000	0.000
4.000	2.400	2.800	6050.531	0.000	0.000
4.000	2.400	2.900	6057.108	0.000	0.000
4.000	2.400	3.000	6037.421	0.000	0.000
4.000	2.500	2.500	6013.966	0.000	0.000
4.000	2.500	2.600	6037.421	0.000	0.000
4.000	2.500	2.700	5984.259	0.000	0.000
4.000	2.500	2.800	6066.339	0.000	0.000
4.000	2.500	2.900	6062.379	0.000	0.000
4.000	2.500	3.000	5952.299	0.000	0.000
4.000	2.600	2.500	5989.404	0.000	0.000
4.000	2.600	2.600	5918.165	0.000	0.000
4.000	2.600	2.700	6055.791	0.000	0.000
4.000	2.600	2.800	6019.162	0.000	0.000
4.000	2.600	2.900	6033.499	0.000	0.000
4.000	2.600	3.000	6028.278	0.000	0.000
4.000	2.700	2.500	5872.018	0.000	0.000
4.000	2.700	2.600	6442.227	0.000	0.000
4.000	2.700	2.700	6047.905	0.000	0.000
4.000	2.700	2.800	6463.147	0.000	0.000
4.000	2.700	2.900	4634.553	0.000	0.000
4.000	2.700	3.000	5865.838	0.000	0.000
4.000	2.800	2.500	6452.670	0.000	0.000
4.000	2.800	2.600	6061.061	0.000	0.000
4.000	2.400	2.500	4235.786	0.000	0.000
4.000	2.400	2.600	6058.425	0.000	0.000
4.000	2.400	2.700	6054.476	0.000	0.000
4.000	2.400	2.800	6100.873	0.000	0.000
4.000	2.400	2.900	6088.875	0.000	0.000
4.000	2.400	3.000	6096.869	0.000	0.000
4.000	2.500	2.500	6370.060	0.000	0.000
4.000	2.500	2.600	5949.757	0.000	0.000
4.000	2.500	2.700	6029.583	0.000	0.000
4.000	2.500	2.800	6029.583	0.000	0.000
4.000	2.500	2.900	6016.563	0.000	0.000
4.000	2.500	3.000	6088.875	0.000	0.000
4.000	2.600	2.500	6066.339	0.000	0.000
4.000	2.600	2.600	6041.348	0.000	0.000
4.000	2.600	2.700	6020.463	0.000	0.000
4.000	2.600	2.800	6062.379	0.000	0.000
4.000	2.600	2.900	5957.390	0.000	0.000
4.000	2.600	3.000	6012.668	0.000	0.000
4.000	2.700	2.500	6364.240	0.000	0.000
4.000	2.700	2.600	6335.300	0.000	0.000
4.000	2.700	2.700	6472.155	0.000	0.000
4.000	2.700	2.800	5009.506	0.000	0.000
4.000	2.700	2.900	6012.668	0.000	0.000
4.000	2.700	3.000	6055.791	0.000	0.000
4.000	2.800	2.500	6011.371	0.000	0.000
4.000	2.800	2.600	6460.150	0.000	0.000
4.000	2.800	2.700	5444.080	0.000	0.000
4.000	2.800	2.800	6042.659	0.000	0.000
4.000	2.800	2.900	6037.421	0.000	0.000
4.000	2.800	3.000	6061.061	0.000	0.000
4.000	2.900	2.500	6040.039	0.000	0.000
4.000	2.900	2.600	6046.592	0.000	0.000
4.000	2.400	2.500	4415.685	0.000	0.000
4.000	2.400	2.600	6115.603	0.000	0.000
4.000	2.400	2.700	6098.203	0.000	0.000
4.000	2.400	2.800	6142.567	0.000	0.000
4.000	2.400	2.900	5783.052	0.000	0.000
4.000	2.400	3.000	6076.923	0.000	0.000
4.000	2.500	2.500	6082.229	0.000	0.000
4.000	2.500	2.600	6070.304	0.000	0.000
4.000	2.500	2.700	5301.146	0.000	0.000
4.000	2.500	2.800	6040.039	0.000	0.000
4.000	2.400	2.500	4221.667	0.000	0.000
4.000	2.400	2.600	6107.560	0.000	0.000
4.000	2.400	2.700	6421.442	0.000	0.000
4.000	2.400	2.500	4370.663	0.000	0.000
4.000	2.400	2.600	6102.210	0.000	0.000
4.000	2.400	2.700	6045.281	0.000	0.000
4.000	2.400	2.800	6169.769	0.000	0.000
4.000	2.400	2.900	6045.281	0.000	0.000
4.000	2.400	3.000	6110.238	0.000	0.000
4.000	2.400	2.500	4169.237	0.000	0.000
4.000	2.400	2.600	5934.551	0.000	0.000
4.000	2.400	2.700	5935.815	0.000	0.000
4.000	2.400	2.800	5432.404	0.000	0.000
4.000	2.400	2.900	6016.563	0.000	0.000
4.000	2.400	3.000	6446.698	0.000	0.000
4.000	2.500	2.500	6466.147	0.000	0.000
4.000	2.500	2.600	6275.374	0.000	0.000
4.000	2.500	2.700	6041.348	0.000	0.000
4.000	2.500	2.800	6038.730	0.000	0.000
4.000	2.500	2.900	6008.778	0.000	0.000
4.000	2.500	3.000	6028.278	0.000	0.000
4.000	2.600	2.500	5798.697	0.000	0.000
4.000	2.600	2.600	6023.066	0.000	0.000
4.000	2.600	2.700	6029.583	0.000	0.000
4.000	2.600	2.800	6029.583	0.000	0.000
4.000	2.600	2.900	6059.742	0.000	0.000
4.000	2.600	3.000	5195.383	0.000	0.000
4.000	2.700	2.500	6016.563	0.000	0.000
4.000	2.700	2.600	6026.974	0.000	0.000
4.000	2.700	2.700	6047.905	0.000	0.000
4.000	2.700	2.800	6045.281	0.000	0.000
4.000	2.700	2.900	5188.611	0.000	0.000
4.000	2.700	3.000	6030.888	0.000	0.000
4.000	2.800	2.500	6033.499	0.000	0.000
4.000	2.800	2.600	6083.557	0.000	0.000
4.000	2.800	2.700	6047.905	0.000	0.000
4.000	2.800	2.800	5852.285	0.000	0.000
4.000	2.800	2.900	6020.463	0.000	0.000
4.000	2.800	3.000	6020.463	0.000	0.000
4.000	2.900	2.500	5989.404	0.000	0.000
4.000	2.900	2.600	6011.371	0.000	0.000
4.000	2.900	2.700	6062.379	0.000	0.000
4.000	2.900	2.800	6025.671	0.000	0.000
4.000	2.900	2.900	6023.066	0.000	0.000
4.000	2.900	3.000	6029.583	0.000	0.000
4.000	3.000	2.500	6019.162	0.000	0.000
4.000	3.000	2.600	5893.131	0.000	0.000
4.000	3.000	2.700	6043.969	0.000	0.000
4.000	3.000	2.800	6047.905	0.000	0.000
4.000	3.000	2.900	6050.531	0.000	0.000
4.000	3.000	3.000	6034.806	0.000	0.000
4.000	2.400	2.500	4269.537	0.000	0.000
4.000	2.400	2.600	6201.351	0.000	0.000
4.000	2.400	2.700	6111.579	0.000	0.000
4.000	2.400	2.800	6068.982	0.000	0.000
4.000	2.400	2.900	6087.544	0.000	0.000
4.000	2.400	3.000	5899.370	0.000	0.000
4.000	2.500	2.500	6058.425	0.000	0.000
4.000	2.500	2.600	6080.902	0.000	0.000
4.000	2.500	2.700	6050.531	0.000	0.000
4.000	2.500	2.800	6038.730	0.000	0.000
4.000	2.500	2.900	6070.304	0.000	0.000
4.000	2.500	3.000	5975.276	0.000	0.000
4.000	2.600	2.500	5975.276	0.000	0.000
4.000	2.600	2.600	6053.160	0.000	0.000
4.000	2.600	2.700	6043.969	0.000	0.000
4.000	2.600	2.800	6152.060	0.000	0.000
4.000	2.600	2.900	6062.379	0.000	0.000
4.000	2.600	3.000	6006.188	0.000	0.000
4.000	2.700	2.500	6030.888	0.000	0.000
4.000	2.700	2.600	6045.281	0.000	0.000
4.000	2.700	2.700	4927.995	0.000	0.000
4.000	2.700	2.800	6046.592	0.000	0.000
4.000	2.700	2.900	6030.888	0.000	0.000
4.000	2.700	3.000	6059.742	0.000	0.000
4.000	2.800	2.500	6475.163	0.000	0.000
4.000	2.800	2.600	6015.264	0.000	0.000
4.000	2.800	2.700	6058.425	0.000	0.000
4.000	2.800	2.800	6058.425	0.000	0.000
4.000	2.800	2.900	6068.982	0.000	0.000
4.000	2.800	3.000	5490.205	0.000	0.000
4.000	2.900	2.500	6046.592	0.000	0.000
4.000	2.900	2.600	6084.886	0.000	0.000
4.000	2.900	2.700	6046.592	0.000	0.000
4.000	2.900	2.800	6070.304	0.000	0.000
4.000	2.900	2.900	5979.122	0.000	0.000
4.000	2.900	3.000	6040.039	0.000	0.000
4.000	3.000	2.500	6387.584	0.000	0.000
4.000	3.000	2.600	6066.339	0.000	0.000
4.000	3.000	2.700	6008.778	0.000	0.000
4.000	3.000	2.800	6472.155	0.000	0.000
4.000	3.000	2.900	5167.442	0.000	0.000
4.000	3.000	3.000	6040.039	0.000	0.000
4.000	2.400	2.500	6894.965	0.000	0.000
4.000	2.400	2.600	6298.069	0.000	0.000
4.000	2.400	2.700	6236.049	0.000	0.000
4.000	2.400	2.800	6116.945	0.000	0.000
4.000	2.400	2.900	6135.803	0.000	0.000
4.000	2.400	3.000	6125.013	0.000	0.000
4.000	2.500	2.500	6152.060	0.000	0.000
4.000	2.500	2.600	6278.202	0.000	0.000
4.000	2.500	2.700	6190.330	0.000	0.000
4.000	2.500	2.800	6272.548	0.000	0.000
4.000	2.500	2.900	8484.253	0.000	0.000
4.000	2.500	3.000	15573.559	0.000	0.000
4.000	2.600	2.500	13916.771	0.000	0.000
4.000	2.600	2.600	12241.501	0.000	0.000
4.000	2.600	2.700	11171.546	0.000	0.000
4.000	2.600	2.800	6345.399	0.000	0.000
4.000	2.600	2.900	6131.753	0.000	0.000
4.000	2.600	3.000	5087.248	0.000	0.000
4.000	2.700	2.500	6126.360	0.000	0.000
4.000	2.700	2.600	6173.870	0.000	0.000
4.000	2.700	2.700	6137.155	0.000	0.000
4.000	2.700	2.800	6146.632	0.000	0.000
4.000	2.700	2.900	5762.719	0.000	0.000
4.000	2.700	3.000	6120.977	0.000	0.000
4.000	2.800	2.500	6135.803	0.000	0.000
4.000	2.800	2.600	6134.453	0.000	0.000
4.000	2.800	2.700	6135.803	0.000	0.000
4.000	2.800	2.800	6111.579	0.000	0.000
4.000	2.800	2.900	6125.013	0.000	0.000
4.000	2.800	3.000	6173.870	0.000	0.000
4.000	2.900	2.500	6126.360	0.000	0.000
4.000	2.900	2.600	6126.360	0.000	0.000
4.000	2.900	2.700	5340.774	0.000	0.000
4.000	2.900	2.800	6141.213	0.000	0.000
4.000	2.900	2.900	6098.203	0.000	0.000
4.000	2.900	3.000	6150.702	0.000	0.000
4.000	3.000	2.500	6150.702	0.000	0.000
4.000	3.000	2.600	5414.459	0.000	0.000
4.000	3.000	2.700	6169.769	0.000	0.000
4.000	3.000	2.800	6126.360	0.000	0.000
4.000	3.000	2.900	6164.309	0.000	0.000
4.000	3.000	3.000	6134.453	0.000	0.000
4.000	2.400	2.500	4188.667	0.000	0.000
4.000	2.400	2.600	6053.160	0.000	0.000
4.000	2.400	2.700	5450.469	0.000	0.000
4.000	2.400	2.800	6224.904	0.000	0.000
4.000	2.400	2.900	6116.945	0.000	0.000
4.000	2.400	3.000	6103.546	0.000	0.000
4.000	2.500	2.500	6103.546	0.000	0.000
4.000	2.500	2.600	6472.155	0.000	0.000
4.000	2.500	2.700	7286.216	0.000	0.000
4.000	2.500	2.800	8332.032	0.000	0.000
4.000	2.500	2.900	8578.286	0.000	0.000
4.000	2.500	3.000	8489.423	0.000	0.000
4.000	2.600	2.500	7673.485	0.000	0.000
4.000	2.600	2.600	7077.095	0.000	0.000
4.000	2.600	2.700	6349.737	0.000	0.000
4.000	2.600	2.800	6746.388	0.000	0.000
4.000	2.600	2.900	6599.385	0.000	0.000
4.000	2.600	3.000	6481.187	0.000	0.000
4.000	2.700	2.500	6780.865	0.000	0.000
4.000	2.700	2.600	6460.150	0.000	0.000
4.000	2.700	2.700	6490.245	0.000	0.000
4.000	2.700	2.800	6476.668	0.000	0.000
4.000	2.700	2.900	6313.767	0.000	0.000
4.000	2.700	3.000	6749.656	0.000	0.000
4.000	2.800	2.500	5738.980	0.000	0.000
4.000	2.800	2.600	6345.399	0.000	0.000
4.000	2.800	2.700	6288.119	0.000	0.000
4.000	2.800	2.800	6329.543	0.000	0.000
4.000	2.800	2.900	6240.239	0.000	0.000
4.000	2.800	3.000	5769.879	0.000	0.000
4.000	2.900	2.500	6231.865	0.000	0.000
4.000	2.900	2.600	6259.866	0.000	0.000
4.000	2.900	2.700	6236.049	0.000	0.000
4.000	2.900	2.800	6247.234	0.000	0.000
4.000	2.900	2.900	6299.493	0.000	0.000
4.000	2.900	3.000	6187.580	0.000	0.000
4.000	3.000	2.500	6183.461	0.000	0.000
4.000	3.000	2.600	6172.503	0.000	0.000
4.000	3.000	2.700	6153.419	0.000	0.000
4.000	3.000	2.800	5443.016	0.000	0.000
4.000	3.000	2.900	6120.977	0.000	0.000
4.000	3.000	3.000	6127.707	0.000	0.000
4.000	2.400	2.500	4228.715	0.000	0.000
4.000	2.400	2.600	6079.575	0.000	0.000
4.000	2.400	2.700	6104.883	0.000	0.000
4.000	2.400	2.800	6448.190	0.000	0.000
4.000	2.400	2.900	6188.955	0.000	0.000
4.000	2.400	3.000	6535.917	0.000	0.000
4.000	2.500	2.500	6080.902	0.000	0.000
4.000	2.500	2.600	6084.886	0.000	0.000
4.000	2.500	2.700	6115.603	0.000	0.000
4.000	2.500	2.800	6143.921	0.000	0.000
4.000	2.500	2.900	8499.782	0.000	0.000
4.000	2.500	3.000	299069.506	0.000	1.000
4.000	2.400	2.500	4838.149	0.000	0.000
4.000	2.400	2.600	6266.905	0.000	0.000
4.000	2.400	2.700	6562.085	0.000	0.000
4.000	2.400	2.800	6179.347	0.000	0.000
4.000	2.400	2.900	6146.632	0.000	0.000
4.000	2.400	3.000	6091.537	0.000	0.000
4.000	2.500	2.500	6084.886	0.000	0.000
4.000	2.500	2.600	6161.583	0.000	0.000
4.000	2.500	2.700	6112.919	0.000	0.000
4.000	2.500	2.800	6110.238	0.000	0.000
4.000	2.500	2.900	6102.210	0.000	0.000
4.000	2.500	3.000	6092.869	0.000	0.000
4.000	2.600	2.500	5989.404	0.000	0.000
4.000	2.600	2.600	6079.575	0.000	0.000
4.000	2.600	2.700	5972.714	0.000	0.000
4.000	2.600	2.800	6103.546	0.000	0.000
4.000	2.600	2.900	6095.535	0.000	0.000
4.000	2.600	3.000	6017.862	0.000	0.000
4.000	2.700	2.500	6110.238	0.000	0.000
4.000	2.700	2.600	6086.215	0.000	0.000
4.000	2.700	2.700	6098.203	0.000	0.000
4.000	2.700	2.800	6057.108	0.000	0.000
4.000	2.700	2.900	5951.028	0.000	0.000
4.000	2.700	3.000	6169.769	0.000	0.000
4.000	2.800	2.500	6001.014	0.000	0.000
4.000	2.800	2.600	6273.961	0.000	0.000
4.000	2.800	2.700	28456.520	0.000	0.000
4.000	2.800	2.800	578469.148	0.000	1.000
4.000	2.400	2.500	4594.055	0.000	0.000
4.000	2.400	2.600	6160.221	0.000	0.000
4.000	2.400	2.700	6257.054	0.000	0.000
4.000	2.400	2.800	6237.445	0.000	0.000
4.000	2.400	2.900	6326.669	0.000	0.000
4.000	2.400	3.000	6212.413	0.000	0.000
4.000	2.500	2.500	6176.607	0.000	0.000
4.000	2.500	2.600	6199.972	0.000	0.000
4.000	2.500	2.700	6157.498	0.000	0.000
4.000	2.500	2.800	6240.239	0.000	0.000
4.000	2.500	2.900	6179.347	0.000	0.000
4.000	2.500	3.000	6172.503	0.000	0.000
4.000	2.600	2.500	6141.213	0.000	0.000
4.000	2.600	2.600	6205.495	0.000	0.000
4.000	2.600	2.700	6127.707	0.000	0.000
4.000	2.600	2.800	6164.309	0.000	0.000
4.000	2.600	2.900	6157.498	0.000	0.000
4.000	2.600	3.000	6188.955	0.000	0.000
4.000	2.700	2.500	6572.920	0.000	0.000
4.000	2.700	2.600	5465.437	0.000	0.000
4.000	2.700	2.700	6619.768	0.000	0.000
4.000	2.700	2.800	6599.385	0.000	0.000
4.000	2.700	2.900	6613.483	0.000	0.000
4.000	2.700	3.000	6131.753	0.000	0.000
4.000	2.800	2.500	6230.471	0.000	0.000
4.000	2.800	2.600	6183.461	0.000	0.000
4.000	2.800	2.700	6193.081	0.000	0.000
4.000	2.800	2.800	6142.567	0.000	0.000
4.000	2.800	2.900	6153.419	0.000	0.000
4.000	2.800	3.000	6172.503	0.000	0.000
4.000	2.900	2.500	5346.923	0.000	0.000
4.000	2.900	2.600	6164.309	0.000	0.000
4.000	2.900	2.700	6160.221	0.000	0.000
4.000	2.900	2.800	6168.403	0.000	0.000
4.000	2.900	2.900	6154.778	0.000	0.000
4.000	2.900	3.000	6330.982	0.000	0.000
4.000	3.000	2.500	6208.260	0.000	0.000
4.000	3.000	2.600	6611.913	0.000	0.000
4.000	3.000	2.700	6305.195	0.000	0.000
4.000	3.000	2.800	6341.067	0.000	0.000
4.000	3.000	2.900	5833.906	0.000	0.000
4.000	3.000	3.000	6259.866	0.000	0.000
8.000	2.400	2.500	11470.476	0.000	0.000
8.000	2.400	2.600	4915.824	0.000	0.000
8.000	2.400	2.700	4677.342	0.000	0.000
8.000	2.400	2.800	4656.239	0.000	0.000
8.000	2.400	2.900	4568.445	0.000	0.000
8.000	2.400	3.000	4523.207	0.000	0.000
8.000	2.500	2.500	9204.548	0.000	0.000
8.000	2.500	2.600	4555.002	0.000	0.000
8.000	2.500	2.700	4831.438	0.000	0.000
8.000	2.500	2.800	4987.984	0.000	0.000
8.000	2.500	2.900	4403.821	0.000	0.000
8.000	2.500	3.000	4555.002	0.000	0.000
8.000	2.600	2.500	4453.087	0.000	0.000
8.000	2.600	2.600	4448.111	0.000	0.000
8.000	2.600	2.700	4436.072	0.000	0.000
8.000	2.600	2.800	3916.651	0.000	0.000
8.000	2.600	2.900	4459.501	0.000	0.000
8.000	2.600	3.000	4459.501	0.000	0.000
8.000	2.700	2.500	4472.386	0.000	0.000
8.000	2.700	2.600	4483.180	0.000	0.000
8.000	2.700	2.700	4463.073	0.000	0.000
8.000	2.700	2.800	4217.833	0.000	0.000
8.000	2.700	2.900	4516.608	0.000	0.000
8.000	2.700	3.000	4573.694	0.000	0.000
8.000	2.800	2.500	4551.282	0.000	0.000
8.000	2.800	2.600	4864.333	0.000	0.000
8.000	2.800	2.700	4897.678	0.000	0.000
8.000	2.800	2.800	4517.340	0.000	0.000
8.000	2.800	2.900	4476.697	0.000	0.000
8.000	2.800	3.000	4572.944	0.000	0.000
8.000	2.900	2.500	4575.196	0.000	0.000
8.000	2.900	2.600	4575.196	0.000	0.000
8.000	2.900	2.700	4050.448	0.000	0.000
8.000	2.900	2.800	4569.944	0.000	0.000
8.000	2.900	2.900	4561.714	0.000	0.000
8.000	2.900	3.000	4831.438	0.000	0.000
8.000	3.000	2.500	4869.433	0.000	0.000
8.000	3.000	2.600	4154.319	0.000	0.000
8.000	3.000	2.700	4866.881	0.000	0.000
8.000	3.000	2.800	3921.060	0.000	0.000
8.000	3.000	2.900	4607.729	0.000	0.000
8.000	3.000	3.000	4584.983	0.000	0.000
10000.000	2.400	2.500	5491.287	0.000	0.000
10000.000	2.400	2.600	4555.002	0.000	0.000
10000.000	2.400	2.700	4151.843	0.000	0.000
10000.000	2.400	2.800	4637.639	0.000	0.000
10000.000	2.400	2.900	4604.684	0.000	0.000
10000.000	2.400	3.000	4624.554	0.000	0.000
10000.000	2.500	2.500	4879.666	0.000	0.000
10000.000	2.500	2.600	4417.085	0.000	0.000
10000.000	2.500	2.700	4871.987	0.000	0.000
10000.000	2.500	2.800	4860.938	0.000	0.000
10000.000	2.500	2.900	4289.254	0.000	0.000
10000.000	2.500	3.000	4303.165	0.000	0.000
10000.000	2.600	2.500	4349.513	0.000	0.000
10000.000	2.600	2.600	4502.013	0.000	0.000
10000.000	2.600	2.700	4335.977	0.000	0.000
10000.000	2.600	2.800	4286.614	0.000	0.000
10000.000	2.600	2.900	4342.734	0.000	0.000
10000.000	2.600	3.000	4457.361	0.000	0.000
10000.000	2.700	2.500	4367.923	0.000	0.000
10000.000	2.700	2.600	4400.343	0.000	0.000
10000.000	2.700	2.700	4438.192	0.000	0.000
10000.000	2.700	2.800	4370.663	0.000	0.000
10000.000	2.700	2.900	4364.502	0.000	0.000
10000.000	2.700	3.000	4417.085	0.000	0.000
10000.000	2.800	2.500	4566.947	0.000	0.000
10000.000	2.800	2.600	5296.108	0.000	0.000
10000.000	2.800	2.700	5364.423	0.000	0.000
10000.000	2.800	2.800	5065.975	0.000	0.000
10000.000	2.800	2.900	5284.056	0.000	0.000
10000.000	2.800	3.000	5246.250	0.000	0.000
10000.000	2.900	2.500	5234.423	0.000	0.000
10000.000	2.900	2.600	5193.447	0.000	0.000
10000.000	2.900	2.700	5100.285	0.000	0.000
10000.000	2.900	2.800	5178.967	0.000	0.000
10000.000	2.900	2.900	5129.391	0.000	0.000
10000.000	2.900	3.000	5135.063	0.000	0.000
10000.000	3.000	2.500	5142.645	0.000	0.000
10000.000	3.000	2.600	4556.492	0.000	0.000
10000.000	3.000	2.700	5181.857	0.000	0.000
10000.000	3.000	2.800	5149.298	0.000	0.000
10000.000	3.000	2.900	5147.395	0.000	0.000
10000.000	3.000	3.000	5384.118	0.000	0.000
10004.000	2.400	2.500	6050.531	0.000	0.000
10004.000	2.400	2.600	4949.881	0.000	0.000
10004.000	2.400	2.700	5206.061	0.000	0.000
10004.000	2.400	2.800	5021.242	0.000	0.000
10004.000	2.400	2.900	5005.007	0.000	0.000
10004.000	2.400	3.000	4894.237	0.000	0.000
10004.000	2.500	2.500	4531.298	0.000	0.000
10004.000	2.500	2.600	4872.839	0.000	0.000
10004.000	2.500	2.700	4850.783	0.000	0.000
10004.000	2.500	2.800	5176.081	0.000	0.000
10004.000	2.500	2.900	5167.442	0.000	0.000
10004.000	2.500	3.000	4619.187	0.000	0.000
10004.000	2.600	2.500	5159.786	0.000	0.000
10004.000	2.600	2.600	4782.511	0.000	0.000
10004.000	2.600	2.700	4878.812	0.000	0.000
10004.000	2.600	2.800	5124.674	0.000	0.000
10004.000	2.600	2.900	4899.401	0.000	0.000
10004.000	2.600	3.000	4802.294	0.000	0.000
10004.000	2.700	2.500	4803.121	0.000	0.000
10004.000	2.700	2.600	4781.691	0.000	0.000
10004.000	2.700	2.700	4789.087	0.000	0.000
10004.000	2.700	2.800	4866.032	0.000	0.000
10004.000	2.700	2.900	4823.075	0.000	0.000
10004.000	2.700	3.000	4997.825	0.000	0.000
10004.000	2.800	2.500	5177.043	0.000	0.000
10004.000	2.800	2.600	5369.592	0.000	0.000
10004.000	2.800	2.700	5577.017	0.000	0.000
10004.000	2.800	2.800	5747.267	0.000	0.000
10004.000	2.800	2.900	5857.206	0.000	0.000
10004.000	2.800	3.000	5958.664	0.000	0.000
10004.000	2.900	2.500	5957.390	0.000	0.000
10004.000	2.900	2.600	6222.123	0.000	0.000
10004.000	2.900	2.700	6012.668	0.000	0.000
10004.000	2.900	2.800	5814.428	0.000	0.000
10004.000	2.900	2.900	5789.059	0.000	0.000
10004.000	2.900	3.000	5721.304	0.000	0.000
10004.000	3.000	2.500	5205.089	0.000	0.000
10004.000	3.000	2.600	5446.208	0.000	0.000
10004.000	3.000	2.700	5419.724	0.000	0.000
10004.000	3.000	2.800	4930.611	0.000	0.000
10004.000	3.000	2.900	5400.815	0.000	0.000
10004.000	3.000	3.000	4901.124	0.000	0.000
10012.000	2.400	2.500	5175.120	0.000	0.000
10012.000	2.400	2.600	514394.167	0.000	1.000
10016.000	2.400	2.500	5835.127	0.000	0.000
10016.000	2.400	2.600	4901.986	0.000	0.000
10016.000	2.400	2.700	4607.729	0.000	0.000
10016.000	2.400	2.800	4895.957	0.000	0.000
10016.000	2.400	2.900	4454.511	0.000	0.000
10016.000	2.400	3.000	4487.512	0.000	0.000
10016.000	2.500	2.500	4191.187	0.000	0.000
10016.000	2.500	2.600	4455.223	0.000	0.000
10016.000	2.500	2.700	4716.933	0.000	0.000
10016.000	2.500	2.800	3813.203	0.000	0.000
10016.000	2.500	2.900	4422.694	0.000	0.000
10016.000	2.500	3.000	4413.587	0.000	0.000
10016.000	2.600	2.500	4414.985	0.000	0.000
10016.000	2.600	2.600	4376.842	0.000	0.000
10016.000	2.600	2.700	4382.349	0.000	0.000
10016.000	2.600	2.800	4380.971	0.000	0.000
10016.000	2.600	2.900	4374.094	0.000	0.000
10016.000	2.600	3.000	3713.593	0.000	0.000
10016.000	2.700	2.500	4438.192	0.000	0.000
10016.000	2.700	2.600	4373.407	0.000	0.000
10016.000	2.700	2.700	4465.219	0.000	0.000
10016.000	2.700	2.800	4580.461	0.000	0.000
10016.000	2.700	2.900	4410.094	0.000	0.000
10016.000	2.700	3.000	4352.911	0.000	0.000
10016.000	2.800	2.500	4551.282	0.000	0.000
10016.000	2.800	2.600	2850.167	0.000	0.000
10016.000	2.800	2.700	4572.944	0.000	0.000
10016.000	2.800	2.800	4575.196	0.000	0.000
10016.000	2.800	2.900	4426.207	0.000	0.000
10016.000	2.800	3.000	4555.747	0.000	0.000
10016.000	2.900	2.500	4372.721	0.000	0.000
10016.000	2.900	2.600	4563.208	0.000	0.000
10016.000	2.900	2.700	4573.694	0.000	0.000
10016.000	2.900	2.800	4408.698	0.000	0.000
10016.000	2.900	2.900	4361.086	0.000	0.000
10016.000	2.900	3.000	4534.248	0.000	0.000
10016.000	3.000	2.500	4320.513	0.000	0.000
10016.000	3.000	2.600	4551.282	0.000	0.000
10016.000	3.000	2.700	3834.192	0.000	0.000
10016.000	3.000	2.800	4519.538	0.000	0.000
10016.000	3.000	2.900	4376.842	0.000	0.000
10016.000	3.000	3.000	4419.888	0.000	0.000
10020.000	2.400	2.500	5846.146	0.000	0.000
10020.000	2.400	2.600	5371.662	0.000	0.000
10020.000	2.400	2.700	5571.441	0.000	0.000
10020.000	2.400	2.800	5280.051	0.000	0.000
10020.000	2.400	2.900	5237.375	0.000	0.000
10020.000	2.400	3.000	5545.936	0.000	0.000
10020.000	2.500	2.500	5319.362	0.000	0.000
10020.000	2.500	2.600	5209.955	0.000	0.000
10020.000	2.500	2.700	5183.785	0.000	0.000
10020.000	2.500	2.800	5221.671	0.000	0.000
10020.000	2.500	2.900	5264.090	0.000	0.000
10020.000	2.500	3.000	5195.383	0.000	0.000
10020.000	2.600	2.500	5159.786	0.000	0.000
10020.000	2.600	2.600	5173.198	0.000	0.000
10020.000	2.600	2.700	5051.281	0.000	0.000
10020.000	2.600	2.800	4967.531	0.000	0.000
10020.000	2.600	2.900	4413.587	0.000	0.000
10020.000	2.600	3.000	5031.215	0.000	0.000
10020.000	2.700	2.500	5051.281	0.000	0.000
10020.000	2.700	2.600	4977.291	0.000	0.000
10020.000	2.700	2.700	5271.061	0.000	0.000
10020.000	2.700	2.800	4920.164	0.000	0.000
10020.000	2.700	2.900	4914.090	0.000	0.000
10020.000	2.700	3.000	4992.452	0.000	0.000
10020.000	2.800	2.500	4911.491	0.000	0.000
10020.000	2.800	2.600	4912.357	0.000	0.000
10020.000	2.800	2.700	4756.387	0.000	0.000
10020.000	2.800	2.800	4943.734	0.000	0.000
10020.000	2.800	2.900	4900.262	0.000	0.000
10020.000	2.800	3.000	4962.223	0.000	0.000
10020.000	2.900	2.500	4957.808	0.000	0.000
10020.000	2.900	2.600	4919.295	0.000	0.000
10020.000	2.900	2.700	4992.452	0.000	0.000
10020.000	2.900	2.800	5040.316	0.000	0.000
10020.000	2.900	2.900	4998.722	0.000	0.000
10020.000	2.900	3.000	5257.138	0.000	0.000
10020.000	3.000	2.500	5101.219	0.000	0.000
10020.000	3.000	2.600	4984.414	0.000	0.000
10020.000	3.000	2.700	5192.479	0.000	0.000
10020.000	3.000	2.800	5156.922	0.000	0.000
10020.000	3.000	2.900	4839.830	0.000	0.000
10020.000	3.000	3.000	4784.975	0.000	0.000
10012.000	2.400	2.500	5109.638	0.000	0.000
10012.000	2.400	2.600	327161.694	0.000	1.000
10012.000	2.400	2.500	4222.307	0.000	0.000
10012.000	2.400	2.600	4448.821	0.000	0.000
10012.000	2.400	2.700	4440.314	0.000	0.000
10012.000	2.400	2.800	4465.934	0.000	0.000
10012.000	2.400	2.900	4202.565	0.000	0.000
10012.000	2.400	3.000	4737.786	0.000	0.000
10012.000	2.500	2.500	4749.091	0.000	0.000
10012.000	2.500	2.600	4748.282	0.000	0.000
10012.000	2.500	2.700	4468.799	0.000	0.000
10012.000	2.500	2.800	4281.345	0.000	0.000
10012.000	2.500	2.900	4566.199	0.000	0.000
10012.000	2.500	3.000	4686.783	0.000	0.000
10012.000	2.600	2.500	4712.944	0.000	0.000
10012.000	2.600	2.600	4623.786	0.000	0.000
10012.000	2.600	2.700	4477.416	0.000	0.000
10012.000	2.600	2.800	4479.576	0.000	0.000
10012.000	2.600	2.900	4483.901	0.000	0.000
10012.000	2.600	3.000	4474.540	0.000	0.000
10012.000	2.700	2.500	4780.050	0.000	0.000
10012.000	2.700	2.600	4522.473	0.000	0.000
10012.000	2.700	2.700	4497.653	0.000	0.000
10012.000	2.700	2.800	4521.739	0.000	0.000
10012.000	2.700	2.900	4540.158	0.000	0.000
10012.000	2.700	3.000	4488.235	0.000	0.000
10012.000	2.800	2.500	4543.119	0.000	0.000
10012.000	2.800	2.600	4549.053	0.000	0.000
10012.000	2.800	2.700	4540.898	0.000	0.000
10012.000	2.800	2.800	4534.986	0.000	0.000
10012.000	2.800	2.900	3634.160	0.000	0.000
10012.000	2.800	3.000	4549.053	0.000	0.000
10012.000	2.900	2.500	4575.196	0.000	0.000
10012.000	2.900	2.600	4556.492	0.000	0.000
10012.000	2.900	2.700	4555.747	0.000	0.000
10012.000	2.900	2.800	4517.340	0.000	0.000
10012.000	2.900	2.900	4540.898	0.000	0.000
10012.000	2.900	3.000	4575.948	0.000	0.000
10012.000	3.000	2.500	4573.694	0.000	0.000
10012.000	3.000	2.600	4818.071	0.000	0.000
10012.000	3.000	2.700	4625.322	0.000	0.000
10012.000	3.000	2.800	4558.728	0.000	0.000
10012.000	3.000	2.900	4603.162	0.000	0.000
10012.000	3.000	3.000	4584.983	0.000	0.000
10012.000	2.400	2.500	4310.487	0.000	0.000
10012.000	2.400	2.600	5406.055	0.000	0.000
10012.000	2.400	2.700	5398.723	0.000	0.000
10012.000	2.400	2.800	5717.782	0.000	0.000
10012.000	2.400	2.900	5409.203	0.000	0.000
10012.000	2.400	3.000	4798.159	0.000	0.000
10012.000	2.500	2.500	5724.831	0.000	0.000
10012.000	2.500	2.600	5791.466	0.000	0.000
10012.000	2.500	2.700	5527.234	0.000	0.000
10012.000	2.500	2.800	5653.970	0.000	0.000
10012.000	2.500	2.900	4607.729	0.000	0.000
10012.000	2.500	3.000	5141.696	0.000	0.000
10012.000	2.600	2.500	5405.006	0.000	0.000
10012.000	2.600	2.600	5533.820	0.000	0.000
10012.000	2.600	2.700	5859.670	0.000	0.000
10012.000	2.600	2.800	5574.785	0.000	0.000
10012.000	2.600	2.900	5467.581	0.000	0.000
10012.000	2.600	3.000	5482.643	0.000	0.000
10012.000	2.700	2.500	5476.178	0.000	0.000
10012.000	2.700	2.600	5508.657	0.000	0.000
10012.000	2.700	2.700	4652.351	0.000	0.000
10012.000	2.700	2.800	5411.304	0.000	0.000
10012.000	2.700	2.900	5432.404	0.000	0.000
10012.000	2.700	3.000	5447.272	0.000	0.000
10012.000	2.800	2.500	5720.130	0.000	0.000
10012.000	2.800	2.600	5425.000	0.000	0.000
10012.000	2.800	2.700	5436.644	0.000	0.000
10012.000	2.800	2.800	5508.657	0.000	0.000
10012.000	2.800	2.900	5463.293	0.000	0.000
10012.000	2.800	3.000	5587.081	0.000	0.000
10012.000	2.900	2.500	5463.293	0.000	0.000
10012.000	2.900	2.600	5479.409	0.000	0.000
10012.000	2.900	2.700	5481.565	0.000	0.000
10012.000	2.900	2.800	5486.962	0.000	0.000
10012.000	2.900	2.900	4255.192	0.000	0.000
10012.000	2.900	3.000	4488.958	0.000	0.000
10012.000	3.000	2.500	5373.734	0.000	0.000
10012.000	3.000	2.600	5397.677	0.000	0.000
10012.000	3.000	2.700	5423.944	0.000	0.000
10012.000	3.000	2.800	5551.461	0.000	0.000
10012.000	3.000	2.900	5423.944	0.000	0.000
10012.000	3.000	3.000	5402.910	0.000	0.000
10012.000	3.100	2.500	5402.910	0.000	0.000
10012.000	3.100	2.600	5416.564	0.000	0.000
10012.000	3.100	2.700	4452.376	0.000	0.000
10012.000	3.100	2.800	5407.104	0.000	0.000
10012.000	3.100	2.900	5371.662	0.000	0.000
10012.000	3.100	3.000	5372.698	0.000	0.000
10012.000	3.200	2.500	5774.662	0.000	0.000
10012.000	3.200	2.600	5324.445	0.000	0.000
10012.000	3.200	2.700	5388.282	0.000	0.000
10012.000	3.200	2.800	5374.771	0.000	0.000
10012.000	3.200	2.900	5396.631	0.000	0.000
10012.000	3.200	3.000	5371.662	0.000	0.000
10012.000	3.300	2.500	5382.038	0.000	0.000
10012.000	3.300	2.600	5429.229	0.000	0.000
10012.000	3.300	2.700	5422.889	0.000	0.000
10012.000	3.300	2.800	5386.199	0.000	0.000
10012.000	3.300	2.900	4570.693	0.000	0.000
10012.000	3.300	3.000	5313.276	0.000	0.000
10012.000	3.400	2.500	5162.655	0.000	0.000
10012.000	3.400	2.600	5184.749	0.000	0.000
10012.000	3.400	2.700	5172.238	0.000	0.000
10012.000	3.400	2.800	5144.544	0.000	0.000
10012.000	3.400	2.900	5208.007	0.000	0.000
10012.000	3.400	3.000	5201.202	0.000	0.000
10012.000	3.500	2.500	5196.352	0.000	0.000
10012.000	3.500	2.600	5605.064	0.000	0.000
10012.000	3.500	2.700	4461.644	0.000	0.000
10012.000	3.500	2.800	5688.599	0.000	0.000
10012.000	3.500	2.900	5681.639	0.000	0.000
10012.000	3.500	3.000	5670.078	0.000	0.000
10108.000	2.400	2.500	4977.291	0.000	0.000
10108.000	2.400	2.600	4398.260	0.000	0.000
10108.000	2.400	2.700	4630.702	0.000	0.000
10108.000	2.400	2.800	4360.404	0.000	0.000
10108.000	2.400	2.900	4396.178	0.000	0.000
10108.000	2.400	3.000	4424.801	0.000	0.000
10108.000	2.400	2.500	4449.532	0.000	0.000
10108.000	2.400	2.600	4295.867	0.000	0.000
10108.000	2.400	2.700	4291.236	0.000	0.000
10108.000	2.400	2.800	4555.002	0.000	0.000
10108.000	2.400	2.900	4384.418	0.000	0.000
10108.000	2.400	3.000	4436.778	0.000	0.000
10108.000	2.400	3.100	4327.223	0.000	0.000
10108.000	2.400	3.200	4562.461	0.000	0.000
10108.000	2.400	3.300	4540.158	0.000	0.000
10108.000	2.400	3.400	4365.870	0.000	0.000
10108.000	2.400	3.500	4490.404	0.000	0.000
10108.000	2.500	2.500	4525.411	0.000	0.000
10108.000	2.500	2.600	4314.492	0.000	0.000
10108.000	2.500	2.700	4522.473	0.000	0.000
10108.000	2.500	2.800	3838.946	0.000	0.000
10108.000	2.500	2.900	4276.089	0.000	0.000
10108.000	2.500	3.000	4383.728	0.000	0.000
10108.000	2.500	3.100	3867.184	0.000	0.000
10108.000	2.500	3.200	4281.345	0.000	0.000
10108.000	2.500	3.300	3803.833	0.000	0.000
10108.000	2.500	3.400	4510.759	0.000	0.000
10108.000	2.500	3.500	4251.946	0.000	0.000
10108.000	2.600	2.500	4325.879	0.000	0.000
10108.000	2.600	2.600	4529.825	0.000	0.000
10108.000	2.600	2.700	4043.395	0.000	0.000
10108.000	2.600	2.800	4359.722	0.000	0.000
10108.000	2.600	2.900	4537.940	0.000	0.000
10108.000	2.600	3.000	4286.614	0.000	0.000
10108.000	2.600	3.100	4264.309	0.000	0.000
10108.000	2.600	3.200	3694.880	0.000	0.000
10108.000	2.600	3.300	4268.229	0.000	0.000
10108.000	2.600	3.400	4268.883	0.000	0.000
10108.000	2.600	3.500	4242.235	0.000	0.000
10108.000	2.700	2.500	4262.352	0.000	0.000
10108.000	2.700	2.600	3609.678	0.000	0.000
10108.000	2.700	2.700	4317.835	0.000	0.000
10108.000	2.700	2.800	4280.687	0.000	0.000
10108.000	2.700	2.900	4529.089	0.000	0.000
10108.000	2.700	3.000	4283.320	0.000	0.000
10108.000	2.700	3.100	3820.523	0.000	0.000
10108.000	2.700	3.200	4523.207	0.000	0.000
10108.000	2.700	3.300	4285.296	0.000	0.000
10108.000	2.700	3.400	4307.822	0.000	0.000
10108.000	2.700	3.500	4191.817	0.000	0.000
10108.000	2.800	2.500	4481.737	0.000	0.000
10108.000	2.800	2.600	4570.693	0.000	0.000
10108.000	2.800	2.700	4685.995	0.000	0.000
10108.000	2.800	2.800	4392.713	0.000	0.000
10108.000	2.800	2.900	4360.404	0.000	0.000
10108.000	2.800	3.000	3684.620	0.000	0.000
10108.000	2.800	3.100	4319.843	0.000	0.000
10108.000	2.800	3.200	4331.932	0.000	0.000
10108.000	2.800	3.300	4534.986	0.000	0.000
10108.000	2.800	3.400	4273.466	0.000	0.000
10108.000	2.800	3.500	3788.318	0.000	0.000
10108.000	2.900	2.500	4297.192	0.000	0.000
10108.000	2.900	2.600	4326.551	0.000	0.000
10108.000	2.900	2.700	4336.651	0.000	0.000
10108.000	2.900	2.800	4325.208	0.000	0.000
10108.000	2.900	2.900	3311.130	0.000	0.000
10108.000	2.900	3.000	4328.567	0.000	0.000
10108.000	2.900	3.100	4323.865	0.000	0.000
10108.000	2.900	3.200	4202.565	0.000	0.000
10108.000	2.900	3.300	4188.667	0.000	0.000
10108.000	2.900	3.400	4070.567	0.000	0.000
10108.000	2.900	3.500	4177.990	0.000	0.000
10108.000	3.000	2.500	4167.367	0.000	0.000
10108.000	3.000	2.600	4189.926	0.000	0.000
10108.000	3.000	2.700	4199.398	0.000	0.000
10108.000	3.000	2.800	4156.798	0.000	0.000
10108.000	3.000	2.900	4189.296	0.000	0.000
10108.000	3.000	3.000	4203.833	0.000	0.000
10132.000	2.400	2.500	5195.383	0.000	0.000
10132.000	2.400	2.600	1064800.206	0.000	1.000
10148.000	2.400	2.500	5470.802	0.000	0.000
10148.000	2.400	2.600	4627.626	0.000	0.000
10148.000	2.400	2.700	4700.223	0.000	0.000
10148.000	2.400	2.800	4627.626	0.000	0.000
10148.000	2.400	2.900	4596.328	0.000	0.000
10148.000	2.400	3.000	4600.882	0.000	0.000
10148.000	2.500	2.500	4633.012	0.000	0.000
10148.000	2.500	2.600	4295.205	0.000	0.000
10148.000	2.500	2.700	4619.953	0.000	0.000
10148.000	2.500	2.800	4566.199	0.000	0.000
10148.000	2.500	2.900	4834.791	0.000	0.000
10148.000	2.500	3.000	4578.203	0.000	0.000
10148.000	2.600	2.500	4064.036	0.000	0.000
10148.000	2.600	2.600	5482.643	0.000	0.000
10148.000	2.600	2.700	5731.897	0.000	0.000
10148.000	2.600	2.800	6364.240	0.000	0.000
10148.000	2.600	2.900	14465.879	0.000	0.000
10148.000	2.600	3.000	13235.862	0.000	0.000
10148.000	2.700	2.500	9940.080	0.000	0.000
10148.000	2.700	2.600	10120.601	0.000	0.000
10148.000	2.700	2.700	7718.121	0.000	0.000
10148.000	2.700	2.800	7109.599	0.000	0.000
10148.000	2.700	2.900	7012.971	0.000	0.000
10148.000	2.700	3.000	7158.919	0.000	0.000
10148.000	2.800	2.500	8048.054	0.000	0.000
10148.000	2.800	2.600	11643.025	0.000	0.000
10148.000	2.800	2.700	14702.503	0.000	0.000
10148.000	2.800	2.800	30084.945	0.000	0.000
10148.000	2.800	2.900	302314.336	0.000	1.000
0.000	2.400	2.500	10934.802	0.000	0.000
0.000	2.400	2.600	8531.011	0.000	0.000
0.000	2.400	2.700	8533.623	0.000	0.000
0.000	2.400	2.800	7953.862	0.000	0.000
0.000	2.400	2.900	8180.370	0.000	0.000
0.000	2.400	3.000	8253.059	0.000	0.000
0.000	2.500	2.500	8324.564	0.000	0.000
0.000	2.500	2.600	8149.267	0.000	0.000
0.000	2.500	2.700	8180.370	0.000	0.000
0.000	2.500	2.800	8125.503	0.000	0.000
0.000	2.500	2.900	7789.322	0.000	0.000
0.000	2.500	3.000	7817.733	0.000	0.000
0.000	2.600	2.500	7908.710	0.000	0.000
0.000	2.600	2.600	7724.540	0.000	0.000
0.000	2.600	2.700	8151.651	0.000	0.000
0.000	2.600	2.800	7746.014	0.000	0.000
0.000	2.600	2.900	7846.352	0.000	0.000
0.000	2.600	3.000	8257.951	0.000	0.000
0.000	2.700	2.500	7999.532	0.000	0.000
0.000	2.700	2.600	7290.029	0.000	0.000
0.000	2.700	2.700	8087.766	0.000	0.000
0.000	2.700	2.800	7972.067	0.000	0.000
0.000	2.400	2.500	7347.700	0.000	0.000
0.000	2.400	2.600	7819.927	0.000	0.000
0.000	2.400	2.700	7988.065	0.000	0.000
0.000	2.400	2.800	7637.728	0.000	0.000
0.000	2.400	2.900	7835.320	0.000	0.000
0.000	2.400	3.000	8050.379	0.000	0.000
0.000	2.500	2.500	8156.424	0.000	0.000
0.000	2.500	2.600	7561.043	0.000	0.000
0.000	2.500	2.700	7978.916	0.000	0.000
0.000	2.500	2.800	7904.223	0.000	0.000
0.000	2.500	2.900	7947.056	0.000	0.000
0.000	2.500	3.000	8027.187	0.000	0.000
0.000	2.600	2.500	7715.984	0.000	0.000
0.000	2.600	2.600	6877.946	0.000	0.000
0.000	2.600	2.700	7839.729	0.000	0.000
0.000	2.600	2.800	7877.408	0.000	0.000
0.000	2.600	2.900	7798.042	0.000	0.000
0.000	2.600	3.000	7822.122	0.000	0.000
0.000	2.700	2.500	7629.363	0.000	0.000
0.000	2.700	2.600	8080.730	0.000	0.000
0.000	2.700	2.700	7780.622	0.000	0.000
0.000	2.700	2.800	7897.502	0.000	0.000
0.000	2.700	2.900	7587.810	0.000	0.000
0.000	2.700	3.000	7096.923	0.000	0.000
0.000	2.800	2.500	7701.056	0.000	0.000
0.000	2.400	2.500	3887225.580	0.000	1.000
0.000	2.400	2.500	4517448.090	0.000	1.000
12.000	2.400	2.500	4517448.090	0.000	1.000
4.000	2.400	2.500	5844.920	0.000	0.000
4.000	2.400	2.600	4971.076	0.000	0.000
4.000	2.400	2.700	4671.069	0.000	0.000
4.000	2.400	2.800	4747.473	0.000	0.000
4.000	2.400	2.900	4970.189	0.000	0.000
4.000	2.400	3.000	4792.382	0.000	0.000
4.000	2.500	2.500	4956.044	0.000	0.000
4.000	2.500	2.600	5008.606	0.000	0.000
4.000	2.500	2.700	4940.228	0.000	0.000
4.000	2.500	2.800	4676.557	0.000	0.000
4.000	2.500	2.900	4832.276	0.000	0.000
4.000	2.500	3.000	4424.098	0.000	0.000
4.000	2.600	2.500	4606.206	0.000	0.000
4.000	2.600	2.600	4650.798	0.000	0.000
4.000	2.600	2.700	4550.539	0.000	0.000
4.000	2.600	2.800	4611.542	0.000	0.000
4.000	2.600	2.900	3847.427	0.000	0.000
4.000	2.600	3.000	4431.839	0.000	0.000
4.000	2.700	2.500	4466.650	0.000	0.000
4.000	2.700	2.600	4444.563	0.000	0.000
4.000	2.700	2.700	4454.511	0.000	0.000
4.000	2.700	2.800	4541.638	0.000	0.000
4.000	2.700	2.900	4508.569	0.000	0.000
4.000	2.700	3.000	4466.650	0.000	0.000
4.000	2.800	2.500	4485.345	0.000	0.000
4.000	2.800	2.600	4491.128	0.000	0.000
4.000	2.800	2.700	4438.899	0.000	0.000
4.000	2.800	2.800	4620.719	0.000	0.000
4.000	2.800	2.900	4532.035	0.000	0.000
4.000	2.800	3.000	4357.676	0.000	0.000
4.000	2.900	2.500	4353.591	0.000	0.000
4.000	2.900	2.600	4321.853	0.000	0.000
4.000	2.900	2.700	4551.282	0.000	0.000
4.000	2.900	2.800	4315.829	0.000	0.000
4.000	2.900	2.900	4284.637	0.000	0.000
4.000	2.900	3.000	4445.272	0.000	0.000
4.000	3.000	2.500	3611.550	0.000	0.000
4.000	3.000	2.600	4183.007	0.000	0.000
4.000	3.000	2.700	4174.860	0.000	0.000
4.000	3.000	2.800	4186.778	0.000	0.000
4.000	3.000	2.900	4177.990	0.000	0.000
4.000	3.000	3.000	4153.080	0.000	0.000
4.000	2.400	2.500	4298.518	0.000	0.000
4.000	2.400	2.600	4053.984	0.000	0.000
4.000	2.400	2.700	4278.059	0.000	0.000
4.000	2.400	2.800	4041.635	0.000	0.000
4.000	2.400	2.900	4315.829	0.000	0.000
4.000	2.400	3.000	4020.640	0.000	0.000
4.000	2.500	2.500	3676.355	0.000	0.000
4.000	2.500	2.600	4312.489	0.000	0.000
4.000	2.500	2.700	4317.835	0.000	0.000
4.000	2.500	2.800	3634.634	0.000	0.000
4.000	2.500	2.900	4294.543	0.000	0.000
4.000	2.500	3.000	4277.402	0.000	0.000
4.000	2.600	2.500	4042.808	0.000	0.000
4.000	2.600	2.600	4188.037	0.000	0.000
4.000	2.600	2.700	4033.445	0.000	0.000
4.000	2.600	2.800	4042.808	0.000	0.000
4.000	2.600	2.900	4049.271	0.000	0.000
4.000	2.600	3.000	4053.394	0.000	0.000
4.000	2.700	2.500	4118.094	0.000	0.000
4.000	2.700	2.600	4274.777	0.000	0.000
4.000	2.700	2.700	4032.861	0.000	0.000
4.000	2.700	2.800	3485.941	0.000	0.000
4.000	2.700	2.900	4107.167	0.000	0.000
4.000	2.700	3.000	4058.117	0.000	0.000
4.000	2.800	2.500	4044.569	0.000	0.000
4.000	2.800	2.600	4009.647	0.000	0.000
4.000	2.800	2.700	4033.445	0.000	0.000
4.000	2.800	2.800	4092.088	0.000	0.000
4.000	2.800	2.900	4027.032	0.000	0.000
4.000	2.800	3.000	4056.345	0.000	0.000
4.000	2.900	2.500	4028.197	0.000	0.000
4.000	2.900	2.600	4043.982	0.000	0.000
4.000	2.900	2.700	3515.852	0.000	0.000
4.000	2.900	2.800	4052.215	0.000	0.000
4.000	2.900	2.900	4055.754	0.000	0.000
4.000	2.900	3.000	4041.049	0.000	0.000
4.000	3.000	2.500	4047.506	0.000	0.000
4.000	3.000	2.600	4093.290	0.000	0.000
4.000	3.000	2.700	4048.094	0.000	0.000
4.000	3.000	2.800	4031.111	0.000	0.000
4.000	3.000	2.900	4053.394	0.000	0.000
4.000	3.000	3.000	4039.878	0.000	0.000
8.000	2.400	2.500	6290.959	0.000	0.000
8.000	2.400	2.600	4650.798	0.000	0.000
8.000	2.400	2.700	5014.013	0.000	0.000
8.000	2.400	2.800	4650.798	0.000	0.000
8.000	2.400	2.900	4543.860	0.000	0.000
8.000	2.400	3.000	4601.642	0.000	0.000
8.000	2.500	2.500	4613.069	0.000	0.000
8.000	2.500	2.600	4506.381	0.000	0.000
8.000	2.500	2.700	4544.601	0.000	0.000
8.000	2.500	2.800	4510.759	0.000	0.000
8.000	2.500	2.900	4427.613	0.000	0.000
8.000	2.500	3.000	4431.134	0.000	0.000
8.000	2.600	2.500	3927.139	0.000	0.000
8.000	2.600	2.600	4424.801	0.000	0.000
8.000	2.600	2.700	4657.795	0.000	0.000
8.000	2.600	2.800	4664.033	0.000	0.000
8.000	2.600	2.900	4724.130	0.000	0.000
8.000	2.600	3.000	4491.128	0.000	0.000
8.000	2.700	2.500	4488.235	0.000	0.000
8.000	2.700	2.600	4513.681	0.000	0.000
8.000	2.700	2.700	4357.676	0.000	0.000
8.000	2.700	2.800	4358.358	0.000	0.000
8.000	2.700	2.900	3738.005	0.000	0.000
8.000	2.700	3.000	3838.417	0.000	0.000
8.000	2.800	2.500	4317.166	0.000	0.000
8.000	2.800	2.600	4327.895	0.000	0.000
8.000	2.800	2.700	4348.835	0.000	0.000
8.000	2.800	2.800	4344.766	0.000	0.000
8.000	2.800	2.900	3704.706	0.000	0.000
8.000	2.800	3.000	4297.855	0.000	0.000
8.000	2.900	2.500	4296.529	0.000	0.000
8.000	2.900	2.600	4299.181	0.000	0.000
8.000	2.900	2.700	4584.983	0.000	0.000
8.000	2.900	2.800	3181.091	0.000	0.000
8.000	2.900	2.900	4291.236	0.000	0.000
8.000	2.900	3.000	4283.320	0.000	0.000
8.000	3.000	2.500	4261.049	0.000	0.000
8.000	3.000	2.600	4224.227	0.000	0.000
8.000	3.000	2.700	4206.372	0.000	0.000
8.000	3.000	2.800	4277.402	0.000	0.000
8.000	3.000	2.900	4242.235	0.000	0.000
8.000	3.000	3.000	4233.212	0.000	0.000
16.000	2.400	2.500	10011.510	0.000	0.000
16.000	2.400	2.600	4785.797	0.000	0.000
16.000	2.400	2.700	4689.939	0.000	0.000
16.000	2.400	2.800	4385.798	0.000	0.000
16.000	2.400	2.900	4372.035	0.000	0.000
16.000	2.400	3.000	4416.385	0.000	0.000
16.000	2.500	2.500	4413.587	0.000	0.000
16.000	2.500	2.600	4540.898	0.000	0.000
16.000	2.500	2.700	4694.680	0.000	0.000
16.000	2.500	2.800	4467.366	0.000	0.000
16.000	2.500	2.900	4694.680	0.000	0.000
16.000	2.500	3.000	4301.172	0.000	0.000
16.000	2.600	2.500	4325.208	0.000	0.000
16.000	2.600	2.600	4320.513	0.000	0.000
16.000	2.600	2.700	4314.492	0.000	0.000
16.000	2.600	2.800	4324.536	0.000	0.000
16.000	2.600	2.900	4222.307	0.000	0.000
16.000	2.600	3.000	4299.181	0.000	0.000
16.000	2.700	2.500	4365.186	0.000	0.000
16.000	2.700	2.600	3943.815	0.000	0.000
16.000	2.700	2.700	4352.231	0.000	0.000
16.000	2.700	2.800	4249.352	0.000	0.000
16.000	2.700	2.900	4715.336	0.000	0.000
16.000	2.700	3.000	4129.690	0.000	0.000
16.000	2.800	2.500	4114.445	0.000	0.000
16.000	2.800	2.600	4095.697	0.000	0.000
16.000	2.800	2.700	4130.915	0.000	0.000
16.000	2.800	2.800	4133.979	0.000	0.000
16.000	2.800	2.900	4096.901	0.000	0.000
16.000	2.800	3.000	4112.623	0.000	0.000
16.000	2.900	2.500	3481.586	0.000	0.000
16.000	2.900	2.600	4115.661	0.000	0.000
16.000	2.900	2.700	3573.110	0.000	0.000
16.000	2.900	2.800	4124.800	0.000	0.000
16.000	2.900	2.900	4145.665	0.000	0.000
16.000	2.900	3.000	3412.928	0.000	0.000
16.000	3.000	2.500	4093.290	0.000	0.000
16.000	3.000	2.600	4098.709	0.000	0.000
16.000	3.000	2.700	4101.726	0.000	0.000
16.000	3.000	2.800	4092.088	0.000	0.000
16.000	3.000	2.900	4026.450	0.000	0.000
16.000	3.000	3.000	4074.138	0.000	0.000
12.000	2.400	2.500	5798.697	0.000	0.000
12.000	2.400	2.600	4732.153	0.000	0.000
12.000	2.400	2.700	4767.781	0.000	0.000
12.000	2.400	2.800	4084.889	0.000	0.000
12.000	2.400	2.900	4580.461	0.000	0.000
12.000	2.400	3.000	4655.461	0.000	0.000
12.000	2.500	2.500	4518.806	0.000	0.000
12.000	2.500	2.600	4775.953	0.000	0.000
12.000	2.500	2.700	3934.348	0.000	0.000
12.000	2.500	2.800	4534.248	0.000	0.000
12.000	2.500	2.900	4493.301	0.000	0.000
12.000	2.500	3.000	4415.685	0.000	0.000
12.000	2.600	2.500	4534.986	0.000	0.000
12.000	2.600	2.600	3802.794	0.000	0.000
12.000	2.600	2.700	4473.104	0.000	0.000
12.000	2.600	2.800	4530.561	0.000	0.000
12.000	2.600	2.900	4496.927	0.000	0.000
12.000	2.600	3.000	4644.596	0.000	0.000
12.000	2.700	2.500	4536.462	0.000	0.000
12.000	2.700	2.600	4592.540	0.000	0.000
12.000	2.700	2.700	4602.402	0.000	0.000
12.000	2.700	2.800	4523.941	0.000	0.000
12.000	2.700	2.900	4572.944	0.000	0.000
12.000	2.700	3.000	4401.734	0.000	0.000
12.000	2.800	2.500	4454.511	0.000	0.000
12.000	2.800	2.600	4429.021	0.000	0.000
12.000	2.800	2.700	4384.418	0.000	0.000
12.000	2.800	2.800	4674.204	0.000	0.000
12.000	2.800	2.900	3693.411	0.000	0.000
12.000	2.800	3.000	4404.517	0.000	0.000
12.000	2.900	2.500	4667.939	0.000	0.000
12.000	2.900	2.600	4443.146	0.000	0.000
12.000	2.900	2.700	4450.242	0.000	0.000
12.000	2.900	2.800	3967.400	0.000	0.000
12.000	2.900	2.900	3537.725	0.000	0.000
12.000	2.900	3.000	4639.183	0.000	0.000
12.000	3.000	2.500	4593.297	0.000	0.000
12.000	3.000	2.600	4396.178	0.000	0.000
12.000	3.000	2.700	4248.704	0.000	0.000
12.000	3.000	2.800	4331.932	0.000	0.000
12.000	3.000	2.900	4347.478	0.000	0.000
12.000	3.000	3.000	4350.193	0.000	0.000
12.000	2.400	2.500	5976.557	0.000	0.000
12.000	2.400	2.600	4240.299	0.000	0.000
12.000	2.400	2.700	4201.932	0.000	0.000
12.000	2.400	2.800	4196.236	0.000	0.000
12.000	2.400	2.900	3819.475	0.000	0.000
12.000	2.400	3.000	3852.214	0.000	0.000
12.000	2.400	3.100	4379.594	0.000	0.000
12.000	2.400	3.200	4394.791	0.000	0.000
12.000	2.400	3.300	4419.187	0.000	0.000
12.000	2.400	3.400	4181.124	0.000	0.000
12.000	2.400	3.500	4119.311	0.000	0.000
12.000	2.400	3.600	4118.702	0.000	0.000
12.000	2.400	3.700	4105.957	0.000	0.000
12.000	2.400	3.800	4116.877	0.000	0.000
12.000	2.400	3.900	3998.714	0.000	0.000
12.000	2.400	4.000	4129.078	0.000	0.000
12.000	2.500	2.500	4112.623	0.000	0.000
12.000	2.500	2.600	4085.488	0.000	0.000
12.000	2.500	2.700	4387.179	0.000	0.000
12.000	2.500	2.800	3271.092	0.000	0.000
12.000	2.500	2.900	4087.885	0.000	0.000
12.000	2.500	3.000	4091.487	0.000	0.000
12.000	2.500	3.100	4065.222	0.000	0.000
12.000	2.500	3.200	4103.538	0.000	0.000
12.000	2.500	3.300	3526.085	0.000	0.000
12.000	2.500	3.400	4099.312	0.000	0.000
12.000	2.500	3.500	4074.734	0.000	0.000
12.000	2.500	3.600	4099.312	0.000	0.000
12.000	2.500	3.700	4077.715	0.000	0.000
12.000	2.500	3.800	3721.032	0.000	0.000
12.000	2.500	3.900	4080.104	0.000	0.000
12.000	2.500	4.000	4077.119	0.000	0.000
12.000	2.600	2.500	4075.330	0.000	0.000
12.000	2.600	2.600	4070.567	0.000	0.000
12.000	2.600	2.700	3552.610	0.000	0.000
12.000	2.600	2.800	4073.542	0.000	0.000
12.000	2.600	2.900	4084.889	0.000	0.000
12.000	2.600	3.000	4087.885	0.000	0.000
12.000	2.600	3.100	4072.352	0.000	0.000
12.000	2.600	3.200	3339.304	0.000	0.000
12.000	2.600	3.300	4083.692	0.000	0.000
12.000	2.600	3.400	4084.290	0.000	0.000
12.000	2.600	3.500	4065.815	0.000	0.000
12.000	2.600	3.600	4059.891	0.000	0.000
12.000	2.600	3.700	4021.801	0.000	0.000
12.000	2.600	3.800	4047.506	0.000	0.000
12.000	2.600	3.900	4067.596	0.000	0.000
12.000	2.600	4.000	4044.569	0.000	0.000
12.000	2.700	2.500	4045.156	0.000	0.000
12.000	2.700	2.600	3995.847	0.000	0.000
12.000	2.700	2.700	4055.754	0.000	0.000
12.000	2.700	2.800	4060.483	0.000	0.000
12.000	2.700	2.900	4061.074	0.000	0.000
12.000	2.700	3.000	4052.805	0.000	0.000
12.000	2.700	3.100	3369.184	0.000	0.000
12.000	2.700	3.200	4065.815	0.000	0.000
12.000	2.700	3.300	4048.683	0.000	0.000
12.000	2.700	3.400	4058.708	0.000	0.000
12.000	2.700	3.500	4053.394	0.000	0.000
12.000	2.700	3.600	3422.570	0.000	0.000
12.000	2.700	3.700	4043.982	0.000	0.000
12.000	2.700	3.800	4038.121	0.000	0.000
12.000	2.700	3.900	4042.222	0.000	0.000
12.000	2.700	4.000	3979.298	0.000	0.000
12.000	2.800	2.500	3368.369	0.000	0.000
12.000	2.800	2.600	4039.878	0.000	0.000
12.000	2.800	2.700	4038.121	0.000	0.000
12.000	2.800	2.800	4039.292	0.000	0.000
12.000	2.800	2.900	4064.629	0.000	0.000
12.000	2.800	3.000	3474.206	0.000	0.000
12.000	2.800	3.100	4028.197	0.000	0.000
12.000	2.800	3.200	4060.483	0.000	0.000
12.000	2.800	3.300	4053.394	0.000	0.000
12.000	2.800	3.400	4035.782	0.000	0.000
12.000	2.800	3.500	4139.507	0.000	0.000
12.000	2.800	3.600	4036.366	0.000	0.000
12.000	2.800	3.700	4027.032	0.000	0.000
12.000	2.800	3.800	4034.613	0.000	0.000
12.000	2.800	3.900	4058.708	0.000	0.000
12.000	2.800	4.000	3360.245	0.000	0.000
12.000	2.900	2.500	4038.121	0.000	0.000
12.000	2.900	2.600	4049.860	0.000	0.000
12.000	2.900	2.700	4027.615	0.000	0.000
12.000	2.900	2.800	4055.164	0.000	0.000
12.000	2.900	2.900	3545.377	0.000	0.000
12.000	2.900	3.000	4035.782	0.000	0.000
12.000	2.900	3.100	4024.124	0.000	0.000
12.000	2.900	3.200	4033.445	0.000	0.000
12.000	2.900	3.300	4020.640	0.000	0.000
12.000	2.900	3.400	3430.576	0.000	0.000
12.000	2.900	3.500	4025.287	0.000	0.000
12.000	2.900	3.600	4020.640	0.000	0.000
12.000	2.900	3.700	4025.869	0.000	0.000
12.000	2.900	3.800	4032.277	0.000	0.000
12.000	2.900	3.900	3343.712	0.000	0.000
12.000	2.900	4.000	4039.878	0.000	0.000
12.000	3.000	2.500	4036.366	0.000	0.000
12.000	3.000	2.600	4042.222	0.000	0.000
12.000	3.000	2.700	4039.292	0.000	0.000
12.000	3.000	2.800	3529.211	0.000	0.000
12.000	3.000	2.900	4014.847	0.000	0.000
12.000	3.000	3.000	4036.951	0.000	0.000
12.000	3.000	3.100	4036.366	0.000	0.000
12.000	3.000	3.200	4040.463	0.000	0.000
12.000	3.000	3.300	3965.706	0.000	0.000
12.000	3.000	3.400	3994.701	0.000	0.000
12.000	3.000	3.500	4024.706	0.000	0.000
12.000	3.000	3.600	4018.901	0.000	0.000
12.000	3.000	3.700	3996.420	0.000	0.000
12.000	3.000	3.800	3136.334	0.000	0.000
12.000	3.000	3.900	4013.691	0.000	0.000
12.000	3.000	4.000	4015.426	0.000	0.000
12.000	3.100	2.500	4041.049	0.000	0.000
12.000	3.100	2.600	4019.480	0.000	0.000
12.000	3.100	2.700	3448.835	0.000	0.000
12.000	3.100	2.800	4029.362	0.000	0.000
12.000	3.100	2.900	4049.271	0.000	0.000
12.000	3.100	3.000	4020.640	0.000	0.000
12.000	3.100	3.100	3428.887	0.000	0.000
12.000	3.100	3.200	4115.053	0.000	0.000
12.000	3.100	3.300	4013.691	0.000	0.000
12.000	3.100	3.400	4025.869	0.000	0.000
12.000	3.100	3.500	4015.426	0.000	0.000
12.000	3.100	3.600	4013.112	0.000	0.000
12.000	3.100	3.700	3967.400	0.000	0.000
12.000	3.100	3.800	4030.528	0.000	0.000
12.000	3.100	3.900	4017.162	0.000	0.000
12.000	3.100	4.000	4006.188	0.000	0.000
12.000	3.200	2.500	4022.382	0.000	0.000
12.000	3.200	2.600	3498.195	0.000	0.000
12.000	3.200	2.700	4024.706	0.000	0.000
12.000	3.200	2.800	4035.782	0.000	0.000
12.000	3.200	2.900	4017.742	0.000	0.000
12.000	3.200	3.000	4034.613	0.000	0.000
12.000	3.200	3.100	3545.828	0.000	0.000
12.000	3.200	3.200	4037.536	0.000	0.000
12.000	3.200	3.300	4032.277	0.000	0.000
12.000	3.200	3.400	4014.269	0.000	0.000
12.000	3.200	3.500	4031.694	0.000	0.000
12.000	3.200	3.600	3893.120	0.000	0.000
12.000	3.200	3.700	4020.640	0.000	0.000
12.000	3.200	3.800	4010.225	0.000	0.000
12.000	3.200	3.900	4014.847	0.000	0.000
12.000	3.200	4.000	4016.583	0.000	0.000
12.000	3.300	2.500	3530.553	0.000	0.000
12.000	3.300	2.600	4020.640	0.000	0.000
12.000	3.300	2.700	4009.647	0.000	0.000
12.000	3.300	2.800	4020.640	0.000	0.000
12.000	3.300	2.900	4011.957	0.000	0.000
12.000	3.300	3.000	3545.828	0.000	0.000
12.000	3.300	3.100	4020.060	0.000	0.000
12.000	3.300	3.200	4021.801	0.000	0.000
12.000	3.300	3.300	4028.197	0.000	0.000
12.000	3.300	3.400	4012.535	0.000	0.000
12.000	3.300	3.500	4265.615	0.000	0.000
12.000	3.300	3.600	3998.714	0.000	0.000
12.000	3.300	3.700	3999.862	0.000	0.000
12.000	3.300	3.800	4007.917	0.000	0.000
12.000	3.300	3.900	4025.869	0.000	0.000
12.000	3.300	4.000	4000.437	0.000	0.000
12.000	3.400	2.500	4109.590	0.000	0.000
12.000	3.400	2.600	3900.204	0.000	0.000
12.000	3.400	2.700	3988.983	0.000	0.000
12.000	3.400	2.800	4017.162	0.000	0.000
12.000	3.400	2.900	4143.200	0.000	0.000
12.000	3.400	3.000	3454.393	0.000	0.000
12.000	3.400	3.100	4032.861	0.000	0.000
12.000	3.400	3.200	4013.691	0.000	0.000
12.000	3.400	3.300	4016.004	0.000	0.000
12.000	3.400	3.400	4248.056	0.000	0.000
12.000	3.400	3.500	4011.957	0.000	0.000
12.000	3.400	3.600	4198.766	0.000	0.000
12.000	3.400	3.700	4259.095	0.000	0.000
12.000	3.400	3.800	4253.893	0.000	0.000
12.000	3.400	3.900	4017.162	0.000	0.000
12.000	3.400	4.000	3702.244	0.000	0.000
12.000	3.500	2.500	4041.635	0.000	0.000
12.000	3.500	2.600	4014.847	0.000	0.000
12.000	3.500	2.700	4038.121	0.000	0.000
12.000	3.500	2.800	4218.472	0.000	0.000
12.000	3.000	3.000	4112.623	0.000	0.000
12.000	3.000	3.100	4156.798	0.000	0.000
12.000	3.000	3.200	4154.938	0.000	0.000
12.000	3.000	3.300	4126.021	0.000	0.000
12.000	3.000	3.400	4301.172	0.000	0.000
12.000	3.000	3.500	4138.892	0.000	0.000
12.000	3.000	3.600	4303.165	0.000	0.000
12.000	3.000	3.700	4203.833	0.000	0.000
12.000	3.000	3.800	4208.278	0.000	0.000
12.000	3.000	3.900	4356.995	0.000	0.000
12.000	3.000	4.000	4338.677	0.000	0.000
12.000	3.100	3.000	4372.721	0.000	0.000
12.000	3.100	3.100	4134.593	0.000	0.000
12.000	3.100	3.200	4335.302	0.000	0.000
12.000	3.100	3.300	4193.710	0.000	0.000
12.000	3.100	3.400	4392.713	0.000	0.000
12.000	3.100	3.500	4395.484	0.000	0.000
12.000	3.100	3.600	4419.187	0.000	0.000
12.000	3.100	3.700	4403.821	0.000	0.000
12.000	3.100	3.800	4419.888	0.000	0.000
12.000	3.100	3.900	4420.589	0.000	0.000
12.000	3.100	4.000	4421.290	0.000	0.000
12.000	3.200	3.000	4437.485	0.000	0.000
12.000	3.200	3.100	4435.366	0.000	0.000
12.000	3.200	3.200	4409.396	0.000	0.000
12.000	3.200	3.300	4228.073	0.000	0.000
12.000	3.200	3.400	4433.954	0.000	0.000
12.000	3.200	3.500	4441.729	0.000	0.000
12.000	3.200	3.600	4204.468	0.000	0.000
12.000	3.200	3.700	4387.179	0.000	0.000
12.000	3.200	3.800	3879.569	0.000	0.000
12.000	3.200	3.900	4123.579	0.000	0.000
12.000	3.200	4.000	4064.036	0.000	0.000
12.000	3.300	3.000	4111.410	0.000	0.000
12.000	3.300	3.100	4356.995	0.000	0.000
12.000	3.300	3.200	4418.486	0.000	0.000
12.000	3.300	3.300	4183.635	0.000	0.000
12.000	3.300	3.400	4175.485	0.000	0.000
12.000	3.300	3.500	4384.418	0.000	0.000
12.000	3.300	3.600	4197.501	0.000	0.000
12.000	3.300	3.700	4234.499	0.000	0.000
12.000	3.300	3.800	4417.085	0.000	0.000
12.000	3.300	3.900	4399.649	0.000	0.000
12.000	3.300	4.000	4427.613	0.000	0.000
12.000	3.400	3.000	4433.249	0.000	0.000
12.000	3.400	3.100	3415.856	0.000	0.000
12.000	3.400	3.200	4431.839	0.000	0.000
12.000	3.400	3.300	4397.566	0.000	0.000
12.000	3.400	3.400	4409.396	0.000	0.000
12.000	3.400	3.500	4424.801	0.000	0.000
12.000	3.400	3.600	4202.565	0.000	0.000
12.000	3.400	3.700	4422.694	0.000	0.000
12.000	3.400	3.800	4438.192	0.000	0.000
12.000	3.400	3.900	4443.146	0.000	0.000
12.000	3.400	4.000	4433.954	0.000	0.000
12.000	3.500	3.000	4179.243	0.000	0.000
12.000	3.500	3.100	4010.225	0.000	0.000
12.000	3.500	3.200	4248.056	0.000	0.000
12.000	3.500	3.300	4366.554	0.000	0.000
12.000	3.500	3.400	4358.358	0.000	0.000
12.000	3.500	3.500	4349.513	0.000	0.000
12.000	3.500	3.600	4184.264	0.000	0.000
12.000	3.500	3.700	4200.665	0.000	0.000
12.000	3.500	3.800	4184.264	0.000	0.000
12.000	3.500	3.900	4174.234	0.000	0.000
12.000	3.500	4.000	4158.659	0.000	0.000
12.000	3.600	3.000	4152.461	0.000	0.000
12.000	3.600	3.100	4342.058	0.000	0.000
12.000	3.600	3.200	4158.659	0.000	0.000
12.000	3.600	3.300	4354.271	0.000	0.000
12.000	3.600	3.400	4366.554	0.000	0.000
12.000	3.600	3.500	4348.835	0.000	0.000
12.000	3.600	3.600	4202.565	0.000	0.000
12.000	3.600	3.700	4194.341	0.000	0.000
12.000	3.600	3.800	4188.667	0.000	0.000
12.000	3.600	3.900	4422.694	0.000	0.000
12.000	3.600	4.000	4279.373	0.000	0.000
12.000	3.700	3.000	4338.677	0.000	0.000
12.000	3.700	3.100	4355.633	0.000	0.000
12.000	3.700	3.200	4285.955	0.000	0.000
12.000	3.700	3.300	4331.259	0.000	0.000
12.000	3.700	3.400	4193.079	0.000	0.000
12.000	3.700	3.500	4374.094	0.000	0.000
12.000	3.700	3.600	4296.529	0.000	0.000
12.000	3.700	3.700	4109.590	0.000	0.000
12.000	3.700	3.800	4346.799	0.000	0.000
12.000	3.700	3.900	4219.749	0.000	0.000
12.000	3.700	4.000	4346.121	0.000	0.000
12.000	3.800	3.000	4156.798	0.000	0.000
12.000	3.800	3.100	3979.866	0.000	0.000
12.000	3.800	3.200	3393.392	0.000	0.000
12.000	3.800	3.300	4134.593	0.000	0.000
12.000	3.800	3.400	4125.410	0.000	0.000
12.000	3.800	3.500	4290.575	0.000	0.000
12.000	3.800	3.600	4179.243	0.000	0.000
12.000	3.800	3.700	4231.284	0.000	0.000
12.000	3.800	3.800	4411.490	0.000	0.000
12.000	3.800	3.900	4437.485	0.000	0.000
12.000	3.800	4.000	4446.691	0.000	0.000
12.000	3.900	3.000	4219.110	0.000	0.000
12.000	3.900	3.100	3909.507	0.000	0.000
12.000	3.900	3.200	4416.385	0.000	0.000
12.000	3.900	3.300	4422.694	0.000	0.000
12.000	3.900	3.400	4440.314	0.000	0.000
12.000	3.900	3.500	4424.098	0.000	0.000
12.000	3.900	3.600	4338.677	0.000	0.000
12.000	3.900	3.700	4389.253	0.000	0.000
12.000	3.900	3.800	4386.489	0.000	0.000
12.000	3.900	3.900	4463.788	0.000	0.000
12.000	3.900	4.000	4426.207	0.000	0.000
12.000	4.000	3.000	4436.778	0.000	0.000
12.000	4.000	3.100	4463.073	0.000	0.000
12.000	4.000	3.200	4438.192	0.000	0.000
12.000	4.000	3.300	4456.648	0.000	0.000
12.000	4.000	3.400	4455.223	0.000	0.000
12.000	4.000	3.500	4445.272	0.000	0.000
12.000	4.000	3.600	4338.002	0.000	0.000
12.000	4.000	3.700	4441.729	0.000	0.000
12.000	4.000	3.800	4424.801	0.000	0.000
12.000	4.000	3.900	4201.932	0.000	0.000
12.000	4.000	4.000	4327.223	0.000	0.000
