0.000	2.500	2.400	30885.282	1.000
1.000	2.500	2.400	30885.282	33.000
2.000	2.500	2.400	31514.049	2.000
3.000	2.500	2.400	31947.645	9.000
4.000	2.500	2.400	35578.207	4.000
5.000	2.500	2.400	32021.073	3.000
6.000	2.500	2.400	39513.581	18.000
7.000	2.500	2.400	34265.629	1.000
8.000	2.500	2.400	32057.914	5.000
9.000	2.500	2.400	31092.065	17.000
10.000	2.500	2.400	31801.793	17.000
11.000	2.500	2.400	30816.965	8.000
12.000	2.500	2.400	31765.538	23.000
13.000	2.500	2.400	36320.224	5.000
14.000	2.500	2.400	36038.368	16.000
15.000	2.500	2.400	31947.645	11.000
16.000	2.500	2.400	31911.056	11.000
17.000	2.500	2.400	30546.690	5.000
18.000	2.500	2.400	34865.902	26.000
19.000	2.500	2.400	38160.688	5.000
20.000	2.500	2.400	6478.174	300.000
21.000	2.500	2.400	34606.086	2.000
22.000	2.500	2.400	30919.555	5.000
23.000	2.500	2.400	37242.589	6.000
24.000	2.500	2.400	32057.914	47.000
25.000	2.500	2.400	39738.997	8.000
26.000	2.500	2.400	37392.525	7.000
27.000	2.500	2.400	35041.291	4.000
28.000	2.500	2.400	6490.245	300.000
29.000	2.500	2.400	30446.556	10.000
30.000	2.500	2.400	33890.535	26.000
31.000	2.500	2.400	30715.053	2.000
32.000	2.500	2.400	31549.732	9.000
33.000	2.500	2.400	39513.581	24.000
34.000	2.500	2.400	30546.690	1.000
35.000	2.500	2.400	38213.022	1.000
36.000	2.500	2.400	32243.399	1.000
37.000	2.500	2.400	6898.380	300.000
38.000	2.500	2.400	36462.811	1.000
39.000	2.500	2.400	6098.203	300.000
40.000	2.500	2.400	35715.017	179.000
41.000	2.500	2.400	36038.368	1.000
42.000	2.500	2.400	35218.453	12.000
43.000	2.500	2.400	35442.441	8.000
44.000	2.500	2.400	39513.581	6.000
45.000	2.500	2.400	35806.809	4.000
46.000	2.500	2.400	37292.434	70.000
47.000	2.500	2.400	35442.441	11.000
48.000	2.500	2.400	38690.574	3.000
49.000	2.500	2.400	30782.919	2.000
50.000	2.500	2.400	38160.688	19.000
51.000	2.500	2.400	38636.924	117.000
52.000	2.500	2.400	36320.224	2.000
53.000	2.500	2.400	37901.151	71.000
54.000	2.500	2.400	38108.497	5.000
55.000	2.500	2.400	31585.495	5.000
56.000	2.500	2.400	34350.114	26.000
57.000	2.500	2.400	30513.239	5.000
58.000	2.500	2.400	38004.541	1.000
59.000	2.500	2.400	6393.446	300.000
60.000	2.500	2.400	31765.538	4.000
61.000	2.500	2.400	30647.486	2.000
62.000	2.500	2.400	34097.901	2.000
63.000	2.500	2.400	39235.383	1.000
64.000	2.500	2.400	38370.891	1.000
65.000	2.500	2.400	6861.010	300.000
66.000	2.500	2.400	7895.264	300.000
67.000	2.500	2.400	38423.804	16.000
68.000	2.500	2.400	37342.412	2.000
69.000	2.500	2.400	34097.901	2.000
70.000	2.500	2.400	34822.329	4.000
71.000	2.500	2.400	36415.157	2.000
72.000	2.500	2.400	38423.804	10.000
73.000	2.500	2.400	33563.945	2.000
74.000	2.500	2.400	31657.267	1.000
75.000	2.500	2.400	37292.434	1.000
76.000	2.500	2.400	33563.945	24.000
77.000	2.500	2.400	37342.412	1.000
78.000	2.500	2.400	31407.482	1.000
79.000	2.500	2.400	32544.680	4.000
80.000	2.500	2.400	33283.300	14.000
81.000	2.500	2.400	35173.995	98.000
82.000	2.500	2.400	36606.522	1.000
83.000	2.500	2.400	30885.282	5.000
84.000	2.500	2.400	37192.877	5.000
85.000	2.500	2.400	39909.754	28.000
86.000	2.500	2.400	34997.279	9.000
87.000	2.500	2.400	31514.049	12.000
88.000	2.500	2.400	30919.555	7.000
89.000	2.500	2.400	38961.074	2.000
90.000	2.500	2.400	39346.191	28.000
91.000	2.500	2.400	33523.564	1.000
92.000	2.500	2.400	38583.423	6.000
93.000	2.500	2.400	32890.422	3.000
94.000	2.500	2.400	31729.365	18.000
95.000	2.500	2.400	31838.131	2.000
96.000	2.500	2.400	30681.232	100.000
97.000	2.500	2.400	36510.589	15.000
98.000	2.500	2.400	6792.436	300.000
99.000	2.500	2.400	36225.783	2.000
100.000	2.500	2.400	37442.773	5.000
101.000	2.500	2.400	34563.160	3.000
102.000	2.500	2.400	35623.694	17.000
103.000	2.500	2.400	31372.120	3.000
104.000	2.500	2.400	36799.909	2.000
105.000	2.500	2.400	38056.448	48.000
106.000	2.500	2.400	31022.830	13.000
107.000	2.500	2.400	30380.163	2.000
108.000	2.500	2.400	34223.543	3.000
109.000	2.500	2.400	33125.028	15.000
110.000	2.500	2.400	36799.909	15.000
111.000	2.500	2.400	39457.626	1.000
112.000	2.500	2.400	34997.279	7.000
113.000	2.500	2.400	32774.361	8.000
114.000	2.500	2.400	30084.945	13.000
115.000	2.500	2.400	36225.783	11.000
116.000	2.500	2.400	37543.674	17.000
117.000	2.500	2.400	31984.317	128.000
118.000	2.500	2.400	32280.753	10.000
119.000	2.500	2.400	32355.723	3.000
120.000	2.500	2.400	35899.075	2.000
121.000	2.500	2.400	38583.423	9.000
122.000	2.500	2.400	6161.583	300.000
123.000	2.500	2.400	30715.053	1.000
124.000	2.500	2.400	33973.178	13.000
125.000	2.500	2.400	33283.300	7.000
126.000	2.500	2.400	7408.261	300.000
127.000	2.500	2.400	31196.498	53.000
128.000	2.500	2.400	8731.510	300.000
129.000	2.500	2.400	33604.424	13.000
130.000	2.500	2.400	32582.736	2.000
131.000	2.500	2.400	31126.798	6.000
132.000	2.500	2.400	6172.503	300.000
133.000	2.500	2.400	31984.317	13.000
134.000	2.500	2.400	6686.487	300.000
135.000	2.500	2.400	31336.838	4.000
136.000	2.500	2.400	39738.997	2.000
137.000	2.500	2.400	36897.370	1.000
138.000	2.500	2.400	35129.649	2.000
139.000	2.500	2.400	30816.965	9.000
140.000	2.500	2.400	15661.092	300.000
141.000	2.500	2.400	30281.115	50.000
142.000	2.500	2.400	6478.174	300.000
143.000	2.500	2.400	33808.293	4.000
144.000	2.500	2.400	14488.445	300.000
145.000	2.500	2.400	39738.997	6.000
146.000	2.500	2.400	7012.971	300.000
147.000	2.500	2.400	32659.117	1.000
148.000	2.500	2.400	7173.663	300.000
149.000	2.500	2.400	39852.672	10.000
150.000	2.500	2.400	31549.732	6.000
151.000	2.500	2.400	38265.501	17.000
152.000	2.500	2.400	32168.948	4.000
153.000	2.500	2.400	36178.747	2.000
154.000	2.500	2.400	39070.336	2.000
155.000	2.500	2.400	33685.676	1.000
156.000	2.500	2.400	6469.150	300.000
157.000	2.500	2.400	14287.853	300.000
158.000	2.500	2.400	34265.629	6.000
159.000	2.500	2.400	38583.423	3.000
160.000	2.500	2.400	38213.022	4.000
161.000	2.500	2.400	35173.995	5.000
162.000	2.500	2.400	30681.232	12.000
163.000	2.500	2.400	6692.911	300.000
164.000	2.500	2.400	38744.373	43.000
165.000	2.500	2.400	30380.163	171.000
166.000	2.500	2.400	6991.854	300.000
167.000	2.500	2.400	36558.493	14.000
168.000	2.500	2.400	32506.712	5.000
169.000	2.500	2.400	31874.552	14.000
170.000	2.500	2.400	7631.452	300.000
171.000	2.500	2.400	7915.450	300.000
172.000	2.500	2.400	6488.734	300.000
173.000	2.500	2.400	39015.628	106.000
174.000	2.500	2.400	30513.239	12.000
175.000	2.500	2.400	6479.680	300.000
176.000	2.500	2.400	33323.104	28.000
177.000	2.500	2.400	34692.260	29.000
178.000	2.500	2.400	35715.017	8.000
179.000	2.500	2.400	34909.585	46.000
180.000	2.500	2.400	37747.116	21.000
181.000	2.500	2.400	30715.053	3.000
182.000	2.500	2.400	34865.902	1.000
183.000	2.500	2.400	38004.541	6.000
184.000	2.500	2.400	33243.590	2.000
185.000	2.500	2.400	33402.999	1.000
186.000	2.500	2.400	32929.292	24.000
187.000	2.500	2.400	7020.039	300.000
188.000	2.500	2.400	38636.924	6.000
189.000	2.500	2.400	33604.424	4.000
190.000	2.500	2.400	35760.854	2.000
191.000	2.500	2.400	39346.191	5.000
192.000	2.500	2.400	37901.151	4.000
193.000	2.500	2.400	7667.151	300.000
194.000	2.500	2.400	38476.863	9.000
195.000	2.500	2.400	31301.634	1.000
196.000	2.500	2.400	32544.680	1.000
197.000	2.500	2.400	33243.590	80.000
198.000	2.500	2.400	34435.016	35.000
199.000	2.500	2.400	30281.115	3.000
200.000	2.500	2.400	32318.195	26.000
201.000	2.500	2.400	18811.987	300.000
202.000	2.500	2.400	31022.830	13.000
203.000	2.500	2.400	39682.402	33.000
204.000	2.500	2.400	34953.377	47.000
205.000	2.500	2.400	32468.833	2.000
206.000	2.500	2.400	39909.754	4.000
207.000	2.500	2.400	32206.130	64.000
208.000	2.500	2.400	38056.448	9.000
209.000	2.500	2.400	32812.957	10.000
210.000	2.500	2.400	34953.377	4.000
211.000	2.500	2.400	34223.543	2.000
212.000	2.500	2.400	30347.075	1.000
213.000	2.500	2.400	39625.969	6.000
214.000	2.500	2.400	36131.833	18.000
215.000	2.500	2.400	32318.195	10.000
216.000	2.500	2.400	33443.091	17.000
217.000	2.500	2.400	31266.510	8.000
218.000	2.500	2.400	32582.736	8.000
219.000	2.500	2.400	30347.075	5.000
220.000	2.500	2.400	35085.414	6.000
221.000	2.500	2.400	38265.501	3.000
222.000	2.500	2.400	30647.486	2.000
223.000	2.500	2.400	6351.185	300.000
224.000	2.500	2.400	34649.120	12.000
225.000	2.500	2.400	31911.056	204.000
226.000	2.500	2.400	36462.811	3.000
227.000	2.500	2.400	30281.115	1.000
228.000	2.500	2.400	38583.423	1.000
229.000	2.500	2.400	30546.690	3.000
230.000	2.500	2.400	34778.864	1.000
231.000	2.500	2.400	37747.116	2.000
232.000	2.500	2.400	32929.292	8.000
233.000	2.500	2.400	32544.680	1.000
234.000	2.500	2.400	37242.589	23.000
235.000	2.500	2.400	35760.854	1.000
236.000	2.500	2.400	35129.649	3.000
237.000	2.500	2.400	39070.336	6.000
238.000	2.500	2.400	39795.754	7.000
239.000	2.500	2.400	38961.074	27.000
240.000	2.500	2.400	35173.995	1.000
241.000	2.500	2.400	32774.361	4.000
242.000	2.500	2.400	31621.340	66.000
243.000	2.500	2.400	32131.851	1.000
244.000	2.500	2.400	31092.065	22.000
245.000	2.500	2.400	37798.322	16.000
246.000	2.500	2.400	39180.212	12.000
247.000	2.500	2.400	30681.232	11.000
248.000	2.500	2.400	38583.423	10.000
249.000	2.500	2.400	36606.522	3.000
250.000	2.500	2.400	32851.644	1.000
251.000	2.500	2.400	35806.809	3.000
252.000	2.500	2.400	36848.575	5.000
253.000	2.500	2.400	38423.804	3.000
254.000	2.500	2.400	31407.482	77.000
255.000	2.500	2.400	36367.629	9.000
256.000	2.500	2.400	38004.541	2.000
257.000	2.500	2.400	34520.339	1.000
258.000	2.500	2.400	38583.423	3.000
259.000	2.500	2.400	3887225.580	300.000
260.000	2.500	2.400	6386.120	300.000
261.000	2.500	2.400	36178.747	14.000
262.000	2.500	2.400	34909.585	24.000
263.000	2.500	2.400	6694.519	300.000
264.000	2.500	2.400	32506.712	1.000
265.000	2.500	2.400	32280.753	6.000
266.000	2.500	2.400	31621.340	1.000
267.000	2.500	2.400	30182.711	2.000
268.000	2.500	2.400	36654.678	5.000
269.000	2.500	2.400	38370.891	41.000
270.000	2.500	2.400	39967.000	32.000
271.000	2.500	2.400	30314.059	1.000
272.000	2.500	2.400	8792.123	300.000
273.000	2.500	2.400	6867.774	300.000
274.000	2.500	2.400	31196.498	1.000
275.000	2.500	2.400	33604.424	5.000
276.000	2.500	2.400	39967.000	24.000
277.000	2.500	2.400	5589.323	300.000
278.000	2.500	2.400	39290.708	2.000
279.000	2.500	2.400	30580.215	4.000
280.000	2.500	2.400	31407.482	50.000
281.000	2.500	2.400	31911.056	2.000
282.000	2.500	2.400	39235.383	2.000
283.000	2.500	2.400	34056.225	11.000
284.000	2.500	2.400	38265.501	1.000
285.000	2.500	2.400	31838.131	11.000
286.000	2.500	2.400	7684.066	300.000
287.000	2.500	2.400	31372.120	30.000
288.000	2.500	2.400	33402.999	8.000
289.000	2.500	2.400	7558.992	300.000
290.000	2.500	2.400	33931.806	2.000
291.000	2.500	2.400	37798.322	19.000
292.000	2.500	2.400	34097.901	3.000
293.000	2.500	2.400	33973.178	1.000
294.000	2.500	2.400	33808.293	30.000
295.000	2.500	2.400	33243.590	10.000
296.000	2.500	2.400	7733.115	300.000
297.000	2.500	2.400	34265.629	19.000
298.000	2.500	2.400	35263.024	2.000
299.000	2.500	2.400	39346.191	1.000
300.000	2.500	2.400	34606.086	2.000
301.000	2.500	2.400	32131.851	1.000
302.000	2.500	2.400	35669.297	17.000
303.000	2.500	2.400	37044.534	2.000
304.000	2.500	2.400	37798.322	13.000
305.000	2.500	2.400	34692.260	2.000
306.000	2.500	2.400	30885.282	3.000
307.000	2.500	2.400	33973.178	106.000
308.000	2.500	2.400	33685.676	8.000
309.000	2.500	2.400	35487.581	10.000
310.000	2.500	2.400	33363.004	2.000
311.000	2.500	2.400	34477.625	51.000
312.000	2.500	2.400	34435.016	3.000
313.000	2.500	2.400	30052.497	48.000
314.000	2.500	2.400	6448.190	300.000
315.000	2.500	2.400	32206.130	18.000
316.000	2.500	2.400	33973.178	6.000
317.000	2.500	2.400	6654.549	300.000
318.000	2.500	2.400	34997.279	1.000
319.000	2.500	2.400	39180.212	17.000
320.000	2.500	2.400	15984.526	300.000
321.000	2.500	2.400	39909.754	2.000
322.000	2.500	2.400	30314.059	2.000
323.000	2.500	2.400	35041.291	5.000
324.000	2.500	2.400	30347.075	27.000
325.000	2.500	2.400	30953.903	7.000
326.000	2.500	2.400	31693.275	36.000
327.000	2.500	2.400	6604.078	300.000
328.000	2.500	2.400	16743.330	300.000
329.000	2.500	2.400	32206.130	18.000
330.000	2.500	2.400	36367.629	7.000
331.000	2.500	2.400	37696.049	8.000
332.000	2.500	2.400	30020.119	2.000
333.000	2.500	2.400	30613.813	49.000
334.000	2.500	2.400	38108.497	1.000
335.000	2.500	2.400	36848.575	28.000
336.000	2.500	2.400	38213.022	4.000
337.000	2.500	2.400	33164.454	2.000
338.000	2.500	2.400	13229.578	300.000
339.000	2.500	2.400	36897.370	2.000
340.000	2.500	2.400	32582.736	1.000
341.000	2.500	2.400	38423.804	1.000
342.000	2.500	2.400	37292.434	7.000
343.000	2.500	2.400	6184.833	300.000
344.000	2.500	2.400	36085.040	5.000
345.000	2.500	2.400	39125.197	21.000
346.000	2.500	2.400	30347.075	3.000
347.000	2.500	2.400	34392.513	40.000
348.000	2.500	2.400	37696.049	4.000
349.000	2.500	2.400	36799.909	5.000
350.000	2.500	2.400	6849.204	300.000
351.000	2.500	2.400	38213.022	6.000
352.000	2.500	2.400	35041.291	1.000
353.000	2.500	2.400	30851.086	4.000
354.000	2.500	2.400	34692.260	3.000
355.000	2.500	2.400	6061.061	300.000
356.000	2.500	2.400	33483.279	27.000
357.000	2.500	2.400	15375.900	300.000
358.000	2.500	2.400	38961.074	1.000
359.000	2.500	2.400	39967.000	1.000
360.000	2.500	2.400	35487.581	2.000
361.000	2.500	2.400	39070.336	34.000
362.000	2.500	2.400	6580.682	300.000
363.000	2.500	2.400	32851.644	2.000
364.000	2.500	2.400	38961.074	86.000
365.000	2.500	2.400	31478.446	2.000
366.000	2.500	2.400	35129.649	23.000
367.000	2.500	2.400	39513.581	6.000
368.000	2.500	2.400	37594.328	1.000
369.000	2.500	2.400	38961.074	2.000
370.000	2.500	2.400	35623.694	22.000
371.000	2.500	2.400	37242.589	9.000
372.000	2.500	2.400	31336.838	4.000
373.000	2.500	2.400	24183.724	300.000
374.000	2.500	2.400	36510.589	5.000
375.000	2.500	2.400	34181.559	44.000
376.000	2.500	2.400	14171.583	300.000
377.000	2.500	2.400	36320.224	3.000
378.000	2.500	2.400	39070.336	5.000
379.000	2.500	2.400	35442.441	1.000
380.000	2.500	2.400	31196.498	15.000
381.000	2.500	2.400	31442.924	4.000
382.000	2.500	2.400	31765.538	25.000
383.000	2.500	2.400	36462.811	1.000
384.000	2.500	2.400	33808.293	5.000
385.000	2.500	2.400	33767.322	1.000
386.000	2.500	2.400	31022.830	21.000
387.000	2.500	2.400	34778.864	9.000
388.000	2.500	2.400	5990.692	300.000
389.000	2.500	2.400	6516.048	300.000
390.000	2.500	2.400	37645.120	11.000
391.000	2.500	2.400	32774.361	5.000
392.000	2.500	2.400	6977.847	300.000
393.000	2.500	2.400	36367.629	8.000
394.000	2.500	2.400	34307.820	1.000
395.000	2.500	2.400	38798.322	77.000
396.000	2.500	2.400	37543.674	29.000
397.000	2.500	2.400	36897.370	9.000
398.000	2.500	2.400	7641.917	300.000
399.000	2.500	2.400	39738.997	9.000
400.000	2.500	2.400	31549.732	3.000
401.000	2.500	2.400	33443.091	8.000
402.000	2.500	2.400	33402.999	1.000
403.000	2.500	2.400	33808.293	6.000
404.000	2.500	2.400	30988.328	71.000
405.000	2.500	2.400	6822.372	300.000
406.000	2.500	2.400	34822.329	4.000
407.000	2.500	2.400	34265.629	2.000
408.000	2.500	2.400	36038.368	3.000
409.000	2.500	2.400	12516.447	300.000
410.000	2.500	2.400	31911.056	1.000
411.000	2.500	2.400	34014.651	1.000
412.000	2.500	2.400	39070.336	6.000
413.000	2.500	2.400	35945.386	3.000
414.000	2.500	2.400	36702.961	5.000
415.000	2.500	2.400	35129.649	68.000
416.000	2.500	2.400	31765.538	5.000
417.000	2.500	2.400	31336.838	8.000
418.000	2.500	2.400	35442.441	2.000
419.000	2.500	2.400	33931.806	1.000
420.000	2.500	2.400	31911.056	1.000
421.000	2.500	2.400	38530.069	6.000
422.000	2.500	2.400	30919.555	15.000
423.000	2.500	2.400	36320.224	261.000
424.000	2.500	2.400	38906.672	2.000
425.000	2.500	2.400	38108.497	21.000
426.000	2.500	2.400	29202.104	300.000
427.000	2.500	2.400	31838.131	9.000
428.000	2.500	2.400	31022.830	1.000
429.000	2.500	2.400	33164.454	15.000
430.000	2.500	2.400	30479.861	1.000
431.000	2.500	2.400	38852.421	50.000
432.000	2.500	2.400	32057.914	2.000
433.000	2.500	2.400	33283.300	11.000
434.000	2.500	2.400	31549.732	1.000
435.000	2.500	2.400	31657.267	1.000
436.000	2.500	2.400	32094.840	20.000
437.000	2.500	2.400	13062.128	300.000
438.000	2.500	2.400	35623.694	12.000
439.000	2.500	2.400	37747.116	12.000
440.000	2.500	2.400	34139.679	33.000
441.000	2.500	2.400	37901.151	45.000
442.000	2.500	2.400	32544.680	11.000
443.000	2.500	2.400	39625.969	3.000
444.000	2.500	2.400	9275.019	300.000
445.000	2.500	2.400	32929.292	1.000
446.000	2.500	2.400	37594.328	1.000
447.000	2.500	2.400	37901.151	16.000
448.000	2.500	2.400	31022.830	8.000
449.000	2.500	2.400	38213.022	4.000
450.000	2.500	2.400	34735.508	15.000
451.000	2.500	2.400	34692.260	2.000
452.000	2.500	2.400	32131.851	8.000
453.000	2.500	2.400	38906.672	11.000
454.000	2.500	2.400	39180.212	2.000
455.000	2.500	2.400	39180.212	15.000
456.000	2.500	2.400	30248.243	18.000
457.000	2.500	2.400	34997.279	7.000
458.000	2.500	2.400	7516.172	300.000
459.000	2.500	2.400	34056.225	138.000
460.000	2.500	2.400	36510.589	6.000
461.000	2.500	2.400	38056.448	13.000
462.000	2.500	2.400	34563.160	1.000
463.000	2.500	2.400	33203.975	5.000
464.000	2.500	2.400	7053.805	300.000
465.000	2.500	2.400	31514.049	3.000
466.000	2.500	2.400	38318.123	6.000
467.000	2.500	2.400	35307.708	5.000
468.000	2.500	2.400	7591.945	300.000
469.000	2.500	2.400	32318.195	7.000
470.000	2.500	2.400	33685.676	4.000
471.000	2.500	2.400	34997.279	2.000
472.000	2.500	2.400	36897.370	7.000
473.000	2.500	2.400	39852.672	3.000
474.000	2.500	2.400	36510.589	6.000
475.000	2.500	2.400	34223.543	4.000
476.000	2.500	2.400	35085.414	1.000
477.000	2.500	2.400	34350.114	65.000
478.000	2.500	2.400	8257.951	300.000
479.000	2.500	2.400	39909.754	7.000
480.000	2.500	2.400	38906.672	25.000
481.000	2.500	2.400	31729.365	5.000
482.000	2.500	2.400	36131.833	1.000
483.000	2.500	2.400	37952.775	67.000
484.000	2.500	2.400	39513.581	12.000
485.000	2.500	2.400	6908.642	300.000
486.000	2.500	2.400	38318.123	4.000
487.000	2.500	2.400	31301.634	30.000
488.000	2.500	2.400	6361.335	300.000
489.000	2.500	2.400	38213.022	8.000
490.000	2.500	2.400	35899.075	3.000
491.000	2.500	2.400	32506.712	24.000
492.000	2.500	2.400	6743.122	300.000
493.000	2.500	2.400	30885.282	179.000
494.000	2.500	2.400	38636.924	29.000
495.000	2.500	2.400	6743.122	300.000
496.000	2.500	2.400	36320.224	3.000
497.000	2.500	2.400	34865.902	3.000
498.000	2.500	2.400	32131.851	3.000
499.000	2.500	2.400	33363.004	69.000
500.000	2.500	2.400	31514.049	16.000
501.000	2.500	2.400	37044.534	5.000
502.000	2.500	2.400	37392.525	14.000
503.000	2.500	2.400	33931.806	178.000
504.000	2.500	2.400	35397.416	20.000
505.000	2.500	2.400	33283.300	7.000
506.000	2.500	2.400	32929.292	3.000
507.000	2.500	2.400	36702.961	1.000
508.000	2.500	2.400	37392.525	4.000
509.000	2.500	2.400	30020.119	2.000
510.000	2.500	2.400	33849.364	5.000
511.000	2.500	2.400	31693.275	8.000
512.000	2.500	2.400	38423.804	32.000
513.000	2.500	2.400	37192.877	10.000
514.000	2.500	2.400	34822.329	5.000
515.000	2.500	2.400	32659.117	31.000
516.000	2.500	2.400	38961.074	21.000
517.000	2.500	2.400	16495.525	300.000
518.000	2.500	2.400	37093.850	162.000
519.000	2.500	2.400	31057.409	11.000
520.000	2.500	2.400	35852.883	2.000
521.000	2.500	2.400	30816.965	7.000
522.000	2.500	2.400	36897.370	9.000
523.000	2.500	2.400	39682.402	1.000
524.000	2.500	2.400	35945.386	1.000
525.000	2.500	2.400	30681.232	2.000
526.000	2.500	2.400	30117.463	23.000
527.000	2.500	2.400	37952.775	36.000
528.000	2.500	2.400	32168.948	27.000
529.000	2.500	2.400	30150.052	271.000
530.000	2.500	2.400	30782.919	12.000
531.000	2.500	2.400	39682.402	2.000
532.000	2.500	2.400	32243.399	48.000
533.000	2.500	2.400	6286.701	300.000
534.000	2.500	2.400	30580.215	2.000
535.000	2.500	2.400	34014.651	17.000
536.000	2.500	2.400	32280.753	8.000
537.000	2.500	2.400	39795.754	104.000
538.000	2.500	2.400	38370.891	4.000
539.000	2.500	2.400	32890.422	3.000
540.000	2.500	2.400	31442.924	1.000
541.000	2.500	2.400	35532.836	8.000
542.000	2.500	2.400	35085.414	6.000
543.000	2.500	2.400	39513.581	154.000
544.000	2.500	2.400	37292.434	1.000
545.000	2.500	2.400	37798.322	2.000
546.000	2.500	2.400	35945.386	16.000
547.000	2.500	2.400	8551.957	300.000
548.000	2.500	2.400	32890.422	85.000
549.000	2.500	2.400	36897.370	50.000
550.000	2.500	2.400	32929.292	3.000
551.000	2.500	2.400	16048.973	300.000
552.000	2.500	2.400	6689.697	300.000
553.000	2.500	2.400	34392.513	3.000
554.000	2.500	2.400	7168.127	300.000
555.000	2.500	2.400	36751.371	11.000
556.000	2.500	2.400	35397.416	4.000
557.000	2.500	2.400	33604.424	17.000
558.000	2.500	2.400	7023.578	300.000
559.000	2.500	2.400	30020.119	3.000
560.000	2.500	2.400	31161.609	5.000
561.000	2.500	2.400	30052.497	95.000
562.000	2.500	2.400	32659.117	1.000
563.000	2.500	2.400	7311.069	300.000
564.000	2.500	2.400	32697.441	9.000
565.000	2.500	2.400	31231.465	1.000
566.000	2.500	2.400	30580.215	4.000
567.000	2.500	2.400	33645.001	6.000
568.000	2.500	2.400	33890.535	18.000
569.000	2.500	2.400	35487.581	14.000
570.000	2.500	2.400	34477.625	11.000
571.000	2.500	2.400	30182.711	5.000
572.000	2.500	2.400	32431.042	1.000
573.000	2.500	2.400	38265.501	15.000
574.000	2.500	2.400	30988.328	2.000
575.000	2.500	2.400	35991.817	43.000
576.000	2.500	2.400	33402.999	4.000
577.000	2.500	2.400	37143.298	11.000
578.000	2.500	2.400	35442.441	4.000
579.000	2.500	2.400	33523.564	14.000
580.000	2.500	2.400	39290.708	10.000
581.000	2.500	2.400	36178.747	7.000
582.000	2.500	2.400	39401.830	6.000
583.000	2.500	2.400	35532.836	3.000
584.000	2.500	2.400	30546.690	20.000
585.000	2.500	2.400	7053.805	300.000
586.000	2.500	2.400	38056.448	50.000
587.000	2.500	2.400	33046.455	1.000
588.000	2.500	2.400	13840.729	300.000
589.000	2.500	2.400	33767.322	37.000
590.000	2.500	2.400	32735.856	106.000
591.000	2.500	2.400	39457.626	86.000
592.000	2.500	2.400	31231.465	182.000
593.000	2.500	2.400	31161.609	98.000
594.000	2.500	2.400	33726.449	20.000
595.000	2.500	2.400	30446.556	11.000
596.000	2.500	2.400	35806.809	39.000
597.000	2.500	2.400	35487.581	4.000
598.000	2.500	2.400	35945.386	13.000
599.000	2.500	2.400	30782.919	2.000
600.000	2.500	2.400	34520.339	4.000
601.000	2.500	2.400	33007.308	9.000
602.000	2.500	2.400	3887225.580	300.000
603.000	2.500	2.400	36897.370	3.000
604.000	2.500	2.400	30248.243	31.000
605.000	2.500	2.400	32057.914	6.000
606.000	2.500	2.400	36131.833	6.000
607.000	2.500	2.400	33443.091	2.000
608.000	2.500	2.400	31874.552	45.000
609.000	2.500	2.400	34435.016	6.000
610.000	2.500	2.400	34997.279	8.000
611.000	2.500	2.400	30748.949	15.000
612.000	2.500	2.400	30647.486	3.000
613.000	2.500	2.400	30513.239	23.000
614.000	2.500	2.400	36897.370	1.000
615.000	2.500	2.400	31092.065	6.000
616.000	2.500	2.400	31301.634	1.000
617.000	2.500	2.400	38690.574	1.000
618.000	2.500	2.400	30715.053	5.000
619.000	2.500	2.400	39125.197	3.000
620.000	2.500	2.400	31196.498	11.000
621.000	2.500	2.400	36897.370	34.000
622.000	2.500	2.400	30446.556	3.000
623.000	2.500	2.400	30953.903	1.000
624.000	2.500	2.400	39852.672	1.000
625.000	2.500	2.400	6266.905	300.000
626.000	2.500	2.400	32468.833	141.000
627.000	2.500	2.400	37594.328	15.000
628.000	2.500	2.400	30446.556	3.000
629.000	2.500	2.400	35487.581	9.000
630.000	2.500	2.400	31231.465	8.000
631.000	2.500	2.400	38583.423	10.000
632.000	2.500	2.400	35487.581	5.000
633.000	2.500	2.400	31801.793	10.000
634.000	2.500	2.400	35806.809	5.000
635.000	2.500	2.400	36702.961	6.000
636.000	2.500	2.400	30281.115	8.000
637.000	2.500	2.400	39401.830	4.000
638.000	2.500	2.400	34392.513	3.000
639.000	2.500	2.400	8533.623	300.000
640.000	2.500	2.400	32890.422	1.000
641.000	2.500	2.400	37849.666	108.000
642.000	2.500	2.400	30281.115	23.000
643.000	2.500	2.400	35991.817	250.000
644.000	2.500	2.400	39070.336	56.000
645.000	2.500	2.400	36702.961	4.000
646.000	2.500	2.400	39401.830	28.000
647.000	2.500	2.400	32431.042	9.000
648.000	2.500	2.400	39682.402	15.000
649.000	2.500	2.400	33323.104	6.000
650.000	2.500	2.400	33203.975	3.000
651.000	2.500	2.400	38056.448	101.000
652.000	2.500	2.400	7835.320	300.000
653.000	2.500	2.400	32968.254	10.000
654.000	2.500	2.400	31266.510	12.000
655.000	2.500	2.400	12704.779	300.000
656.000	2.500	2.400	33046.455	3.000
657.000	2.500	2.400	33726.449	47.000
658.000	2.500	2.400	6491.758	300.000
659.000	2.500	2.400	37696.049	1.000
660.000	2.500	2.400	16207.674	300.000
661.000	2.500	2.400	31372.120	1.000
662.000	2.500	2.400	34735.508	42.000
663.000	2.500	2.400	30613.813	10.000
664.000	2.500	2.400	38636.924	48.000
665.000	2.500	2.400	31765.538	1.000
666.000	2.500	2.400	30988.328	9.000
667.000	2.500	2.400	38318.123	6.000
668.000	2.500	2.400	32774.361	4.000
669.000	2.500	2.400	39795.754	4.000
670.000	2.500	2.400	30215.442	20.000
671.000	2.500	2.400	30446.556	12.000
672.000	2.500	2.400	30988.328	25.000
673.000	2.500	2.400	31442.924	10.000
674.000	2.500	2.400	36995.349	3.000
675.000	2.500	2.400	34477.625	14.000
676.000	2.500	2.400	33767.322	18.000
677.000	2.500	2.400	6731.719	300.000
678.000	2.500	2.400	30681.232	5.000
679.000	2.500	2.400	38265.501	9.000
680.000	2.500	2.400	39346.191	11.000
681.000	2.500	2.400	30782.919	6.000
682.000	2.500	2.400	6543.592	300.000
683.000	2.500	2.400	36367.629	1.000
684.000	2.500	2.400	30816.965	15.000
685.000	2.500	2.400	6418.483	300.000
686.000	2.500	2.400	37392.525	8.000
687.000	2.500	2.400	32468.833	1.000
688.000	2.500	2.400	38056.448	34.000
689.000	2.500	2.400	37594.328	1.000
690.000	2.500	2.400	33685.676	4.000
691.000	2.500	2.400	30885.282	2.000
692.000	2.500	2.400	37242.589	1.000
693.000	2.500	2.400	35442.441	164.000
694.000	2.500	2.400	34181.559	5.000
695.000	2.500	2.400	32431.042	12.000
696.000	2.500	2.400	32168.948	40.000
697.000	2.500	2.400	37493.155	10.000
698.000	2.500	2.400	33685.676	2.000
699.000	2.500	2.400	39235.383	1.000
700.000	2.500	2.400	33203.975	1.000
701.000	2.500	2.400	30020.119	5.000
702.000	2.500	2.400	38056.448	193.000
703.000	2.500	2.400	33085.695	105.000
704.000	2.500	2.400	33685.676	13.000
705.000	2.500	2.400	35263.024	1.000
706.000	2.500	2.400	34056.225	258.000
707.000	2.500	2.400	34822.329	25.000
708.000	2.500	2.400	17655.733	300.000
709.000	2.500	2.400	6941.342	300.000
710.000	2.500	2.400	35487.581	36.000
711.000	2.500	2.400	33046.455	1.000
712.000	2.500	2.400	32659.117	1.000
713.000	2.500	2.400	39346.191	15.000
714.000	2.500	2.400	35623.694	3.000
715.000	2.500	2.400	30647.486	10.000
716.000	2.500	2.400	35715.017	107.000
717.000	2.500	2.400	7696.801	300.000
718.000	2.500	2.400	32735.856	6.000
719.000	2.500	2.400	31336.838	102.000
720.000	2.500	2.400	30513.239	2.000
721.000	2.500	2.400	37696.049	1.000
722.000	2.500	2.400	6934.432	300.000
723.000	2.500	2.400	14749.198	300.000
724.000	2.500	2.400	38744.373	4.000
725.000	2.500	2.400	31231.465	2.000
726.000	2.500	2.400	32620.882	30.000
727.000	2.500	2.400	32659.117	5.000
728.000	2.500	2.400	35852.883	6.000
729.000	2.500	2.400	31585.495	2.000
730.000	2.500	2.400	35623.694	4.000
731.000	2.500	2.400	32890.422	2.000
732.000	2.500	2.400	38056.448	13.000
733.000	2.500	2.400	9894.194	300.000
734.000	2.500	2.400	30347.075	7.000
735.000	2.500	2.400	35852.883	28.000
736.000	2.500	2.400	7237.012	300.000
737.000	2.500	2.400	39909.754	5.000
738.000	2.500	2.400	33085.695	138.000
739.000	2.500	2.400	30084.945	12.000
740.000	2.500	2.400	36178.747	2.000
741.000	2.500	2.400	6638.694	300.000
742.000	2.500	2.400	30748.949	247.000
743.000	2.500	2.400	39738.997	4.000
744.000	2.500	2.400	32812.957	15.000
745.000	2.500	2.400	32243.399	4.000
746.000	2.500	2.400	33164.454	8.000
747.000	2.500	2.400	30215.442	4.000
748.000	2.500	2.400	6475.163	300.000
749.000	2.500	2.400	35173.995	18.000
750.000	2.500	2.400	33767.322	20.000
751.000	2.500	2.400	31621.340	3.000
752.000	2.500	2.400	35715.017	3.000
753.000	2.500	2.400	32131.851	15.000
754.000	2.500	2.400	35715.017	2.000
755.000	2.500	2.400	39682.402	4.000
756.000	2.500	2.400	33363.004	14.000
757.000	2.500	2.400	36799.909	30.000
758.000	2.500	2.400	32131.851	2.000
759.000	2.500	2.400	37696.049	1.000
760.000	2.500	2.400	30715.053	8.000
761.000	2.500	2.400	34909.585	12.000
762.000	2.500	2.400	37392.525	13.000
763.000	2.500	2.400	31442.924	5.000
764.000	2.500	2.400	31801.793	7.000
765.000	2.500	2.400	36995.349	9.000
766.000	2.500	2.400	35085.414	2.000
767.000	2.500	2.400	33483.279	86.000
768.000	2.500	2.400	39909.754	18.000
769.000	2.500	2.400	39625.969	13.000
770.000	2.500	2.400	32620.882	1.000
771.000	2.500	2.400	31022.830	2.000
772.000	2.500	2.400	30546.690	1.000
773.000	2.500	2.400	6576.023	300.000
774.000	2.500	2.400	7220.135	300.000
775.000	2.500	2.400	23197.183	300.000
776.000	2.500	2.400	33203.975	228.000
777.000	2.500	2.400	31022.830	1.000
778.000	2.500	2.400	38370.891	7.000
779.000	2.500	2.400	7199.614	300.000
780.000	2.500	2.400	33931.806	13.000
781.000	2.500	2.400	31372.120	21.000
782.000	2.500	2.400	32021.073	89.000
783.000	2.500	2.400	30513.239	1.000
784.000	2.500	2.400	34997.279	23.000
785.000	2.500	2.400	30647.486	1.000
786.000	2.500	2.400	31057.409	48.000
787.000	2.500	2.400	38004.541	4.000
788.000	2.500	2.400	38583.423	6.000
789.000	2.500	2.400	35669.297	15.000
790.000	2.500	2.400	33767.322	26.000
791.000	2.500	2.400	30851.086	2.000
792.000	2.500	2.400	34520.339	8.000
793.000	2.500	2.400	7284.311	300.000
794.000	2.500	2.400	30150.052	3.000
795.000	2.500	2.400	30748.949	23.000
796.000	2.500	2.400	36799.909	1.000
797.000	2.500	2.400	30479.861	1.000
798.000	2.500	2.400	30647.486	36.000
799.000	2.500	2.400	38906.672	4.000
800.000	2.500	2.400	31336.838	2.000
801.000	2.500	2.400	32851.644	2.000
802.000	2.500	2.400	36085.040	11.000
803.000	2.500	2.400	3887225.580	300.000
804.000	2.500	2.400	34014.651	3.000
805.000	2.500	2.400	32243.399	55.000
806.000	2.500	2.400	35263.024	2.000
807.000	2.500	2.400	31621.340	7.000
808.000	2.500	2.400	31514.049	3.000
809.000	2.500	2.400	39125.197	5.000
810.000	2.500	2.400	31801.793	95.000
811.000	2.500	2.400	38370.891	8.000
812.000	2.500	2.400	32057.914	3.000
813.000	2.500	2.400	37392.525	27.000
814.000	2.500	2.400	33931.806	8.000
815.000	2.500	2.400	31092.065	1.000
816.000	2.500	2.400	31984.317	84.000
817.000	2.500	2.400	32468.833	2.000
818.000	2.500	2.400	36320.224	4.000
819.000	2.500	2.400	30020.119	5.000
820.000	2.500	2.400	32506.712	9.000
821.000	2.500	2.400	34307.820	4.000
822.000	2.500	2.400	38213.022	9.000
823.000	2.500	2.400	37901.151	3.000
824.000	2.500	2.400	31514.049	3.000
825.000	2.500	2.400	34014.651	14.000
826.000	2.500	2.400	36897.370	3.000
827.000	2.500	2.400	3887225.580	300.000
828.000	2.500	2.400	31585.495	10.000
829.000	2.500	2.400	6411.099	300.000
830.000	2.500	2.400	39795.754	6.000
831.000	2.500	2.400	39569.695	3.000
832.000	2.500	2.400	33243.590	32.000
833.000	2.500	2.400	7784.970	300.000
834.000	2.500	2.400	36751.371	262.000
835.000	2.500	2.400	33604.424	4.000
836.000	2.500	2.400	32168.948	27.000
837.000	2.500	2.400	30681.232	11.000
838.000	2.500	2.400	34692.260	14.000
839.000	2.500	2.400	36606.522	101.000
840.000	2.500	2.400	32468.833	3.000
841.000	2.500	2.400	37901.151	33.000
842.000	2.500	2.400	37442.773	21.000
843.000	2.500	2.400	7502.007	300.000
844.000	2.500	2.400	30613.813	2.000
845.000	2.500	2.400	30182.711	177.000
846.000	2.500	2.400	32890.422	1.000
847.000	2.500	2.400	35041.291	1.000
848.000	2.500	2.400	8666.332	300.000
849.000	2.500	2.400	9762.464	300.000
850.000	2.500	2.400	34649.120	1.000
851.000	2.500	2.400	30347.075	35.000
852.000	2.500	2.400	33563.945	1.000
853.000	2.500	2.400	31407.482	10.000
854.000	2.500	2.400	35806.809	5.000
855.000	2.500	2.400	31301.634	2.000
856.000	2.500	2.400	38056.448	17.000
857.000	2.500	2.400	32812.957	3.000
858.000	2.500	2.400	30816.965	4.000
859.000	2.500	2.400	32851.644	11.000
860.000	2.500	2.400	33125.028	60.000
861.000	2.500	2.400	32168.948	3.000
862.000	2.500	2.400	33523.564	3.000
863.000	2.500	2.400	37493.155	5.000
864.000	2.500	2.400	33523.564	5.000
865.000	2.500	2.400	31621.340	3.000
866.000	2.500	2.400	32929.292	2.000
867.000	2.500	2.400	36367.629	2.000
868.000	2.500	2.400	33046.455	7.000
869.000	2.500	2.400	30953.903	5.000
870.000	2.500	2.400	36702.961	8.000
871.000	2.500	2.400	32735.856	10.000
872.000	2.500	2.400	39569.695	1.000
873.000	2.500	2.400	35899.075	21.000
874.000	2.500	2.400	39346.191	3.000
875.000	2.500	2.400	33243.590	28.000
876.000	2.500	2.400	36225.783	6.000
877.000	2.500	2.400	6622.914	300.000
878.000	2.500	2.400	37093.850	22.000
879.000	2.500	2.400	39967.000	2.000
880.000	2.500	2.400	30647.486	2.000
881.000	2.500	2.400	35173.995	11.000
882.000	2.500	2.400	37143.298	23.000
883.000	2.500	2.400	30150.052	3.000
884.000	2.500	2.400	38213.022	118.000
885.000	2.500	2.400	31161.609	69.000
886.000	2.500	2.400	31022.830	2.000
887.000	2.500	2.400	6733.345	300.000
888.000	2.500	2.400	30117.463	5.000
889.000	2.500	2.400	36367.629	25.000
890.000	2.500	2.400	30613.813	5.000
891.000	2.500	2.400	30647.486	5.000
892.000	2.500	2.400	6929.259	300.000
893.000	2.500	2.400	31092.065	1.000
894.000	2.500	2.400	30748.949	5.000
895.000	2.500	2.400	38852.421	6.000
896.000	2.500	2.400	35669.297	12.000
897.000	2.500	2.400	34392.513	2.000
898.000	2.500	2.400	36799.909	5.000
899.000	2.500	2.400	33085.695	10.000
900.000	2.500	2.400	33007.308	5.000
901.000	2.500	2.400	30513.239	4.000
902.000	2.500	2.400	33085.695	1.000
903.000	2.500	2.400	33402.999	6.000
904.000	2.500	2.400	6542.056	300.000
905.000	2.500	2.400	31057.409	3.000
906.000	2.500	2.400	30150.052	34.000
907.000	2.500	2.400	34563.160	13.000
908.000	2.500	2.400	39290.708	6.000
909.000	2.500	2.400	39513.581	3.000
910.000	2.500	2.400	35307.708	10.000
911.000	2.500	2.400	32697.441	6.000
912.000	2.500	2.400	6457.156	300.000
913.000	2.500	2.400	38636.924	4.000
914.000	2.500	2.400	35760.854	1.000
915.000	2.500	2.400	33363.004	2.000
916.000	2.500	2.400	38318.123	105.000
917.000	2.500	2.400	31838.131	3.000
918.000	2.500	2.400	37342.412	4.000
919.000	2.500	2.400	32468.833	3.000
920.000	2.500	2.400	30413.323	34.000
921.000	2.500	2.400	38636.924	206.000
922.000	2.500	2.400	34392.513	3.000
923.000	2.500	2.400	32393.339	1.000
924.000	2.500	2.400	35532.836	5.000
925.000	2.500	2.400	39852.672	15.000
926.000	2.500	2.400	37392.525	62.000
927.000	2.500	2.400	31765.538	209.000
928.000	2.500	2.400	36178.747	3.000
929.000	2.500	2.400	36751.371	3.000
930.000	2.500	2.400	31022.830	5.000
931.000	2.500	2.400	38423.804	23.000
932.000	2.500	2.400	39180.212	12.000
933.000	2.500	2.400	31161.609	143.000
934.000	2.500	2.400	32131.851	2.000
935.000	2.500	2.400	37292.434	5.000
936.000	2.500	2.400	39401.830	2.000
937.000	2.500	2.400	33085.695	1.000
938.000	2.500	2.400	31407.482	19.000
939.000	2.500	2.400	38370.891	18.000
940.000	2.500	2.400	39070.336	68.000
941.000	2.500	2.400	33890.535	12.000
942.000	2.500	2.400	39738.997	3.000
943.000	2.500	2.400	31092.065	4.000
944.000	2.500	2.400	39909.754	96.000
945.000	2.500	2.400	33849.364	45.000
946.000	2.500	2.400	33243.590	5.000
947.000	2.500	2.400	34014.651	1.000
948.000	2.500	2.400	34735.508	93.000
949.000	2.500	2.400	32735.856	13.000
950.000	2.500	2.400	32355.723	6.000
951.000	2.500	2.400	38213.022	4.000
952.000	2.500	2.400	36995.349	2.000
953.000	2.500	2.400	31407.482	14.000
954.000	2.500	2.400	33685.676	10.000
955.000	2.500	2.400	39852.672	27.000
956.000	2.500	2.400	34520.339	1.000
957.000	2.500	2.400	38583.423	2.000
958.000	2.500	2.400	33443.091	4.000
959.000	2.500	2.400	38160.688	122.000
960.000	2.500	2.400	38108.497	1.000
961.000	2.500	2.400	38004.541	4.000
962.000	2.500	2.400	38690.574	2.000
963.000	2.500	2.400	7002.397	300.000
964.000	2.500	2.400	21381.521	300.000
965.000	2.500	2.400	6098.203	300.000
966.000	2.500	2.400	34181.559	1.000
967.000	2.500	2.400	36085.040	25.000
968.000	2.500	2.400	39125.197	10.000
969.000	2.500	2.400	31514.049	17.000
970.000	2.500	2.400	31407.482	53.000
971.000	2.500	2.400	36085.040	1.000
972.000	2.500	2.400	33363.004	11.000
973.000	2.500	2.400	32506.712	4.000
974.000	2.500	2.400	36606.522	10.000
975.000	2.500	2.400	39290.708	15.000
976.000	2.500	2.400	31231.465	24.000
977.000	2.500	2.400	30150.052	5.000
978.000	2.500	2.400	30816.965	1.000
979.000	2.500	2.400	31126.798	92.000
980.000	2.500	2.400	6167.038	300.000
981.000	2.500	2.400	31336.838	4.000
982.000	2.500	2.400	5986.830	300.000
983.000	2.500	2.400	36415.157	1.000
984.000	2.500	2.400	31729.365	3.000
985.000	2.500	2.400	33007.308	5.000
986.000	2.500	2.400	31161.609	1.000
987.000	2.500	2.400	38636.924	6.000
988.000	2.500	2.400	31161.609	5.000
989.000	2.500	2.400	8270.206	300.000
990.000	2.500	2.400	34265.629	11.000
991.000	2.500	2.400	35085.414	5.000
992.000	2.500	2.400	37849.666	11.000
993.000	2.500	2.400	6605.643	300.000
994.000	2.500	2.400	31729.365	43.000
995.000	2.500	2.400	36995.349	75.000
996.000	2.500	2.400	37044.534	32.000
997.000	2.500	2.400	34139.679	1.000
998.000	2.500	2.400	36995.349	4.000
999.000	2.500	2.400	39738.997	4.000
1000.000	2.500	2.400	36606.522	3.000
