104.000	0.500	2.501	3106.735	0.000	10718355.000
104.000	0.510	2.501	2947.595	0.000	10718356.000
104.000	0.520	2.501	2995.199	0.000	10718357.000
104.000	0.530	2.501	3142.797	0.000	10718358.000
104.000	0.540	2.501	3096.775	0.000	10718359.000
104.000	0.550	2.501	3021.741	0.000	10718360.000
104.000	0.560	2.501	3024.000	0.000	10718361.000
104.000	0.570	2.501	3183.729	0.000	10718362.000
104.000	0.580	2.501	2965.318	0.000	10718363.000
104.000	0.590	2.501	2975.710	0.000	10718364.000
104.000	0.600	2.501	3131.388	0.000	10718365.000
104.000	0.610	2.501	3234.908	0.000	10718366.000
104.000	0.620	2.501	3081.893	0.000	10718367.000
104.000	0.630	2.501	3006.041	0.000	10718368.000
104.000	0.640	2.501	2980.010	0.000	10718369.000
104.000	0.650	2.501	3149.971	0.000	10718370.000
104.000	0.660	2.501	3241.858	0.000	10718371.000
104.000	0.670	2.501	3068.718	0.000	10718372.000
104.000	0.680	2.501	3105.447	0.000	10718373.000
104.000	0.690	2.501	3037.137	0.000	10718374.000
104.000	0.700	2.501	2897.887	0.000	10718375.000
104.000	0.710	2.501	2949.355	0.000	10718376.000
104.000	0.720	2.501	2901.017	0.000	10718377.000
104.000	0.730	2.501	3015.399	0.000	10718378.000
104.000	0.740	2.501	2926.546	0.000	10718379.000
104.000	0.750	2.501	2863.700	0.000	10718380.000
104.000	0.760	2.501	2880.035	0.000	10718381.000
104.000	0.770	2.501	2978.825	0.000	10718382.000
104.000	0.780	2.501	3039.477	0.000	10718383.000
104.000	0.790	2.501	3021.072	0.000	10718384.000
104.000	0.800	2.501	2882.094	0.000	10718385.000
104.000	0.810	2.501	3155.922	0.000	10718386.000
104.000	0.820	2.501	3062.773	0.000	10718387.000
104.000	0.830	2.501	3154.999	0.000	10718388.000
104.000	0.840	2.501	3003.638	0.000	10718389.000
104.000	0.850	2.501	3351.582	0.000	10718390.000
104.000	0.860	2.501	3018.789	0.000	10718391.000
104.000	0.870	2.501	3089.978	0.000	10718392.000
104.000	0.880	2.501	3066.295	0.000	10718393.000
104.000	0.890	2.501	3074.691	0.000	10718394.000
104.000	0.900	2.501	3049.774	0.000	10718395.000
104.000	0.910	2.501	3026.948	0.000	10718396.000
104.000	0.920	2.501	3067.594	0.000	10718397.000
104.000	0.930	2.501	2919.983	0.000	10718398.000
104.000	0.940	2.501	2874.207	0.000	10718399.000
104.000	0.950	2.501	2896.176	0.000	10718400.000
104.000	0.960	2.501	2904.966	0.000	10718401.000
104.000	0.970	2.501	3016.468	0.000	10718402.000
104.000	0.980	2.501	3232.656	0.000	10718403.000
104.000	0.990	2.501	3116.936	0.000	10718404.000
104.000	1.000	2.501	4520.154	0.000	10718405.000
104.000	1.010	2.501	10853.771	0.000	10718406.000
104.000	1.020	2.501	8118.949	0.000	10718407.000
104.000	1.030	2.501	10512.641	0.000	10718408.000
104.000	1.040	2.501	13757.304	0.000	10718409.000
104.000	1.050	2.501	9854.025	0.000	10718410.000
104.000	1.060	2.501	8952.968	0.000	10718411.000
104.000	1.070	2.501	13482.407	0.000	10718412.000
104.000	1.080	2.501	11314.607	0.000	10718413.000
104.000	1.090	2.501	11442.177	0.000	10718414.000
104.000	1.100	2.501	11721.193	0.000	10718415.000
104.000	1.110	2.501	10821.129	0.000	10718416.000
104.000	1.120	2.501	22976.668	0.000	10718417.000
104.000	1.130	2.501	27485.296	0.000	10718418.000
104.000	1.140	2.501	24552.642	0.000	10718419.000
104.000	1.150	2.501	26381.296	0.000	10718420.000
104.000	1.160	2.501	20641.256	0.000	10718421.000
104.000	1.170	2.501	28905.466	0.000	10718422.000
104.000	1.180	2.501	23751.964	0.000	10718423.000
104.000	1.190	2.501	23588.848	0.000	10718424.000
104.000	1.200	2.501	16719.218	0.000	10718425.000
104.000	1.210	2.501	30031.508	0.000	10718426.000
104.000	1.220	2.501	22913.635	0.000	10718427.000
104.000	1.230	2.501	13733.869	0.000	10718428.000
104.000	1.240	2.501	37719.318	0.000	10718429.000
104.000	1.250	2.501	23774.824	0.000	10718430.000
104.000	1.260	2.501	21447.616	0.000	10718431.000
104.000	1.270	2.501	30965.737	0.000	10718432.000
104.000	1.280	2.501	23220.226	0.000	10718433.000
104.000	1.290	2.501	23405.916	0.000	10718434.000
104.000	1.300	2.501	29528.407	0.000	10718435.000
104.000	1.310	2.501	29271.066	0.000	10718436.000
104.000	1.320	2.501	32503.982	0.000	10718437.000
104.000	1.330	2.501	40720.706	0.000	10718438.000
104.000	1.340	2.501	30600.634	0.000	10718439.000
104.000	1.350	2.501	32536.167	0.000	10718440.000
104.000	1.360	2.501	42613.406	0.000	10718441.000
104.000	1.370	2.501	27011.448	0.000	10718442.000
104.000	1.380	2.501	38817.780	0.000	10718443.000
104.000	1.390	2.501	48467.398	0.000	10718444.000
104.000	1.400	2.501	44144.032	0.000	10718445.000
104.000	1.410	2.501	26003.525	0.000	10718446.000
104.000	1.420	2.501	34635.337	0.000	10718447.000
104.000	1.430	2.501	37343.614	0.000	10718448.000
104.000	1.440	2.501	28288.723	0.000	10718449.000
104.000	1.450	2.501	27700.612	0.000	10718450.000
104.000	1.460	2.501	37514.154	0.000	10718451.000
104.000	1.470	2.501	46185.195	0.000	10718452.000
104.000	1.480	2.501	37521.429	0.000	10718453.000
104.000	1.490	2.501	34573.452	0.000	10718454.000
104.000	1.500	2.501	46925.672	0.000	10718455.000
104.000	1.510	2.501	36397.272	0.000	10718456.000
104.000	1.520	2.501	36885.257	0.000	10718457.000
104.000	1.530	2.501	41267.837	0.000	10718458.000
104.000	1.540	2.501	28673.452	0.000	10718459.000
104.000	1.550	2.501	47089.355	0.000	10718460.000
104.000	1.560	2.501	41461.391	0.000	10718461.000
104.000	1.570	2.501	25616.435	0.000	10718462.000
104.000	1.580	2.501	26676.911	0.000	10718463.000
104.000	1.590	2.501	32758.640	0.000	10718464.000
104.000	1.600	2.501	79425.432	0.000	10718465.000
104.000	1.610	2.501	52059.131	0.000	10718466.000
104.000	1.620	2.501	45919.711	0.000	10718467.000
104.000	1.630	2.501	68693.451	0.000	10718468.000
104.000	1.640	2.501	42345.039	0.000	10718469.000
104.000	1.650	2.501	47301.673	0.000	10718470.000
104.000	1.660	2.501	66255.095	0.000	10718471.000
104.000	1.670	2.501	48589.104	0.000	10718472.000
104.000	1.680	2.501	47860.007	0.000	10718473.000
104.000	1.690	2.501	69998.072	0.000	10718474.000
104.000	1.700	2.501	62987.632	0.000	10718475.000
104.000	1.710	2.501	44788.325	0.000	10718476.000
104.000	1.720	2.501	47978.017	0.000	10718477.000
104.000	1.730	2.501	80693.280	1.000	10718478.000
112.000	0.500	2.501	3079.285	0.000	10718479.000
112.000	0.510	2.501	3097.306	0.000	10718480.000
112.000	0.520	2.501	3095.066	0.000	10718481.000
112.000	0.530	2.501	3048.330	0.000	10718482.000
112.000	0.540	2.501	3097.634	0.000	10718483.000
112.000	0.550	2.501	3067.348	0.000	10718484.000
112.000	0.560	2.501	3577.996	0.000	10718485.000
112.000	0.570	2.501	3082.695	0.000	10718486.000
112.000	0.580	2.501	3587.183	0.000	10718487.000
112.000	0.590	2.501	3099.600	0.000	10718488.000
112.000	0.600	2.501	3273.958	0.000	10718489.000
112.000	0.610	2.501	3274.537	0.000	10718490.000
112.000	0.620	2.501	3072.692	0.000	10718491.000
112.000	0.630	2.501	3588.543	0.000	10718492.000
112.000	0.640	2.501	3130.602	0.000	10718493.000
112.000	0.650	2.501	3301.307	0.000	10718494.000
112.000	0.660	2.501	3278.479	0.000	10718495.000
112.000	0.670	2.501	3055.744	0.000	10718496.000
112.000	0.680	2.501	3125.032	0.000	10718497.000
112.000	0.690	2.501	3269.226	0.000	10718498.000
112.000	0.700	2.501	3256.111	0.000	10718499.000
112.000	0.710	2.501	3105.326	0.000	10718500.000
112.000	0.720	2.501	3168.967	0.000	10718501.000
112.000	0.730	2.501	3433.444	0.000	10718502.000
112.000	0.740	2.501	3048.410	0.000	10718503.000
112.000	0.750	2.501	3083.601	0.000	10718504.000
112.000	0.760	2.501	3158.378	0.000	10718505.000
112.000	0.770	2.501	3226.422	0.000	10718506.000
112.000	0.780	2.501	3244.609	0.000	10718507.000
112.000	0.790	2.501	3112.605	0.000	10718508.000
112.000	0.800	2.501	3413.864	0.000	10718509.000
112.000	0.810	2.501	3265.694	0.000	10718510.000
112.000	0.820	2.501	3035.541	0.000	10718511.000
112.000	0.830	2.501	3266.659	0.000	10718512.000
112.000	0.840	2.501	3069.662	0.000	10718513.000
112.000	0.850	2.501	3047.362	0.000	10718514.000
112.000	0.860	2.501	3100.082	0.000	10718515.000
112.000	0.870	2.501	3062.754	0.000	10718516.000
112.000	0.880	2.501	3183.953	0.000	10718517.000
112.000	0.890	2.501	3102.535	0.000	10718518.000
112.000	0.900	2.501	3287.890	0.000	10718519.000
112.000	0.910	2.501	3076.400	0.000	10718520.000
112.000	0.920	2.501	3092.969	0.000	10718521.000
112.000	0.930	2.501	3130.538	0.000	10718522.000
112.000	0.940	2.501	3145.082	0.000	10718523.000
112.000	0.950	2.501	3117.048	0.000	10718524.000
112.000	0.960	2.501	3345.324	0.000	10718525.000
112.000	0.970	2.501	3150.957	0.000	10718526.000
112.000	0.980	2.501	3190.726	0.000	10718527.000
112.000	0.990	2.501	3448.401	0.000	10718528.000
112.000	1.000	2.501	3657.308	0.000	10718529.000
112.000	1.010	2.501	3683.482	0.000	10718530.000
112.000	1.020	2.501	5475.248	0.000	10718531.000
112.000	1.030	2.501	5225.196	0.000	10718532.000
112.000	1.040	2.501	5913.523	0.000	10718533.000
112.000	1.050	2.501	9432.639	0.000	10718534.000
112.000	1.060	2.501	13838.255	0.000	10718535.000
112.000	1.070	2.501	6942.034	0.000	10718536.000
112.000	1.080	2.501	6178.130	0.000	10718537.000
112.000	1.090	2.501	19496.458	0.000	10718538.000
112.000	1.100	2.501	13413.247	0.000	10718539.000
112.000	1.110	2.501	13728.456	0.000	10718540.000
112.000	1.120	2.501	16014.291	0.000	10718541.000
112.000	1.130	2.501	14580.088	0.000	10718542.000
112.000	1.140	2.501	14923.493	0.000	10718543.000
112.000	1.150	2.501	17139.222	0.000	10718544.000
112.000	1.160	2.501	14332.596	0.000	10718545.000
112.000	1.170	2.501	30037.983	0.000	10718546.000
112.000	1.180	2.501	22512.275	0.000	10718547.000
112.000	1.190	2.501	19910.731	0.000	10718548.000
112.000	1.200	2.501	16783.671	0.000	10718549.000
112.000	1.210	2.501	35429.102	0.000	10718550.000
112.000	1.220	2.501	11530.894	0.000	10718551.000
112.000	1.230	2.501	14261.118	0.000	10718552.000
112.000	1.240	2.501	24881.515	0.000	10718553.000
112.000	1.250	2.501	31848.612	0.000	10718554.000
112.000	1.260	2.501	15176.447	0.000	10718555.000
112.000	1.270	2.501	18599.915	0.000	10718556.000
112.000	1.280	2.501	25401.218	0.000	10718557.000
112.000	1.290	2.501	23692.022	0.000	10718558.000
112.000	1.300	2.501	25830.540	0.000	10718559.000
112.000	1.310	2.501	21907.089	0.000	10718560.000
112.000	1.320	2.501	29903.105	0.000	10718561.000
112.000	1.330	2.501	34025.284	0.000	10718562.000
112.000	1.340	2.501	27697.969	0.000	10718563.000
112.000	1.350	2.501	30848.080	0.000	10718564.000
112.000	1.360	2.501	52364.376	0.000	10718565.000
112.000	1.370	2.501	34047.236	0.000	10718566.000
112.000	1.380	2.501	35548.794	0.000	10718567.000
112.000	1.390	2.501	51742.046	0.000	10718568.000
112.000	1.400	2.501	47700.076	0.000	10718569.000
112.000	1.410	2.501	31060.455	0.000	10718570.000
112.000	1.420	2.501	25727.127	0.000	10718571.000
112.000	1.430	2.501	20217.937	0.000	10718572.000
112.000	1.440	2.501	21448.277	0.000	10718573.000
112.000	1.450	2.501	27291.680	0.000	10718574.000
112.000	1.460	2.501	31951.162	0.000	10718575.000
112.000	1.470	2.501	14952.195	0.000	10718576.000
112.000	1.480	2.501	31199.851	0.000	10718577.000
112.000	1.490	2.501	27221.504	0.000	10718578.000
112.000	1.500	2.501	38335.415	0.000	10718579.000
112.000	1.510	2.501	40640.881	0.000	10718580.000
112.000	1.520	2.501	29728.778	0.000	10718581.000
112.000	1.530	2.501	39706.379	0.000	10718582.000
112.000	1.540	2.501	28806.731	0.000	10718583.000
112.000	1.550	2.501	43821.343	0.000	10718584.000
112.000	1.560	2.501	35906.107	0.000	10718585.000
112.000	1.570	2.501	58984.303	0.000	10718586.000
112.000	1.580	2.501	24813.623	0.000	10718587.000
112.000	1.590	2.501	27631.827	0.000	10718588.000
112.000	1.600	2.501	13188.500	0.000	10718589.000
112.000	1.610	2.501	20356.664	0.000	10718590.000
112.000	1.620	2.501	17208.661	0.000	10718591.000
112.000	1.630	2.501	16450.571	0.000	10718592.000
112.000	1.640	2.501	18802.137	0.000	10718593.000
112.000	1.650	2.501	13872.980	0.000	10718594.000
112.000	1.660	2.501	20642.357	0.000	10718595.000
112.000	1.670	2.501	12160.424	0.000	10718596.000
112.000	1.680	2.501	24282.019	0.000	10718597.000
112.000	1.690	2.501	23550.887	0.000	10718598.000
112.000	1.700	2.501	33023.895	0.000	10718599.000
112.000	1.710	2.501	26915.429	0.000	10718600.000
112.000	1.720	2.501	39770.761	0.000	10718601.000
112.000	1.730	2.501	52011.709	0.000	10718602.000
112.000	1.740	2.501	27112.586	0.000	10718603.000
112.000	1.750	2.501	16552.439	0.000	10718604.000
112.000	1.760	2.501	45813.405	0.000	10718605.000
112.000	1.770	2.501	47974.052	0.000	10718606.000
112.000	1.780	2.501	51061.619	0.000	10718607.000
112.000	1.790	2.501	56729.495	0.000	10718608.000
112.000	1.800	2.501	64343.243	0.000	10718609.000
112.000	1.810	2.501	37429.896	0.000	10718610.000
112.000	1.820	2.501	39334.637	0.000	10718611.000
112.000	1.830	2.501	48365.769	0.000	10718612.000
112.000	1.840	2.501	31613.017	0.000	10718613.000
112.000	1.850	2.501	37456.060	0.000	10718614.000
112.000	1.860	2.501	46382.008	0.000	10718615.000
112.000	1.870	2.501	48690.312	0.000	10718616.000
112.000	1.880	2.501	26974.630	0.000	10718617.000
112.000	1.890	2.501	28513.829	0.000	10718618.000
112.000	1.900	2.501	37630.885	0.000	10718619.000
112.000	1.910	2.501	44456.183	0.000	10718620.000
112.000	1.920	2.501	46347.445	0.000	10718621.000
112.000	1.930	2.501	25789.992	0.000	10718622.000
112.000	1.940	2.501	42248.473	0.000	10718623.000
112.000	1.950	2.501	37794.220	0.000	10718624.000
112.000	1.960	2.501	36007.817	0.000	10718625.000
112.000	1.970	2.501	34656.015	0.000	10718626.000
112.000	1.980	2.501	38024.041	0.000	10718627.000
112.000	1.990	2.501	18178.120	0.000	10718628.000
112.000	2.000	2.501	20314.159	0.000	10718629.000
112.000	2.010	2.501	18016.575	0.000	10718630.000
112.000	2.020	2.501	36414.015	0.000	10718631.000
112.000	2.030	2.501	18019.091	0.000	10718632.000
112.000	2.040	2.501	30901.449	0.000	10718633.000
112.000	2.050	2.501	28024.236	0.000	10718634.000
112.000	2.060	2.501	67327.072	0.000	10718635.000
112.000	2.070	2.501	57308.215	0.000	10718636.000
112.000	2.080	2.501	32933.340	0.000	10718637.000
112.000	2.090	2.501	37046.504	0.000	10718638.000
112.000	2.100	2.501	34692.606	0.000	10718639.000
112.000	2.110	2.501	47244.569	0.000	10718640.000
112.000	2.120	2.501	38580.858	0.000	10718641.000
112.000	2.130	2.501	52583.361	0.000	10718642.000
112.000	2.140	2.501	57873.851	0.000	10718643.000
112.000	2.150	2.501	41053.326	0.000	10718644.000
112.000	2.160	2.501	53430.348	0.000	10718645.000
112.000	2.170	2.501	39956.912	0.000	10718646.000
112.000	2.180	2.501	50531.201	0.000	10718647.000
112.000	2.190	2.501	49705.505	0.000	10718648.000
112.000	2.200	2.501	58915.459	0.000	10718649.000
112.000	2.210	2.501	31563.169	0.000	10718650.000
112.000	2.220	2.501	52070.806	0.000	10718651.000
112.000	2.230	2.501	36193.033	0.000	10718652.000
112.000	2.240	2.501	60596.473	0.000	10718653.000
112.000	2.250	2.501	41664.244	0.000	10718654.000
112.000	2.260	2.501	28169.522	0.000	10718655.000
112.000	2.270	2.501	56765.554	0.000	10718656.000
112.000	2.280	2.501	62037.370	0.000	10718657.000
112.000	2.290	2.501	57628.712	0.000	10718658.000
112.000	2.300	2.501	40222.701	0.000	10718659.000
112.000	2.310	2.501	60817.617	0.000	10718660.000
112.000	2.320	2.501	51845.253	0.000	10718661.000
112.000	2.330	2.501	57775.929	0.000	10718662.000
112.000	2.340	2.501	58783.212	0.000	10718663.000
112.000	2.350	2.501	30877.068	0.000	10718664.000
112.000	2.360	2.501	39359.975	0.000	10718665.000
112.000	2.370	2.501	40588.784	0.000	10718666.000
112.000	2.380	2.501	55173.047	0.000	10718667.000
112.000	2.390	2.501	63046.921	0.000	10718668.000
112.000	2.400	2.501	29592.131	0.000	10718669.000
112.000	2.410	2.501	37322.005	0.000	10718670.000
112.000	2.420	2.501	38752.132	0.000	10718671.000
112.000	2.430	2.501	69585.521	0.000	10718672.000
112.000	2.440	2.501	47963.481	0.000	10718673.000
112.000	2.450	2.501	43518.013	0.000	10718674.000
112.000	2.460	2.501	89764.800	1.000	10718675.000
120.000	0.500	2.501	2914.990	0.000	10718676.000
120.000	0.510	2.501	2995.859	0.000	10718677.000
120.000	0.520	2.501	2944.162	0.000	10718678.000
120.000	0.530	2.501	3065.029	0.000	10718679.000
120.000	0.540	2.501	2926.494	0.000	10718680.000
120.000	0.550	2.501	2909.895	0.000	10718681.000
120.000	0.560	2.501	2914.853	0.000	10718682.000
120.000	0.570	2.501	2976.134	0.000	10718683.000
120.000	0.580	2.501	2899.267	0.000	10718684.000
120.000	0.590	2.501	3102.308	0.000	10718685.000
120.000	0.600	2.501	3242.760	0.000	10718686.000
120.000	0.610	2.501	2951.029	0.000	10718687.000
120.000	0.620	2.501	3022.302	0.000	10718688.000
120.000	0.630	2.501	2934.641	0.000	10718689.000
120.000	0.640	2.501	2976.600	0.000	10718690.000
120.000	0.650	2.501	2912.830	0.000	10718691.000
120.000	0.660	2.501	2918.094	0.000	10718692.000
120.000	0.670	2.501	2899.105	0.000	10718693.000
120.000	0.680	2.501	2898.695	0.000	10718694.000
120.000	0.690	2.501	2986.078	0.000	10718695.000
120.000	0.700	2.501	3140.137	0.000	10718696.000
120.000	0.710	2.501	2926.280	0.000	10718697.000
120.000	0.720	2.501	3337.784	0.000	10718698.000
120.000	0.730	2.501	2928.357	0.000	10718699.000
120.000	0.740	2.501	3428.529	0.000	10718700.000
120.000	0.750	2.501	2908.238	0.000	10718701.000
120.000	0.760	2.501	3374.308	0.000	10718702.000
120.000	0.770	2.501	3080.211	0.000	10718703.000
120.000	0.780	2.501	2898.871	0.000	10718704.000
120.000	0.790	2.501	3132.230	0.000	10718705.000
120.000	0.800	2.501	2866.314	0.000	10718706.000
120.000	0.810	2.501	2916.713	0.000	10718707.000
120.000	0.820	2.501	3304.436	0.000	10718708.000
120.000	0.830	2.501	2887.889	0.000	10718709.000
120.000	0.840	2.501	2854.217	0.000	10718710.000
120.000	0.850	2.501	3362.863	0.000	10718711.000
120.000	0.860	2.501	3327.904	0.000	10718712.000
120.000	0.870	2.501	3032.121	0.000	10718713.000
120.000	0.880	2.501	2848.582	0.000	10718714.000
120.000	0.890	2.501	2920.357	0.000	10718715.000
120.000	0.900	2.501	3023.916	0.000	10718716.000
120.000	0.910	2.501	2838.271	0.000	10718717.000
120.000	0.920	2.501	3102.148	0.000	10718718.000
120.000	0.930	2.501	2957.188	0.000	10718719.000
120.000	0.940	2.501	3368.200	0.000	10718720.000
120.000	0.950	2.501	2947.703	0.000	10718721.000
120.000	0.960	2.501	2890.125	0.000	10718722.000
120.000	0.970	2.501	3207.173	0.000	10718723.000
120.000	0.980	2.501	3002.165	0.000	10718724.000
120.000	0.990	2.501	2934.194	0.000	10718725.000
120.000	1.000	2.501	2908.760	0.000	10718726.000
120.000	1.010	2.501	2962.848	0.000	10718727.000
120.000	1.020	2.501	3169.959	0.000	10718728.000
120.000	1.030	2.501	3045.233	0.000	10718729.000
120.000	1.040	2.501	3211.271	0.000	10718730.000
120.000	1.050	2.501	5020.373	0.000	10718731.000
120.000	1.060	2.501	9958.553	0.000	10718732.000
120.000	1.070	2.501	8205.037	0.000	10718733.000
120.000	1.080	2.501	7618.632	0.000	10718734.000
120.000	1.090	2.501	7892.241	0.000	10718735.000
120.000	1.100	2.501	9309.229	0.000	10718736.000
120.000	1.110	2.501	10370.162	0.000	10718737.000
120.000	1.120	2.501	11241.352	0.000	10718738.000
120.000	1.130	2.501	12338.205	0.000	10718739.000
120.000	1.140	2.501	20236.144	0.000	10718740.000
120.000	1.150	2.501	14783.944	0.000	10718741.000
120.000	1.160	2.501	11891.877	0.000	10718742.000
120.000	1.170	2.501	7164.367	0.000	10718743.000
120.000	1.180	2.501	34154.074	0.000	10718744.000
120.000	1.190	2.501	21725.076	0.000	10718745.000
120.000	1.200	2.501	24646.986	0.000	10718746.000
120.000	1.210	2.501	18934.813	0.000	10718747.000
120.000	1.220	2.501	16294.417	0.000	10718748.000
120.000	1.230	2.501	15936.037	0.000	10718749.000
120.000	1.240	2.501	38066.430	0.000	10718750.000
120.000	1.250	2.501	28983.159	0.000	10718751.000
120.000	1.260	2.501	37769.220	0.000	10718752.000
120.000	1.270	2.501	20231.677	0.000	10718753.000
120.000	1.280	2.501	23501.624	0.000	10718754.000
120.000	1.290	2.501	26028.593	0.000	10718755.000
120.000	1.300	2.501	13639.428	0.000	10718756.000
120.000	1.310	2.501	10247.629	0.000	10718757.000
120.000	1.320	2.501	33927.840	0.000	10718758.000
120.000	1.330	2.501	22542.728	0.000	10718759.000
120.000	1.340	2.501	28356.435	0.000	10718760.000
120.000	1.350	2.501	39886.445	0.000	10718761.000
120.000	1.360	2.501	44851.192	0.000	10718762.000
120.000	1.370	2.501	31092.065	0.000	10718763.000
120.000	1.380	2.501	25084.366	0.000	10718764.000
120.000	1.390	2.501	32415.347	0.000	10718765.000
120.000	1.400	2.501	35259.811	0.000	10718766.000
120.000	1.410	2.501	23136.316	0.000	10718767.000
120.000	1.420	2.501	31930.950	0.000	10718768.000
120.000	1.430	2.501	27634.896	0.000	10718769.000
120.000	1.440	2.501	43491.386	0.000	10718770.000
120.000	1.450	2.501	27301.735	0.000	10718771.000
120.000	1.460	2.501	30455.874	0.000	10718772.000
120.000	1.470	2.501	33904.061	0.000	10718773.000
120.000	1.480	2.501	15727.852	0.000	10718774.000
120.000	1.490	2.501	36021.969	0.000	10718775.000
120.000	1.500	2.501	43206.522	0.000	10718776.000
120.000	1.510	2.501	28516.163	0.000	10718777.000
120.000	1.520	2.501	38732.309	0.000	10718778.000
120.000	1.530	2.501	30177.481	0.000	10718779.000
120.000	1.540	2.501	47872.505	0.000	10718780.000
120.000	1.550	2.501	44322.107	0.000	10718781.000
120.000	1.560	2.501	29945.526	0.000	10718782.000
120.000	1.570	2.501	17593.038	0.000	10718783.000
120.000	1.580	2.501	36872.761	0.000	10718784.000
120.000	1.590	2.501	33322.466	0.000	10718785.000
120.000	1.600	2.501	50588.449	0.000	10718786.000
120.000	1.610	2.501	32878.934	0.000	10718787.000
120.000	1.620	2.501	70180.017	0.000	10718788.000
120.000	1.630	2.501	95108.380	1.000	10718789.000
128.000	0.500	2.501	2814.362	0.000	10718790.000
128.000	0.510	2.501	2619.117	0.000	10718791.000
128.000	0.520	2.501	2628.291	0.000	10718792.000
128.000	0.530	2.501	3083.789	0.000	10718793.000
128.000	0.540	2.501	2651.588	0.000	10718794.000
128.000	0.550	2.501	2639.917	0.000	10718795.000
128.000	0.560	2.501	2622.226	0.000	10718796.000
128.000	0.570	2.501	2704.807	0.000	10718797.000
128.000	0.580	2.501	2831.289	0.000	10718798.000
128.000	0.590	2.501	2674.457	0.000	10718799.000
128.000	0.600	2.501	2923.485	0.000	10718800.000
128.000	0.610	2.501	2668.374	0.000	10718801.000
128.000	0.620	2.501	2633.120	0.000	10718802.000
128.000	0.630	2.501	3031.374	0.000	10718803.000
128.000	0.640	2.501	2601.207	0.000	10718804.000
128.000	0.650	2.501	2701.103	0.000	10718805.000
128.000	0.660	2.501	2685.067	0.000	10718806.000
128.000	0.670	2.501	2663.597	0.000	10718807.000
128.000	0.680	2.501	2593.989	0.000	10718808.000
128.000	0.690	2.501	2753.129	0.000	10718809.000
128.000	0.700	2.501	2607.224	0.000	10718810.000
128.000	0.710	2.501	2585.292	0.000	10718811.000
128.000	0.720	2.501	2607.228	0.000	10718812.000
128.000	0.730	2.501	2837.635	0.000	10718813.000
128.000	0.740	2.501	2973.921	0.000	10718814.000
128.000	0.750	2.501	2613.437	0.000	10718815.000
128.000	0.760	2.501	2887.403	0.000	10718816.000
128.000	0.770	2.501	2696.210	0.000	10718817.000
128.000	0.780	2.501	2606.978	0.000	10718818.000
128.000	0.790	2.501	2598.965	0.000	10718819.000
128.000	0.800	2.501	2682.112	0.000	10718820.000
128.000	0.810	2.501	2578.864	0.000	10718821.000
128.000	0.820	2.501	2721.187	0.000	10718822.000
128.000	0.830	2.501	2555.359	0.000	10718823.000
128.000	0.840	2.501	2715.692	0.000	10718824.000
128.000	0.850	2.501	2453.324	0.000	10718825.000
128.000	0.860	2.501	2470.005	0.000	10718826.000
128.000	0.870	2.501	2609.462	0.000	10718827.000
128.000	0.880	2.501	2464.885	0.000	10718828.000
128.000	0.890	2.501	2910.673	0.000	10718829.000
128.000	0.900	2.501	2663.825	0.000	10718830.000
128.000	0.910	2.501	2454.975	0.000	10718831.000
128.000	0.920	2.501	2472.156	0.000	10718832.000
128.000	0.930	2.501	2413.959	0.000	10718833.000
128.000	0.940	2.501	2469.553	0.000	10718834.000
128.000	0.950	2.501	2506.980	0.000	10718835.000
128.000	0.960	2.501	2820.481	0.000	10718836.000
128.000	0.970	2.501	2364.902	0.000	10718837.000
128.000	0.980	2.501	2376.253	0.000	10718838.000
128.000	0.990	2.501	2365.595	0.000	10718839.000
128.000	1.000	2.501	2467.963	0.000	10718840.000
128.000	1.010	2.501	2632.732	0.000	10718841.000
128.000	1.020	2.501	2480.700	0.000	10718842.000
128.000	1.030	2.501	2554.765	0.000	10718843.000
128.000	1.040	2.501	2384.529	0.000	10718844.000
128.000	1.050	2.501	2366.660	0.000	10718845.000
128.000	1.060	2.501	2428.334	0.000	10718846.000
128.000	1.070	2.501	2542.445	0.000	10718847.000
128.000	1.080	2.501	2498.136	0.000	10718848.000
128.000	1.090	2.501	2442.627	0.000	10718849.000
128.000	1.100	2.501	3016.598	0.000	10718850.000
128.000	1.110	2.501	2422.554	0.000	10718851.000
128.000	1.120	2.501	2424.765	0.000	10718852.000
128.000	1.130	2.501	2429.160	0.000	10718853.000
128.000	1.140	2.501	2984.793	0.000	10718854.000
128.000	1.150	2.501	2637.590	0.000	10718855.000
128.000	1.160	2.501	2969.076	0.000	10718856.000
128.000	1.170	2.501	2511.792	0.000	10718857.000
128.000	1.180	2.501	2830.564	0.000	10718858.000
128.000	1.190	2.501	2652.212	0.000	10718859.000
128.000	1.200	2.501	2928.295	0.000	10718860.000
128.000	1.210	2.501	2620.366	0.000	10718861.000
128.000	1.220	2.501	3115.564	0.000	10718862.000
128.000	1.230	2.501	3666.595	0.000	10718863.000
128.000	1.240	2.501	5685.163	0.000	10718864.000
128.000	1.250	2.501	32412.028	0.000	10718865.000
128.000	1.260	2.501	27094.026	0.000	10718866.000
128.000	1.270	2.501	16381.400	0.000	10718867.000
128.000	1.280	2.501	23886.841	0.000	10718868.000
128.000	1.290	2.501	24017.958	0.000	10718869.000
128.000	1.300	2.501	20820.665	0.000	10718870.000
128.000	1.310	2.501	19371.325	0.000	10718871.000
128.000	1.320	2.501	24560.433	0.000	10718872.000
128.000	1.330	2.501	30625.119	0.000	10718873.000
128.000	1.340	2.501	43579.542	0.000	10718874.000
128.000	1.350	2.501	39895.583	0.000	10718875.000
128.000	1.360	2.501	36804.186	0.000	10718876.000
128.000	1.370	2.501	44773.356	0.000	10718877.000
128.000	1.380	2.501	29492.402	0.000	10718878.000
128.000	1.390	2.501	49028.211	0.000	10718879.000
128.000	1.400	2.501	52302.256	0.000	10718880.000
128.000	1.410	2.501	50699.644	0.000	10718881.000
128.000	1.420	2.501	42043.458	0.000	10718882.000
128.000	1.430	2.501	32477.007	0.000	10718883.000
128.000	1.440	2.501	40456.304	0.000	10718884.000
128.000	1.450	2.501	40249.196	0.000	10718885.000
128.000	1.460	2.501	56043.060	0.000	10718886.000
128.000	1.470	2.501	43796.546	0.000	10718887.000
128.000	1.480	2.501	22284.268	0.000	10718888.000
128.000	1.490	2.501	52568.282	0.000	10718889.000
128.000	1.500	2.501	66983.943	0.000	10718890.000
128.000	1.510	2.501	32477.310	0.000	10718891.000
128.000	1.520	2.501	29080.439	0.000	10718892.000
128.000	1.530	2.501	60188.085	0.000	10718893.000
128.000	1.540	2.501	51551.354	0.000	10718894.000
128.000	1.550	2.501	55538.152	0.000	10718895.000
128.000	1.560	2.501	45397.794	0.000	10718896.000
128.000	1.570	2.501	54191.002	0.000	10718897.000
128.000	1.580	2.501	39320.427	0.000	10718898.000
128.000	1.590	2.501	44531.211	0.000	10718899.000
128.000	1.600	2.501	52116.776	0.000	10718900.000
128.000	1.610	2.501	58564.772	0.000	10718901.000
128.000	1.620	2.501	61531.032	0.000	10718902.000
128.000	1.630	2.501	74981.465	0.000	10718903.000
128.000	1.640	2.501	76568.854	0.000	10718904.000
128.000	1.650	2.501	52717.868	0.000	10718905.000
128.000	1.660	2.501	64640.586	0.000	10718906.000
128.000	1.670	2.501	77927.375	0.000	10718907.000
128.000	1.680	2.501	70548.188	0.000	10718908.000
128.000	1.690	2.501	84095.034	1.000	10718909.000
136.000	0.500	2.501	2739.860	0.000	10718910.000
136.000	0.510	2.501	3139.534	0.000	10718911.000
136.000	0.520	2.501	2677.222	0.000	10718912.000
136.000	0.530	2.501	2509.752	0.000	10718913.000
136.000	0.540	2.501	2706.766	0.000	10718914.000
136.000	0.550	2.501	2497.948	0.000	10718915.000
136.000	0.560	2.501	2702.564	0.000	10718916.000
136.000	0.570	2.501	2769.848	0.000	10718917.000
136.000	0.580	2.501	2495.096	0.000	10718918.000
136.000	0.590	2.501	2467.688	0.000	10718919.000
136.000	0.600	2.501	2924.325	0.000	10718920.000
136.000	0.610	2.501	2775.155	0.000	10718921.000
136.000	0.620	2.501	2480.380	0.000	10718922.000
136.000	0.630	2.501	2497.040	0.000	10718923.000
136.000	0.640	2.501	2555.529	0.000	10718924.000
136.000	0.650	2.501	2556.201	0.000	10718925.000
136.000	0.660	2.501	2827.947	0.000	10718926.000
136.000	0.670	2.501	2580.262	0.000	10718927.000
136.000	0.680	2.501	2590.321	0.000	10718928.000
136.000	0.690	2.501	2498.823	0.000	10718929.000
136.000	0.700	2.501	2495.920	0.000	10718930.000
136.000	0.710	2.501	2589.984	0.000	10718931.000
136.000	0.720	2.501	2567.870	0.000	10718932.000
136.000	0.730	2.501	2766.402	0.000	10718933.000
136.000	0.740	2.501	2544.827	0.000	10718934.000
136.000	0.750	2.501	2788.598	0.000	10718935.000
136.000	0.760	2.501	2683.954	0.000	10718936.000
136.000	0.770	2.501	3078.044	0.000	10718937.000
136.000	0.780	2.501	2492.104	0.000	10718938.000
136.000	0.790	2.501	2496.423	0.000	10718939.000
136.000	0.800	2.501	2504.784	0.000	10718940.000
136.000	0.810	2.501	3055.653	0.000	10718941.000
136.000	0.820	2.501	2502.681	0.000	10718942.000
136.000	0.830	2.501	2555.841	0.000	10718943.000
136.000	0.840	2.501	2529.164	0.000	10718944.000
136.000	0.850	2.501	2851.203	0.000	10718945.000
136.000	0.860	2.501	3040.398	0.000	10718946.000
136.000	0.870	2.501	2471.274	0.000	10718947.000
136.000	0.880	2.501	2429.701	0.000	10718948.000
136.000	0.890	2.501	2617.936	0.000	10718949.000
136.000	0.900	2.501	2488.699	0.000	10718950.000
136.000	0.910	2.501	2663.523	0.000	10718951.000
136.000	0.920	2.501	2556.888	0.000	10718952.000
136.000	0.930	2.501	2415.268	0.000	10718953.000
136.000	0.940	2.501	2719.220	0.000	10718954.000
136.000	0.950	2.501	3011.981	0.000	10718955.000
136.000	0.960	2.501	2474.387	0.000	10718956.000
136.000	0.970	2.501	2592.832	0.000	10718957.000
136.000	0.980	2.501	2550.445	0.000	10718958.000
136.000	0.990	2.501	2487.737	0.000	10718959.000
136.000	1.000	2.501	2618.378	0.000	10718960.000
136.000	1.010	2.501	2612.743	0.000	10718961.000
136.000	1.020	2.501	2572.496	0.000	10718962.000
136.000	1.030	2.501	2756.356	0.000	10718963.000
136.000	1.040	2.501	2672.477	0.000	10718964.000
136.000	1.050	2.501	2954.587	0.000	10718965.000
136.000	1.060	2.501	2840.125	0.000	10718966.000
136.000	1.070	2.501	2700.203	0.000	10718967.000
136.000	1.080	2.501	3028.301	0.000	10718968.000
136.000	1.090	2.501	2845.152	0.000	10718969.000
136.000	1.100	2.501	2788.995	0.000	10718970.000
136.000	1.110	2.501	2963.925	0.000	10718971.000
136.000	1.120	2.501	2980.768	0.000	10718972.000
136.000	1.130	2.501	3156.989	0.000	10718973.000
136.000	1.140	2.501	3149.763	0.000	10718974.000
136.000	1.150	2.501	3495.667	0.000	10718975.000
136.000	1.160	2.501	3171.763	0.000	10718976.000
136.000	1.170	2.501	14041.097	0.000	10718977.000
136.000	1.180	2.501	25847.217	0.000	10718978.000
136.000	1.190	2.501	28162.233	0.000	10718979.000
136.000	1.200	2.501	22469.722	0.000	10718980.000
136.000	1.210	2.501	21659.013	0.000	10718981.000
136.000	1.220	2.501	30185.589	0.000	10718982.000
136.000	1.230	2.501	38965.868	0.000	10718983.000
136.000	1.240	2.501	27874.640	0.000	10718984.000
136.000	1.250	2.501	31389.367	0.000	10718985.000
136.000	1.260	2.501	29576.048	0.000	10718986.000
136.000	1.270	2.501	37525.471	0.000	10718987.000
136.000	1.280	2.501	34155.749	0.000	10718988.000
136.000	1.290	2.501	33184.993	0.000	10718989.000
136.000	1.300	2.501	31496.949	0.000	10718990.000
136.000	1.310	2.501	38119.341	0.000	10718991.000
136.000	1.320	2.501	52279.489	0.000	10718992.000
136.000	1.330	2.501	37268.093	0.000	10718993.000
136.000	1.340	2.501	38002.467	0.000	10718994.000
136.000	1.350	2.501	59780.033	0.000	10718995.000
136.000	1.360	2.501	62774.207	0.000	10718996.000
136.000	1.370	2.501	46394.983	0.000	10718997.000
136.000	1.380	2.501	49621.235	0.000	10718998.000
136.000	1.390	2.501	49880.619	0.000	10718999.000
136.000	1.400	2.501	52377.763	0.000	10719000.000
136.000	1.410	2.501	51232.115	0.000	10719001.000
136.000	1.420	2.501	51548.302	0.000	10719002.000
136.000	1.430	2.501	80773.749	1.000	10719003.000
144.000	0.500	2.501	2558.723	0.000	10719004.000
144.000	0.510	2.501	2630.308	0.000	10719005.000
144.000	0.520	2.501	2558.033	0.000	10719006.000
144.000	0.530	2.501	2601.557	0.000	10719007.000
144.000	0.540	2.501	2788.823	0.000	10719008.000
144.000	0.550	2.501	2586.570	0.000	10719009.000
144.000	0.560	2.501	2720.951	0.000	10719010.000
144.000	0.570	2.501	3177.423	0.000	10719011.000
144.000	0.580	2.501	2567.865	0.000	10719012.000
144.000	0.590	2.501	2577.337	0.000	10719013.000
144.000	0.600	2.501	2573.789	0.000	10719014.000
144.000	0.610	2.501	2620.181	0.000	10719015.000
144.000	0.620	2.501	2666.529	0.000	10719016.000
144.000	0.630	2.501	3124.407	0.000	10719017.000
144.000	0.640	2.501	2644.754	0.000	10719018.000
144.000	0.650	2.501	2781.181	0.000	10719019.000
144.000	0.660	2.501	2806.199	0.000	10719020.000
144.000	0.670	2.501	3161.067	0.000	10719021.000
144.000	0.680	2.501	2740.297	0.000	10719022.000
144.000	0.690	2.501	3083.694	0.000	10719023.000
144.000	0.700	2.501	3183.513	0.000	10719024.000
144.000	0.710	2.501	2632.745	0.000	10719025.000
144.000	0.720	2.501	2802.554	0.000	10719026.000
144.000	0.730	2.501	2605.839	0.000	10719027.000
144.000	0.740	2.501	2709.974	0.000	10719028.000
144.000	0.750	2.501	3036.369	0.000	10719029.000
144.000	0.760	2.501	2725.186	0.000	10719030.000
144.000	0.770	2.501	2643.899	0.000	10719031.000
144.000	0.780	2.501	2631.928	0.000	10719032.000
144.000	0.790	2.501	3134.854	0.000	10719033.000
144.000	0.800	2.501	2696.690	0.000	10719034.000
144.000	0.810	2.501	2524.646	0.000	10719035.000
144.000	0.820	2.501	2559.332	0.000	10719036.000
144.000	0.830	2.501	3099.666	0.000	10719037.000
144.000	0.840	2.501	2545.617	0.000	10719038.000
144.000	0.850	2.501	2544.490	0.000	10719039.000
144.000	0.860	2.501	2439.580	0.000	10719040.000
144.000	0.870	2.501	2432.681	0.000	10719041.000
144.000	0.880	2.501	2460.308	0.000	10719042.000
144.000	0.890	2.501	2443.530	0.000	10719043.000
144.000	0.900	2.501	2430.915	0.000	10719044.000
144.000	0.910	2.501	2482.510	0.000	10719045.000
144.000	0.920	2.501	2518.747	0.000	10719046.000
144.000	0.930	2.501	2546.192	0.000	10719047.000
144.000	0.940	2.501	2476.679	0.000	10719048.000
144.000	0.950	2.501	2935.460	0.000	10719049.000
144.000	0.960	2.501	2815.996	0.000	10719050.000
144.000	0.970	2.501	2599.590	0.000	10719051.000
144.000	0.980	2.501	2476.699	0.000	10719052.000
144.000	0.990	2.501	2458.706	0.000	10719053.000
144.000	1.000	2.501	2502.556	0.000	10719054.000
144.000	1.010	2.501	2476.535	0.000	10719055.000
144.000	1.020	2.501	2438.719	0.000	10719056.000
144.000	1.030	2.501	2632.065	0.000	10719057.000
144.000	1.040	2.501	2523.196	0.000	10719058.000
144.000	1.050	2.501	2530.023	0.000	10719059.000
144.000	1.060	2.501	2565.085	0.000	10719060.000
144.000	1.070	2.501	2643.074	0.000	10719061.000
144.000	1.080	2.501	2892.448	0.000	10719062.000
144.000	1.090	2.501	2958.429	0.000	10719063.000
144.000	1.100	2.501	2704.753	0.000	10719064.000
144.000	1.110	2.501	3015.305	0.000	10719065.000
144.000	1.120	2.501	6665.424	0.000	10719066.000
144.000	1.130	2.501	10747.534	0.000	10719067.000
144.000	1.140	2.501	8921.070	0.000	10719068.000
144.000	1.150	2.501	9192.232	0.000	10719069.000
144.000	1.160	2.501	10874.272	0.000	10719070.000
144.000	1.170	2.501	18621.792	0.000	10719071.000
144.000	1.180	2.501	28013.868	0.000	10719072.000
144.000	1.190	2.501	34967.764	0.000	10719073.000
144.000	1.200	2.501	29771.978	0.000	10719074.000
144.000	1.210	2.501	32373.768	0.000	10719075.000
144.000	1.220	2.501	34504.266	0.000	10719076.000
144.000	1.230	2.501	27035.140	0.000	10719077.000
144.000	1.240	2.501	22537.477	0.000	10719078.000
144.000	1.250	2.501	16402.152	0.000	10719079.000
144.000	1.260	2.501	14374.001	0.000	10719080.000
144.000	1.270	2.501	6161.147	0.000	10719081.000
144.000	1.280	2.501	17139.813	0.000	10719082.000
144.000	1.290	2.501	23556.780	0.000	10719083.000
144.000	1.300	2.501	44352.020	0.000	10719084.000
144.000	1.310	2.501	54046.367	0.000	10719085.000
144.000	1.320	2.501	33047.396	0.000	10719086.000
144.000	1.330	2.501	23477.386	0.000	10719087.000
144.000	1.340	2.501	39775.303	0.000	10719088.000
144.000	1.350	2.501	55742.588	0.000	10719089.000
144.000	1.360	2.501	53439.366	0.000	10719090.000
144.000	1.370	2.501	41288.873	0.000	10719091.000
144.000	1.380	2.501	31227.824	0.000	10719092.000
144.000	1.390	2.501	57717.526	0.000	10719093.000
144.000	1.400	2.501	41908.387	0.000	10719094.000
144.000	1.410	2.501	28319.315	0.000	10719095.000
144.000	1.420	2.501	55151.206	0.000	10719096.000
144.000	1.430	2.501	28952.802	0.000	10719097.000
144.000	1.440	2.501	94215.646	1.000	10719098.000
104.000	0.500	2.501	6455.301	0.000	10719517.000
104.000	0.510	2.501	9317.098	0.000	10719518.000
104.000	0.520	2.501	8432.429	0.000	10719519.000
104.000	0.530	2.501	9942.208	0.000	10719520.000
104.000	0.540	2.501	10436.505	0.000	10719521.000
104.000	0.550	2.501	11153.480	0.000	10719522.000
104.000	0.560	2.501	13806.658	0.000	10719523.000
104.000	0.570	2.501	9748.229	0.000	10719524.000
104.000	0.580	2.501	14393.961	0.000	10719525.000
104.000	0.590	2.501	9488.375	0.000	10719526.000
104.000	0.600	2.501	9462.468	0.000	10719527.000
104.000	0.610	2.501	9596.714	0.000	10719528.000
104.000	0.620	2.501	13954.016	0.000	10719529.000
104.000	0.630	2.501	12500.903	0.000	10719530.000
104.000	0.640	2.501	11784.727	0.000	10719531.000
104.000	0.650	2.501	13469.529	0.000	10719532.000
104.000	0.660	2.501	22108.163	0.000	10719533.000
104.000	0.670	2.501	13211.312	0.000	10719534.000
104.000	0.680	2.501	19749.957	0.000	10719535.000
104.000	0.690	2.501	15114.408	0.000	10719536.000
104.000	0.700	2.501	15355.496	0.000	10719537.000
104.000	0.710	2.501	17607.714	0.000	10719538.000
104.000	0.720	2.501	18090.407	0.000	10719539.000
104.000	0.730	2.501	24293.874	0.000	10719540.000
104.000	0.740	2.501	17413.863	0.000	10719541.000
104.000	0.750	2.501	24518.593	0.000	10719542.000
104.000	0.760	2.501	19848.212	0.000	10719543.000
104.000	0.770	2.501	26352.353	0.000	10719544.000
104.000	0.780	2.501	22090.915	0.000	10719545.000
104.000	0.790	2.501	23779.044	0.000	10719546.000
104.000	0.800	2.501	23336.443	0.000	10719547.000
104.000	0.810	2.501	26387.891	0.000	10719548.000
104.000	0.820	2.501	20202.691	0.000	10719549.000
104.000	0.830	2.501	20145.317	0.000	10719550.000
104.000	0.840	2.501	20575.896	0.000	10719551.000
104.000	0.850	2.501	26833.934	0.000	10719552.000
104.000	0.860	2.501	29764.091	0.000	10719553.000
104.000	0.870	2.501	36575.385	0.000	10719554.000
104.000	0.880	2.501	34640.849	0.000	10719555.000
104.000	0.890	2.501	26475.548	0.000	10719556.000
104.000	0.900	2.501	48550.497	0.000	10719557.000
104.000	0.910	2.501	49450.742	0.000	10719558.000
104.000	0.920	2.501	47172.903	0.000	10719559.000
104.000	0.930	2.501	38745.235	0.000	10719560.000
104.000	0.940	2.501	55315.876	0.000	10719561.000
104.000	0.950	2.501	57326.137	0.000	10719562.000
104.000	0.960	2.501	54655.307	0.000	10719563.000
104.000	0.970	2.501	59009.286	0.000	10719564.000
104.000	0.980	2.501	37594.734	0.000	10719565.000
104.000	0.990	2.501	38428.891	0.000	10719566.000
104.000	1.000	2.501	42159.490	0.000	10719567.000
104.000	1.010	2.501	43875.441	0.000	10719568.000
104.000	1.020	2.501	43072.941	0.000	10719569.000
104.000	1.030	2.501	50144.895	0.000	10719570.000
104.000	1.040	2.501	52957.535	0.000	10719571.000
104.000	1.050	2.501	32316.096	0.000	10719572.000
104.000	1.060	2.501	50881.103	0.000	10719573.000
104.000	1.070	2.501	77191.641	0.000	10719574.000
104.000	1.080	2.501	64365.835	0.000	10719575.000
104.000	1.090	2.501	62898.907	0.000	10719576.000
104.000	1.100	2.501	49445.828	0.000	10719577.000
104.000	1.110	2.501	81153.922	1.000	10719578.000
112.000	0.500	2.501	7532.330	0.000	10719579.000
112.000	0.510	2.501	8373.315	0.000	10719580.000
112.000	0.520	2.501	7541.806	0.000	10719581.000
112.000	0.530	2.501	7713.882	0.000	10719582.000
112.000	0.540	2.501	7349.328	0.000	10719583.000
112.000	0.550	2.501	7408.009	0.000	10719584.000
112.000	0.560	2.501	7948.326	0.000	10719585.000
112.000	0.570	2.501	7132.457	0.000	10719586.000
112.000	0.580	2.501	7075.730	0.000	10719587.000
112.000	0.590	2.501	7636.405	0.000	10719588.000
112.000	0.600	2.501	8840.258	0.000	10719589.000
112.000	0.610	2.501	9340.786	0.000	10719590.000
112.000	0.620	2.501	8558.072	0.000	10719591.000
112.000	0.630	2.501	8249.091	0.000	10719592.000
112.000	0.640	2.501	10339.163	0.000	10719593.000
112.000	0.650	2.501	9685.905	0.000	10719594.000
112.000	0.660	2.501	11312.880	0.000	10719595.000
112.000	0.670	2.501	12158.174	0.000	10719596.000
112.000	0.680	2.501	12204.269	0.000	10719597.000
112.000	0.690	2.501	12542.770	0.000	10719598.000
112.000	0.700	2.501	15419.670	0.000	10719599.000
112.000	0.710	2.501	15096.458	0.000	10719600.000
112.000	0.720	2.501	13360.457	0.000	10719601.000
112.000	0.730	2.501	10200.660	0.000	10719602.000
112.000	0.740	2.501	12043.403	0.000	10719603.000
112.000	0.750	2.501	15240.531	0.000	10719604.000
112.000	0.760	2.501	18414.352	0.000	10719605.000
112.000	0.770	2.501	19160.432	0.000	10719606.000
112.000	0.780	2.501	16360.163	0.000	10719607.000
112.000	0.790	2.501	15390.712	0.000	10719608.000
112.000	0.800	2.501	24361.504	0.000	10719609.000
112.000	0.810	2.501	18567.293	0.000	10719610.000
112.000	0.820	2.501	15514.179	0.000	10719611.000
112.000	0.830	2.501	17935.950	0.000	10719612.000
112.000	0.840	2.501	16327.721	0.000	10719613.000
112.000	0.850	2.501	26863.530	0.000	10719614.000
112.000	0.860	2.501	15909.613	0.000	10719615.000
112.000	0.870	2.501	36910.665	0.000	10719616.000
112.000	0.880	2.501	27205.132	0.000	10719617.000
112.000	0.890	2.501	15563.955	0.000	10719618.000
112.000	0.900	2.501	17502.157	0.000	10719619.000
112.000	0.910	2.501	21044.847	0.000	10719620.000
112.000	0.920	2.501	20826.766	0.000	10719621.000
112.000	0.930	2.501	27892.722	0.000	10719622.000
112.000	0.940	2.501	20506.722	0.000	10719623.000
112.000	0.950	2.501	18288.557	0.000	10719624.000
112.000	0.960	2.501	30740.264	0.000	10719625.000
112.000	0.970	2.501	31619.044	0.000	10719626.000
112.000	0.980	2.501	28354.126	0.000	10719627.000
112.000	0.990	2.501	27071.072	0.000	10719628.000
112.000	1.000	2.501	35134.964	0.000	10719629.000
112.000	1.010	2.501	27309.869	0.000	10719630.000
112.000	1.020	2.501	21681.529	0.000	10719631.000
112.000	1.030	2.501	20487.181	0.000	10719632.000
112.000	1.040	2.501	29013.096	0.000	10719633.000
112.000	1.050	2.501	46553.734	0.000	10719634.000
112.000	1.060	2.501	28462.566	0.000	10719635.000
112.000	1.070	2.501	23126.638	0.000	10719636.000
112.000	1.080	2.501	40220.379	0.000	10719637.000
112.000	1.090	2.501	32141.340	0.000	10719638.000
112.000	1.100	2.501	30184.019	0.000	10719639.000
112.000	1.110	2.501	26683.860	0.000	10719640.000
112.000	1.120	2.501	29918.003	0.000	10719641.000
112.000	1.130	2.501	21719.115	0.000	10719642.000
112.000	1.140	2.501	22556.451	0.000	10719643.000
112.000	1.150	2.501	25414.007	0.000	10719644.000
112.000	1.160	2.501	40468.056	0.000	10719645.000
112.000	1.170	2.501	22563.611	0.000	10719646.000
112.000	1.180	2.501	62546.494	0.000	10719647.000
112.000	1.190	2.501	28499.596	0.000	10719648.000
112.000	1.200	2.501	46339.429	0.000	10719649.000
112.000	1.210	2.501	38102.243	0.000	10719650.000
112.000	1.220	2.501	23140.005	0.000	10719651.000
112.000	1.230	2.501	36193.785	0.000	10719652.000
112.000	1.240	2.501	47941.695	0.000	10719653.000
112.000	1.250	2.501	53221.339	0.000	10719654.000
112.000	1.260	2.501	62160.267	0.000	10719655.000
112.000	1.270	2.501	86001.235	1.000	10719656.000
120.000	0.500	2.501	4940.725	0.000	10719657.000
120.000	0.510	2.501	5463.182	0.000	10719658.000
120.000	0.520	2.501	5890.530	0.000	10719659.000
120.000	0.530	2.501	5454.788	0.000	10719660.000
120.000	0.540	2.501	5822.106	0.000	10719661.000
120.000	0.550	2.501	5442.208	0.000	10719662.000
120.000	0.560	2.501	5691.453	0.000	10719663.000
120.000	0.570	2.501	5581.182	0.000	10719664.000
120.000	0.580	2.501	5706.064	0.000	10719665.000
120.000	0.590	2.501	5788.174	0.000	10719666.000
120.000	0.600	2.501	6135.068	0.000	10719667.000
120.000	0.610	2.501	6097.221	0.000	10719668.000
120.000	0.620	2.501	6724.077	0.000	10719669.000
120.000	0.630	2.501	8904.580	0.000	10719670.000
120.000	0.640	2.501	9909.593	0.000	10719671.000
120.000	0.650	2.501	8296.051	0.000	10719672.000
120.000	0.660	2.501	16171.102	0.000	10719673.000
120.000	0.670	2.501	21497.523	0.000	10719674.000
120.000	0.680	2.501	18701.583	0.000	10719675.000
120.000	0.690	2.501	15144.310	0.000	10719676.000
120.000	0.700	2.501	16182.221	0.000	10719677.000
120.000	0.710	2.501	13379.600	0.000	10719678.000
120.000	0.720	2.501	26543.746	0.000	10719679.000
120.000	0.730	2.501	18373.844	0.000	10719680.000
120.000	0.740	2.501	34394.211	0.000	10719681.000
120.000	0.750	2.501	33563.298	0.000	10719682.000
120.000	0.760	2.501	33889.216	0.000	10719683.000
120.000	0.770	2.501	33577.859	0.000	10719684.000
120.000	0.780	2.501	30183.235	0.000	10719685.000
120.000	0.790	2.501	36077.191	0.000	10719686.000
120.000	0.800	2.501	33598.913	0.000	10719687.000
120.000	0.810	2.501	27824.314	0.000	10719688.000
120.000	0.820	2.501	25727.507	0.000	10719689.000
120.000	0.830	2.501	28057.422	0.000	10719690.000
120.000	0.840	2.501	29999.950	0.000	10719691.000
120.000	0.850	2.501	31122.348	0.000	10719692.000
120.000	0.860	2.501	31818.353	0.000	10719693.000
120.000	0.870	2.501	31733.702	0.000	10719694.000
120.000	0.880	2.501	33507.760	0.000	10719695.000
120.000	0.890	2.501	28352.280	0.000	10719696.000
120.000	0.900	2.501	38774.566	0.000	10719697.000
120.000	0.910	2.501	36931.016	0.000	10719698.000
120.000	0.920	2.501	33385.390	0.000	10719699.000
120.000	0.930	2.501	37163.113	0.000	10719700.000
120.000	0.940	2.501	28784.590	0.000	10719701.000
120.000	0.950	2.501	40051.104	0.000	10719702.000
120.000	0.960	2.501	29135.903	0.000	10719703.000
120.000	0.970	2.501	37619.098	0.000	10719704.000
120.000	0.980	2.501	57133.363	0.000	10719705.000
120.000	0.990	2.501	61541.905	0.000	10719706.000
120.000	1.000	2.501	60954.919	0.000	10719707.000
120.000	1.010	2.501	55291.288	0.000	10719708.000
120.000	1.020	2.501	55506.289	0.000	10719709.000
120.000	1.030	2.501	57508.819	0.000	10719710.000
120.000	1.040	2.501	53452.488	0.000	10719711.000
120.000	1.050	2.501	57846.937	0.000	10719712.000
120.000	1.060	2.501	54836.011	0.000	10719713.000
120.000	1.070	2.501	56336.764	0.000	10719714.000
120.000	1.080	2.501	53926.705	0.000	10719715.000
120.000	1.090	2.501	58233.809	0.000	10719716.000
120.000	1.100	2.501	49824.962	0.000	10719717.000
120.000	1.110	2.501	59740.045	0.000	10719718.000
120.000	1.120	2.501	64646.585	0.000	10719719.000
120.000	1.130	2.501	42921.662	0.000	10719720.000
120.000	1.140	2.501	48866.561	0.000	10719721.000
120.000	1.150	2.501	65136.222	0.000	10719722.000
120.000	1.160	2.501	66387.696	0.000	10719723.000
120.000	1.170	2.501	81480.467	1.000	10719724.000
128.000	0.500	2.501	3073.091	0.000	10719725.000
128.000	0.510	2.501	3109.615	0.000	10719726.000
128.000	0.520	2.501	3188.301	0.000	10719727.000
128.000	0.530	2.501	3082.766	0.000	10719728.000
128.000	0.540	2.501	3221.319	0.000	10719729.000
128.000	0.550	2.501	3203.786	0.000	10719730.000
128.000	0.560	2.501	3174.403	0.000	10719731.000
128.000	0.570	2.501	3221.757	0.000	10719732.000
128.000	0.580	2.501	3241.918	0.000	10719733.000
128.000	0.590	2.501	3250.735	0.000	10719734.000
128.000	0.600	2.501	3570.074	0.000	10719735.000
128.000	0.610	2.501	3498.382	0.000	10719736.000
128.000	0.620	2.501	3353.664	0.000	10719737.000
128.000	0.630	2.501	3546.175	0.000	10719738.000
128.000	0.640	2.501	3649.479	0.000	10719739.000
128.000	0.650	2.501	3933.375	0.000	10719740.000
128.000	0.660	2.501	3825.794	0.000	10719741.000
128.000	0.670	2.501	4264.059	0.000	10719742.000
128.000	0.680	2.501	5870.197	0.000	10719743.000
128.000	0.690	2.501	6102.680	0.000	10719744.000
128.000	0.700	2.501	6567.925	0.000	10719745.000
128.000	0.710	2.501	7441.293	0.000	10719746.000
128.000	0.720	2.501	7433.559	0.000	10719747.000
128.000	0.730	2.501	7828.328	0.000	10719748.000
128.000	0.740	2.501	6958.441	0.000	10719749.000
128.000	0.750	2.501	7655.943	0.000	10719750.000
128.000	0.760	2.501	12290.270	0.000	10719751.000
128.000	0.770	2.501	13721.155	0.000	10719752.000
128.000	0.780	2.501	12832.710	0.000	10719753.000
128.000	0.790	2.501	17156.614	0.000	10719754.000
128.000	0.800	2.501	28164.055	0.000	10719755.000
128.000	0.810	2.501	30708.554	0.000	10719756.000
128.000	0.820	2.501	19444.431	0.000	10719757.000
128.000	0.830	2.501	23808.628	0.000	10719758.000
128.000	0.840	2.501	33329.801	0.000	10719759.000
128.000	0.850	2.501	34181.224	0.000	10719760.000
128.000	0.860	2.501	30030.213	0.000	10719761.000
128.000	0.870	2.501	30110.954	0.000	10719762.000
128.000	0.880	2.501	28406.852	0.000	10719763.000
128.000	0.890	2.501	29455.239	0.000	10719764.000
128.000	0.900	2.501	28783.163	0.000	10719765.000
128.000	0.910	2.501	20033.730	0.000	10719766.000
128.000	0.920	2.501	21119.626	0.000	10719767.000
128.000	0.930	2.501	23051.485	0.000	10719768.000
128.000	0.940	2.501	21461.625	0.000	10719769.000
128.000	0.950	2.501	25500.155	0.000	10719770.000
128.000	0.960	2.501	26273.237	0.000	10719771.000
128.000	0.970	2.501	25614.739	0.000	10719772.000
128.000	0.980	2.501	26682.020	0.000	10719773.000
128.000	0.990	2.501	31719.541	0.000	10719774.000
128.000	1.000	2.501	29444.034	0.000	10719775.000
128.000	1.010	2.501	30145.877	0.000	10719776.000
128.000	1.020	2.501	25373.091	0.000	10719777.000
128.000	1.030	2.501	30316.698	0.000	10719778.000
128.000	1.040	2.501	23775.311	0.000	10719779.000
128.000	1.050	2.501	25903.541	0.000	10719780.000
128.000	1.060	2.501	31569.177	0.000	10719781.000
128.000	1.070	2.501	32037.862	0.000	10719782.000
128.000	1.080	2.501	31543.731	0.000	10719783.000
128.000	1.090	2.501	25644.915	0.000	10719784.000
128.000	1.100	2.501	35212.756	0.000	10719785.000
128.000	1.110	2.501	35823.751	0.000	10719786.000
128.000	1.120	2.501	31225.865	0.000	10719787.000
128.000	1.130	2.501	35288.033	0.000	10719788.000
128.000	1.140	2.501	32042.283	0.000	10719789.000
128.000	1.150	2.501	35605.485	0.000	10719790.000
128.000	1.160	2.501	37053.993	0.000	10719791.000
128.000	1.170	2.501	38585.987	0.000	10719792.000
128.000	1.180	2.501	48169.114	0.000	10719793.000
128.000	1.190	2.501	38381.462	0.000	10719794.000
128.000	1.200	2.501	49770.139	0.000	10719795.000
128.000	1.210	2.501	45151.793	0.000	10719796.000
128.000	1.220	2.501	39835.352	0.000	10719797.000
128.000	1.230	2.501	49531.615	0.000	10719798.000
128.000	1.240	2.501	46450.050	0.000	10719799.000
128.000	1.250	2.501	55084.044	0.000	10719800.000
128.000	1.260	2.501	32484.883	0.000	10719801.000
128.000	1.270	2.501	57606.789	0.000	10719802.000
128.000	1.280	2.501	45255.634	0.000	10719803.000
128.000	1.290	2.501	59732.873	0.000	10719804.000
128.000	1.300	2.501	53713.803	0.000	10719805.000
128.000	1.310	2.501	43363.057	0.000	10719806.000
128.000	1.320	2.501	46862.534	0.000	10719807.000
128.000	1.330	2.501	47590.579	0.000	10719808.000
128.000	1.340	2.501	40862.116	0.000	10719809.000
128.000	1.350	2.501	51808.236	0.000	10719810.000
128.000	1.360	2.501	46952.240	0.000	10719811.000
128.000	1.370	2.501	43394.393	0.000	10719812.000
128.000	1.380	2.501	53486.142	0.000	10719813.000
128.000	1.390	2.501	63155.526	0.000	10719814.000
128.000	1.400	2.501	60770.926	0.000	10719815.000
128.000	1.410	2.501	53253.075	0.000	10719816.000
128.000	1.420	2.501	49847.780	0.000	10719817.000
128.000	1.430	2.501	51413.618	0.000	10719818.000
128.000	1.440	2.501	78663.054	0.000	10719819.000
128.000	1.450	2.501	79745.490	0.000	10719820.000
128.000	1.460	2.501	71521.706	0.000	10719821.000
128.000	1.470	2.501	72152.885	0.000	10719822.000
128.000	1.480	2.501	94945.044	1.000	10719823.000
136.000	0.500	2.501	7840.188	0.000	10719824.000
136.000	0.510	2.501	10102.401	0.000	10719825.000
136.000	0.520	2.501	10485.171	0.000	10719826.000
136.000	0.530	2.501	13503.316	0.000	10719827.000
136.000	0.540	2.501	13654.292	0.000	10719828.000
136.000	0.550	2.501	17495.387	0.000	10719829.000
136.000	0.560	2.501	14187.111	0.000	10719830.000
136.000	0.570	2.501	14479.892	0.000	10719831.000
136.000	0.580	2.501	18324.832	0.000	10719832.000
136.000	0.590	2.501	14391.106	0.000	10719833.000
136.000	0.600	2.501	16513.122	0.000	10719834.000
136.000	0.610	2.501	28306.426	0.000	10719835.000
136.000	0.620	2.501	30127.884	0.000	10719836.000
136.000	0.630	2.501	28715.057	0.000	10719837.000
136.000	0.640	2.501	18527.982	0.000	10719838.000
136.000	0.650	2.501	30683.665	0.000	10719839.000
136.000	0.660	2.501	23395.383	0.000	10719840.000
136.000	0.670	2.501	24697.320	0.000	10719841.000
136.000	0.680	2.501	34846.368	0.000	10719842.000
136.000	0.690	2.501	21305.400	0.000	10719843.000
136.000	0.700	2.501	26329.444	0.000	10719844.000
136.000	0.710	2.501	29951.192	0.000	10719845.000
136.000	0.720	2.501	29088.940	0.000	10719846.000
136.000	0.730	2.501	28796.251	0.000	10719847.000
136.000	0.740	2.501	35318.091	0.000	10719848.000
136.000	0.750	2.501	33817.484	0.000	10719849.000
136.000	0.760	2.501	34089.224	0.000	10719850.000
136.000	0.770	2.501	30700.163	0.000	10719851.000
136.000	0.780	2.501	37633.324	0.000	10719852.000
136.000	0.790	2.501	36190.025	0.000	10719853.000
136.000	0.800	2.501	39343.524	0.000	10719854.000
136.000	0.810	2.501	36821.306	0.000	10719855.000
136.000	0.820	2.501	36487.640	0.000	10719856.000
136.000	0.830	2.501	34906.436	0.000	10719857.000
136.000	0.840	2.501	36010.051	0.000	10719858.000
136.000	0.850	2.501	37819.253	0.000	10719859.000
136.000	0.860	2.501	50793.544	0.000	10719860.000
136.000	0.870	2.501	51930.283	0.000	10719861.000
136.000	0.880	2.501	50658.349	0.000	10719862.000
136.000	0.890	2.501	45218.619	0.000	10719863.000
136.000	0.900	2.501	51443.233	0.000	10719864.000
136.000	0.910	2.501	43626.486	0.000	10719865.000
136.000	0.920	2.501	47954.896	0.000	10719866.000
136.000	0.930	2.501	36549.285	0.000	10719867.000
136.000	0.940	2.501	48097.274	0.000	10719868.000
136.000	0.950	2.501	43970.158	0.000	10719869.000
136.000	0.960	2.501	43298.369	0.000	10719870.000
136.000	0.970	2.501	53887.491	0.000	10719871.000
136.000	0.980	2.501	54441.730	0.000	10719872.000
136.000	0.990	2.501	48984.770	0.000	10719873.000
136.000	1.000	2.501	41004.511	0.000	10719874.000
136.000	1.010	2.501	41770.173	0.000	10719875.000
136.000	1.020	2.501	43856.657	0.000	10719876.000
136.000	1.030	2.501	38706.483	0.000	10719877.000
136.000	1.040	2.501	50534.867	0.000	10719878.000
136.000	1.050	2.501	44602.494	0.000	10719879.000
136.000	1.060	2.501	60455.532	0.000	10719880.000
136.000	1.070	2.501	44779.112	0.000	10719881.000
136.000	1.080	2.501	47840.942	0.000	10719882.000
136.000	1.090	2.501	39709.095	0.000	10719883.000
136.000	1.100	2.501	38746.528	0.000	10719884.000
136.000	1.110	2.501	50421.473	0.000	10719885.000
136.000	1.120	2.501	40266.878	0.000	10719886.000
136.000	1.130	2.501	59177.723	0.000	10719887.000
136.000	1.140	2.501	35013.110	0.000	10719888.000
136.000	1.150	2.501	37378.079	0.000	10719889.000
136.000	1.160	2.501	38530.069	0.000	10719890.000
136.000	1.170	2.501	36740.903	0.000	10719891.000
136.000	1.180	2.501	36831.040	0.000	10719892.000
136.000	1.190	2.501	54262.765	0.000	10719893.000
136.000	1.200	2.501	57618.225	0.000	10719894.000
136.000	1.210	2.501	56706.405	0.000	10719895.000
136.000	1.220	2.501	51702.107	0.000	10719896.000
136.000	1.230	2.501	47888.302	0.000	10719897.000
136.000	1.240	2.501	53404.132	0.000	10719898.000
136.000	1.250	2.501	46940.850	0.000	10719899.000
136.000	1.260	2.501	52392.733	0.000	10719900.000
136.000	1.270	2.501	58219.208	0.000	10719901.000
136.000	1.280	2.501	39598.937	0.000	10719902.000
136.000	1.290	2.501	62530.774	0.000	10719903.000
136.000	1.300	2.501	59999.381	0.000	10719904.000
136.000	1.310	2.501	50765.411	0.000	10719905.000
136.000	1.320	2.501	36051.051	0.000	10719906.000
136.000	1.330	2.501	36270.298	0.000	10719907.000
136.000	1.340	2.501	39388.462	0.000	10719908.000
136.000	1.350	2.501	52099.625	0.000	10719909.000
136.000	1.360	2.501	39492.972	0.000	10719910.000
136.000	1.370	2.501	45111.441	0.000	10719911.000
136.000	1.380	2.501	52114.436	0.000	10719912.000
136.000	1.390	2.501	51848.340	0.000	10719913.000
136.000	1.400	2.501	48156.460	0.000	10719914.000
136.000	1.410	2.501	52123.795	0.000	10719915.000
136.000	1.420	2.501	67217.926	0.000	10719916.000
136.000	1.430	2.501	50738.049	0.000	10719917.000
136.000	1.440	2.501	61801.801	0.000	10719918.000
136.000	1.450	2.501	68793.855	0.000	10719919.000
136.000	1.460	2.501	71726.437	0.000	10719920.000
136.000	1.470	2.501	57525.916	0.000	10719921.000
136.000	1.480	2.501	60477.576	0.000	10719922.000
136.000	1.490	2.501	80529.098	1.000	10719923.000
144.000	0.500	2.501	4156.694	0.000	10719924.000
144.000	0.510	2.501	4784.305	0.000	10719925.000
144.000	0.520	2.501	4936.398	0.000	10719926.000
144.000	0.530	2.501	4638.454	0.000	10719927.000
144.000	0.540	2.501	4676.338	0.000	10719928.000
144.000	0.550	2.501	4738.907	0.000	10719929.000
144.000	0.560	2.501	5519.176	0.000	10719930.000
144.000	0.570	2.501	5952.584	0.000	10719931.000
144.000	0.580	2.501	6326.669	0.000	10719932.000
144.000	0.590	2.501	5549.073	0.000	10719933.000
144.000	0.600	2.501	5889.862	0.000	10719934.000
144.000	0.610	2.501	6698.614	0.000	10719935.000
144.000	0.620	2.501	7135.394	0.000	10719936.000
144.000	0.630	2.501	7129.581	0.000	10719937.000
144.000	0.640	2.501	16560.073	0.000	10719938.000
144.000	0.650	2.501	9319.915	0.000	10719939.000
144.000	0.660	2.501	22581.019	0.000	10719940.000
144.000	0.670	2.501	20892.478	0.000	10719941.000
144.000	0.680	2.501	13496.043	0.000	10719942.000
144.000	0.690	2.501	15423.630	0.000	10719943.000
144.000	0.700	2.501	15093.449	0.000	10719944.000
144.000	0.710	2.501	15912.593	0.000	10719945.000
144.000	0.720	2.501	15759.306	0.000	10719946.000
144.000	0.730	2.501	25733.590	0.000	10719947.000
144.000	0.740	2.501	21517.312	0.000	10719948.000
144.000	0.750	2.501	25785.791	0.000	10719949.000
144.000	0.760	2.501	24433.281	0.000	10719950.000
144.000	0.770	2.501	26922.503	0.000	10719951.000
144.000	0.780	2.501	26917.093	0.000	10719952.000
144.000	0.790	2.501	26140.137	0.000	10719953.000
144.000	0.800	2.501	26500.123	0.000	10719954.000
144.000	0.810	2.501	27552.699	0.000	10719955.000
144.000	0.820	2.501	29040.432	0.000	10719956.000
144.000	0.830	2.501	20119.716	0.000	10719957.000
144.000	0.840	2.501	26844.689	0.000	10719958.000
144.000	0.850	2.501	24343.115	0.000	10719959.000
144.000	0.860	2.501	23788.139	0.000	10719960.000
144.000	0.870	2.501	20220.284	0.000	10719961.000
144.000	0.880	2.501	24891.473	0.000	10719962.000
144.000	0.890	2.501	21796.589	0.000	10719963.000
144.000	0.900	2.501	23942.177	0.000	10719964.000
144.000	0.910	2.501	25492.130	0.000	10719965.000
144.000	0.920	2.501	19372.402	0.000	10719966.000
144.000	0.930	2.501	17121.361	0.000	10719967.000
144.000	0.940	2.501	20268.410	0.000	10719968.000
144.000	0.950	2.501	20643.335	0.000	10719969.000
144.000	0.960	2.501	21666.288	0.000	10719970.000
144.000	0.970	2.501	29537.171	0.000	10719971.000
144.000	0.980	2.501	29440.549	0.000	10719972.000
144.000	0.990	2.501	26667.720	0.000	10719973.000
144.000	1.000	2.501	29725.480	0.000	10719974.000
144.000	1.010	2.501	27877.094	0.000	10719975.000
144.000	1.020	2.501	28687.149	0.000	10719976.000
144.000	1.030	2.501	29724.972	0.000	10719977.000
144.000	1.040	2.501	29264.180	0.000	10719978.000
144.000	1.050	2.501	24221.734	0.000	10719979.000
144.000	1.060	2.501	23497.185	0.000	10719980.000
144.000	1.070	2.501	30397.132	0.000	10719981.000
144.000	1.080	2.501	30011.841	0.000	10719982.000
144.000	1.090	2.501	31518.041	0.000	10719983.000
144.000	1.100	2.501	34306.806	0.000	10719984.000
144.000	1.110	2.501	27525.915	0.000	10719985.000
144.000	1.120	2.501	28075.515	0.000	10719986.000
144.000	1.130	2.501	29493.401	0.000	10719987.000
144.000	1.140	2.501	22502.676	0.000	10719988.000
144.000	1.150	2.501	31602.978	0.000	10719989.000
144.000	1.160	2.501	28901.149	0.000	10719990.000
144.000	1.170	2.501	29825.772	0.000	10719991.000
144.000	1.180	2.501	26994.072	0.000	10719992.000
144.000	1.190	2.501	32237.430	0.000	10719993.000
144.000	1.200	2.501	34931.292	0.000	10719994.000
144.000	1.210	2.501	29321.089	0.000	10719995.000
144.000	1.220	2.501	29513.894	0.000	10719996.000
144.000	1.230	2.501	55003.144	0.000	10719997.000
144.000	1.240	2.501	38276.014	0.000	10719998.000
144.000	1.250	2.501	35180.035	0.000	10719999.000
144.000	1.260	2.501	33257.239	0.000	10720000.000
144.000	1.270	2.501	27138.148	0.000	10720001.000
144.000	1.280	2.501	34237.336	0.000	10720002.000
144.000	1.290	2.501	23803.096	0.000	10720003.000
144.000	1.300	2.501	36382.064	0.000	10720004.000
144.000	1.310	2.501	50064.167	0.000	10720005.000
144.000	1.320	2.501	47913.995	0.000	10720006.000
144.000	1.330	2.501	48767.350	0.000	10720007.000
144.000	1.340	2.501	48832.305	0.000	10720008.000
144.000	1.350	2.501	47919.269	0.000	10720009.000
144.000	1.360	2.501	29304.067	0.000	10720010.000
144.000	1.370	2.501	54635.588	0.000	10720011.000
144.000	1.380	2.501	27183.898	0.000	10720012.000
144.000	1.390	2.501	45068.828	0.000	10720013.000
144.000	1.400	2.501	42474.136	0.000	10720014.000
144.000	1.410	2.501	47649.175	0.000	10720015.000
144.000	1.420	2.501	46212.158	0.000	10720016.000
144.000	1.430	2.501	54554.290	0.000	10720017.000
144.000	1.440	2.501	45037.941	0.000	10720018.000
144.000	1.450	2.501	45019.894	0.000	10720019.000
144.000	1.460	2.501	51461.475	0.000	10720020.000
144.000	1.470	2.501	44265.214	0.000	10720021.000
144.000	1.480	2.501	46734.259	0.000	10720022.000
144.000	1.490	2.501	52891.590	0.000	10720023.000
144.000	1.500	2.501	51306.829	0.000	10720024.000
144.000	1.510	2.501	54476.642	0.000	10720025.000
144.000	1.520	2.501	53516.550	0.000	10720026.000
144.000	1.530	2.501	55360.716	0.000	10720027.000
144.000	1.540	2.501	35839.602	0.000	10720028.000
144.000	1.550	2.501	62209.118	0.000	10720029.000
144.000	1.560	2.501	54199.435	0.000	10720030.000
144.000	1.570	2.501	51677.559	0.000	10720031.000
144.000	1.580	2.501	49614.167	0.000	10720032.000
144.000	1.590	2.501	46814.034	0.000	10720033.000
144.000	1.600	2.501	48934.530	0.000	10720034.000
144.000	1.610	2.501	61487.582	0.000	10720035.000
144.000	1.620	2.501	67532.023	0.000	10720036.000
144.000	1.630	2.501	40270.137	0.000	10720037.000
144.000	1.640	2.501	81237.208	1.000	10720038.000
