0.000	9900.635
2.000	9770.955
4.000	8179.409
6.000	9206.349
8.000	9672.563
10.000	9405.029
12.000	3797.227
14.000	5521.967
16.000	6055.791
18.000	6841.334
20.000	3707.316
22.000	3754.505
24.000	9634.010
26.000	9686.794
28.000	4369.254
30.000	3662.346
32.000	4289.972
34.000	4747.291
36.000	5542.212
38.000	5559.755
40.000	8360.151
42.000	7392.553
44.000	7765.928
46.000	3989.252
48.000	4743.496
50.000	5159.588
52.000	6867.057
54.000	6076.467
56.000	9544.878
58.000	9945.984
60.000	5926.422
62.000	5803.016
64.000	5679.508
66.000	4572.145
68.000	4164.173
70.000	4595.188
72.000	7729.700
74.000	5869.762
76.000	4912.738
78.000	5500.853
80.000	9039.851
82.000	6215.284
84.000	5075.794
86.000	8911.210
88.000	9256.236
90.000	9224.905
92.000	8642.570
94.000	7200.685
96.000	4921.067
98.000	4541.526
100.000	9001.094
102.000	5981.792
104.000	4983.509
106.000	4751.093
108.000	9608.363
110.000	5553.328
112.000	7106.727
114.000	9443.201
116.000	9120.811
118.000	9681.436
120.000	7082.809
122.000	7264.015
124.000	9850.151
126.000	5541.383
128.000	4908.210
130.000	5528.067
132.000	7397.624
134.000	5627.596
136.000	8095.286
138.000	8656.941
140.000	4646.350
142.000	6250.429
144.000	8285.788
146.000	9414.002
148.000	9634.329
150.000	4033.814
152.000	8554.562
154.000	9183.192
156.000	4385.577
158.000	4025.748
160.000	6269.319
162.000	4894.141
164.000	5478.780
166.000	5188.642
168.000	7164.220
170.000	7886.469
172.000	9460.386
174.000	6350.965
176.000	8799.942
178.000	5440.814
180.000	6362.543
182.000	6911.233
184.000	8593.186
186.000	5626.142
188.000	5569.419
190.000	4221.212
192.000	9712.266
194.000	7300.848
196.000	4996.563
198.000	4946.662
200.000	4735.802
202.000	8877.187
204.000	4816.046
206.000	8899.074
208.000	4437.038
210.000	6552.628
212.000	4316.096
214.000	4471.455
216.000	6941.494
218.000	5133.542
220.000	9955.479
222.000	9167.070
224.000	7724.472
226.000	9881.759
228.000	8804.636
230.000	5101.443
232.000	9568.162
234.000	4074.386
236.000	3923.958
238.000	5947.421
240.000	3768.084
242.000	6629.129
244.000	4183.766
246.000	8951.081
248.000	9952.066
250.000	8978.725
252.000	9913.288
254.000	8304.755
256.000	8976.804
258.000	9561.753
260.000	6190.550
262.000	8737.709
264.000	8165.641
266.000	6083.961
268.000	8988.040
270.000	9254.023
272.000	4685.276
274.000	7693.792
276.000	9502.328
278.000	9268.478
280.000	8224.489
282.000	9969.471
284.000	4784.791
286.000	5144.817
288.000	8863.632
290.000	5612.045
292.000	4871.265
294.000	4773.944
296.000	7816.558
298.000	3730.366
300.000	5818.099
302.000	4782.262
304.000	4692.864
306.000	4398.004
308.000	4590.210
310.000	5264.011
312.000	3334.662
314.000	5241.442
316.000	3639.472
318.000	8782.988
320.000	9425.466
322.000	4109.717
324.000	8256.698
326.000	9714.514
328.000	7720.602
330.000	7131.070
332.000	4366.209
334.000	9077.666
336.000	8839.741
338.000	9374.349
340.000	3858.304
342.000	7971.739
344.000	7143.502
346.000	6759.808
348.000	9998.491
350.000	6339.705
352.000	9546.291
354.000	9969.128
356.000	9699.175
358.000	8061.633
360.000	4770.380
362.000	8688.361
364.000	3774.528
366.000	4660.588
368.000	5156.509
370.000	7780.292
372.000	6177.604
374.000	5693.807
376.000	7596.648
378.000	9970.298
380.000	5450.290
382.000	4672.078
384.000	7340.515
386.000	6205.638
388.000	4922.612
390.000	7895.067
392.000	4539.460
394.000	8844.298
396.000	6250.598
398.000	6521.001
400.000	8923.219
402.000	9191.480
404.000	8218.434
406.000	9563.539
408.000	7177.551
410.000	9002.699
412.000	6955.231
414.000	9921.505
416.000	3632.068
418.000	9014.676
420.000	6457.132
422.000	7838.053
424.000	8733.568
426.000	7343.517
428.000	8800.431
430.000	6013.613
432.000	9654.519
434.000	5622.845
436.000	8720.688
438.000	4360.819
440.000	3772.765
442.000	9901.564
444.000	3863.795
446.000	4720.826
448.000	5803.035
450.000	4259.652
452.000	3982.415
454.000	4764.051
456.000	6351.335
458.000	8690.464
460.000	4560.388
462.000	4278.468
464.000	9109.266
466.000	3913.439
468.000	8785.802
470.000	9982.214
472.000	4398.798
474.000	8499.533
476.000	3958.287
478.000	9480.446
480.000	5007.713
482.000	9673.476
484.000	5901.199
486.000	4192.236
488.000	4301.958
490.000	8623.013
492.000	8643.084
494.000	8905.969
496.000	4418.519
498.000	5733.992
500.000	7376.239
502.000	9086.950
504.000	4613.784
506.000	5296.454
508.000	8719.422
510.000	8225.849
512.000	7599.897
514.000	4857.257
516.000	9198.933
518.000	6094.767
520.000	8951.380
522.000	4530.025
524.000	3639.910
526.000	7451.801
528.000	6157.204
530.000	6507.343
532.000	7804.507
534.000	5722.903
536.000	4231.772
538.000	4298.560
540.000	5603.540
542.000	4981.876
544.000	9129.011
546.000	7807.954
548.000	5185.344
550.000	4142.012
552.000	3898.576
554.000	4236.992
556.000	4942.422
558.000	5360.889
560.000	6163.720
562.000	8348.388
564.000	9865.580
566.000	4516.011
568.000	9996.740
570.000	5253.752
572.000	9719.421
574.000	8631.005
576.000	4171.534
578.000	4776.634
580.000	3808.733
582.000	3804.473
584.000	8908.429
586.000	3369.060
588.000	8438.824
590.000	4720.897
592.000	9254.736
594.000	4405.308
596.000	3533.346
598.000	3628.870
600.000	4148.737
602.000	4232.816
604.000	5920.791
606.000	4350.970
608.000	8522.035
610.000	6749.041
612.000	6696.192
614.000	4630.321
616.000	4610.023
618.000	9385.387
620.000	8695.367
622.000	4378.289
624.000	9420.164
626.000	4200.958
628.000	5699.406
630.000	6390.959
632.000	8296.367
634.000	5508.300
636.000	5654.154
638.000	6075.768
640.000	6892.619
642.000	5216.916
644.000	5616.842
646.000	4923.634
648.000	8113.578
650.000	5778.053
652.000	9848.118
654.000	8691.418
656.000	4281.629
658.000	3641.436
660.000	9833.521
662.000	6641.162
664.000	5465.085
666.000	8959.670
668.000	4101.658
670.000	3662.569
672.000	5413.769
674.000	6884.158
676.000	9218.410
678.000	5040.323
680.000	4727.105
682.000	4241.342
684.000	5516.151
686.000	4341.614
688.000	6467.168
690.000	4381.076
692.000	6569.152
694.000	4993.003
696.000	5872.890
698.000	9579.399
700.000	7591.879
702.000	3812.143
704.000	8787.021
706.000	3394.374
708.000	4249.627
710.000	6038.144
712.000	3622.296
714.000	9306.045
716.000	4640.302
718.000	8067.403
720.000	6771.768
722.000	4586.197
724.000	3799.509
726.000	4305.457
728.000	4094.796
730.000	4292.701
732.000	4802.393
734.000	4469.591
736.000	4065.872
738.000	4399.449
740.000	6934.474
742.000	3649.357
744.000	8033.445
746.000	9881.899
748.000	5538.660
750.000	4809.336
752.000	3704.816
754.000	8696.735
756.000	8959.555
758.000	3651.633
760.000	3724.526
762.000	4476.967
764.000	4830.044
766.000	7975.134
768.000	5165.396
770.000	7293.647
772.000	9207.200
774.000	6711.418
776.000	3679.769
778.000	3901.996
780.000	9199.953
782.000	4352.454
784.000	8104.025
786.000	9222.902
788.000	8282.970
790.000	9472.840
792.000	9629.056
794.000	4502.339
796.000	4626.495
798.000	4838.774
800.000	5377.667
802.000	4808.732
804.000	8503.455
806.000	3676.503
808.000	4456.586
810.000	3965.236
812.000	3920.451
814.000	9483.389
816.000	3909.928
818.000	4294.903
820.000	4199.854
822.000	4959.248
824.000	4489.635
826.000	4415.965
828.000	5113.809
830.000	3703.729
832.000	4222.282
834.000	8338.315
836.000	5249.753
838.000	5858.517
840.000	9715.192
842.000	9843.915
844.000	5763.568
846.000	6431.556
848.000	4707.904
850.000	4507.326
852.000	7368.842
854.000	4797.808
856.000	9402.743
858.000	7321.289
860.000	9793.924
862.000	6757.185
864.000	6125.455
866.000	5647.397
868.000	8180.562
870.000	8268.204
872.000	4794.150
874.000	4075.149
876.000	4205.062
878.000	4175.460
880.000	5079.288
882.000	3380.593
884.000	3884.657
886.000	3501.304
888.000	4271.401
890.000	4240.939
892.000	3863.731
894.000	9982.643
896.000	4788.587
898.000	4067.268
900.000	5561.353
902.000	5306.630
904.000	5678.212
906.000	8777.919
908.000	9012.786
910.000	7557.434
912.000	7211.868
914.000	3834.441
916.000	4336.894
918.000	4343.541
920.000	3656.678
922.000	4957.378
924.000	6044.525
926.000	4902.456
928.000	4196.565
930.000	4419.590
932.000	7885.397
934.000	3961.587
936.000	3860.665
938.000	5289.971
940.000	4444.195
942.000	4470.290
944.000	4315.406
946.000	5876.407
948.000	9506.400
950.000	9334.753
952.000	6973.683
954.000	8871.195
956.000	8590.240
958.000	9218.727
960.000	9959.493
962.000	9352.148
964.000	6933.204
966.000	6850.821
968.000	6968.939
970.000	6556.119
972.000	4066.209
974.000	7334.409
976.000	4297.224
978.000	5098.478
980.000	8246.435
982.000	4753.407
984.000	5754.968
986.000	4602.676
988.000	5923.993
990.000	9051.386
992.000	3759.656
994.000	4075.053
996.000	5722.809
998.000	9710.939
1000.000	9336.479
1002.000	8094.608
1004.000	5786.020
1006.000	6691.497
1008.000	4552.990
1010.000	9029.867
1012.000	9690.163
1014.000	4153.056
1016.000	5429.914
1018.000	3680.376
1020.000	7931.258
1022.000	9423.706
1024.000	5353.226
1026.000	5434.922
1028.000	4680.472
1030.000	9557.214
1032.000	6718.888
1034.000	8708.194
1036.000	6921.850
1038.000	8000.910
1040.000	4873.589
1042.000	4311.912
1044.000	5021.502
1046.000	4040.206
1048.000	8663.293
1050.000	6120.869
1052.000	4413.637
1054.000	6706.288
1056.000	4523.753
1058.000	5701.011
1060.000	7229.862
1062.000	4914.048
1064.000	9281.593
1066.000	3754.420
1068.000	4190.834
1070.000	4493.811
1072.000	4434.146
1074.000	5196.786
1076.000	5219.566
1078.000	9741.931
1080.000	9988.140
1082.000	3943.873
1084.000	4874.967
1086.000	4629.681
1088.000	5561.566
1090.000	4561.630
1092.000	4534.555
1094.000	4916.517
1096.000	5716.816
1098.000	4451.841
1100.000	5796.709
1102.000	4349.198
1104.000	9397.365
1106.000	8588.312
1108.000	4318.815
1110.000	4165.264
1112.000	4553.621
1114.000	5613.854
1116.000	9250.631
1118.000	5007.504
1120.000	4513.529
1122.000	8463.369
1124.000	4045.706
1126.000	4001.535
1128.000	4874.756
1130.000	3973.714
1132.000	7658.603
1134.000	6696.308
1136.000	3769.846
1138.000	4849.291
1140.000	5086.186
1142.000	3894.622
1144.000	6907.971
1146.000	8420.564
1148.000	3699.291
1150.000	4073.947
1152.000	5082.282
1154.000	4387.870
1156.000	4518.055
1158.000	5481.961
1160.000	9426.716
1162.000	4156.654
1164.000	4306.394
1166.000	5150.904
1168.000	7865.951
1170.000	8843.108
1172.000	5715.127
1174.000	5316.829
1176.000	3475.069
1178.000	4443.599
1180.000	5087.709
1182.000	4132.861
1184.000	6375.237
1186.000	8593.355
1188.000	5317.511
1190.000	4449.276
1192.000	9381.924
1194.000	9972.839
1196.000	4391.267
1198.000	4668.315
1200.000	5752.801
1202.000	4044.376
1204.000	5249.349
1206.000	4461.501
1208.000	4365.333
1210.000	4015.759
1212.000	4236.271
1214.000	4412.122
1216.000	4297.192
1218.000	4300.827
1220.000	9867.593
1222.000	4824.411
1224.000	5573.189
1226.000	9071.755
1228.000	3846.297
1230.000	5840.401
1232.000	6452.957
1234.000	8841.739
1236.000	9864.016
1238.000	9184.378
1240.000	4601.532
1242.000	8610.606
1244.000	3516.363
1246.000	7706.014
1248.000	3808.121
1250.000	5044.470
1252.000	8507.505
1254.000	4896.040
1256.000	6108.760
1258.000	4124.760
1260.000	4277.749
1262.000	5096.859
1264.000	6549.757
1266.000	9655.697
1268.000	3372.998
1270.000	3678.681
1272.000	4774.631
1274.000	8963.659
1276.000	8915.224
1278.000	8962.667
1280.000	5535.869
1282.000	5124.983
1284.000	3740.827
1286.000	4002.404
1288.000	6023.347
1290.000	6069.563
1292.000	5391.085
1294.000	5674.697
1296.000	9381.343
1298.000	5122.112
1300.000	4438.526
1302.000	3864.953
1304.000	4016.732
1306.000	4652.556
1308.000	4979.640
1310.000	4996.577
1312.000	4294.950
1314.000	3919.154
1316.000	8680.133
1318.000	9071.731
1320.000	5204.513
1322.000	4178.952
1324.000	4523.600
1326.000	4908.805
1328.000	5404.360
1330.000	6507.003
1332.000	6103.407
1334.000	7096.273
1336.000	5738.215
1338.000	8053.134
1340.000	9967.331
1342.000	9620.279
1344.000	8395.193
1346.000	9293.605
1348.000	9299.337
1350.000	7863.287
1352.000	4435.445
1354.000	9949.024
1356.000	8819.774
1358.000	8314.727
1360.000	9648.849
1362.000	5114.808
1364.000	6159.284
1366.000	4965.548
1368.000	4368.821
1370.000	5942.256
1372.000	4997.079
1374.000	6373.172
1376.000	4349.812
1378.000	7620.032
1380.000	5693.565
1382.000	4231.931
1384.000	5004.964
1386.000	9102.505
1388.000	4488.194
1390.000	5607.266
1392.000	5905.802
1394.000	5858.260
1396.000	5632.875
1398.000	9167.818
1400.000	9215.751
1402.000	9875.959
1404.000	6382.340
1406.000	5339.758
1408.000	9619.535
1410.000	6497.922
1412.000	5160.482
1414.000	4998.212
1416.000	4882.738
1418.000	6130.544
1420.000	6764.114
1422.000	9876.519
1424.000	7167.448
1426.000	8000.414
1428.000	8948.690
1430.000	5309.024
1432.000	4725.790
1434.000	4296.619
1436.000	9439.413
1438.000	9088.064
1440.000	3804.614
1442.000	4754.452
1444.000	3774.814
1446.000	4353.216
1448.000	3868.078
1450.000	4620.180
1452.000	4322.803
1454.000	4579.293
1456.000	5656.477
1458.000	4660.687
1460.000	9541.845
1462.000	5574.339
1464.000	5516.160
1466.000	9584.170
1468.000	6109.370
1470.000	4340.240
1472.000	3992.320
1474.000	5732.614
1476.000	4717.725
1478.000	9438.544
1480.000	6311.570
1482.000	9866.335
1484.000	5095.539
1486.000	4430.063
1488.000	5245.539
1490.000	9151.030
1492.000	3671.906
1494.000	4700.090
1496.000	4859.439
1498.000	6900.238
1500.000	5217.330
1502.000	4455.987
1504.000	9817.417
1506.000	4956.094
1508.000	8469.193
1510.000	9159.332
1512.000	4388.003
1514.000	5064.590
1516.000	6730.106
1518.000	3376.578
1520.000	9979.783
1522.000	4032.992
1524.000	4731.459
1526.000	7274.893
1528.000	5089.084
1530.000	4023.172
1532.000	5140.565
1534.000	8490.148
1536.000	5595.977
1538.000	9070.030
1540.000	9794.172
1542.000	7551.044
1544.000	8575.012
1546.000	9678.557
1548.000	4887.280
1550.000	8850.299
1552.000	5986.594
1554.000	5051.325
1556.000	7354.884
1558.000	5214.596
1560.000	4380.244
1562.000	8781.394
1564.000	3940.673
1566.000	8840.774
1568.000	6887.126
1570.000	3360.280
1572.000	5078.140
1574.000	4649.029
1576.000	4347.819
1578.000	4137.387
1580.000	4958.775
1582.000	8783.763
1584.000	4158.614
1586.000	3935.566
1588.000	3998.421
1590.000	4183.037
1592.000	4587.459
1594.000	6394.632
1596.000	9571.265
1598.000	7569.539
1600.000	6806.600
1602.000	5325.243
1604.000	4683.475
1606.000	4120.710
1608.000	3735.543
1610.000	5250.449
1612.000	4493.608
1614.000	3870.765
1616.000	8793.588
1618.000	9975.553
1620.000	9863.094
1622.000	9699.608
1624.000	9570.266
1626.000	9618.897
1628.000	3890.237
1630.000	4967.644
1632.000	4155.042
1634.000	4187.367
1636.000	3534.989
1638.000	7426.205
1640.000	9872.292
1642.000	4320.631
1644.000	4303.005
1646.000	4410.965
1648.000	5594.270
1650.000	9119.331
1652.000	8331.553
1654.000	8958.702
1656.000	4083.136
1658.000	8166.598
1660.000	4665.576
1662.000	4162.192
1664.000	4734.179
1666.000	4662.309
1668.000	4865.930
1670.000	9979.240
1672.000	4333.366
1674.000	9721.130
1676.000	4258.444
1678.000	6768.570
1680.000	4721.658
1682.000	6302.399
1684.000	4569.812
1686.000	9356.821
1688.000	4812.905
1690.000	5101.435
1692.000	8322.595
1694.000	4914.610
1696.000	6030.846
1698.000	4129.661
1700.000	4855.754
1702.000	6414.854
1704.000	5134.086
1706.000	5308.798
1708.000	6699.567
1710.000	6748.714
1712.000	5818.167
1714.000	4444.473
1716.000	4976.395
1718.000	7741.434
1720.000	5629.643
1722.000	8038.525
1724.000	9393.918
1726.000	9754.618
1728.000	9906.746
1730.000	8853.268
1732.000	9901.142
1734.000	7444.363
1736.000	7685.541
1738.000	9173.904
1740.000	8471.006
1742.000	9346.877
1744.000	9810.227
1746.000	6156.965
1748.000	8803.545
1750.000	6944.235
1752.000	5027.547
1754.000	5117.664
1756.000	9229.794
1758.000	4123.872
1760.000	6874.050
1762.000	4852.588
1764.000	9981.728
1766.000	6760.058
1768.000	5450.657
1770.000	5058.456
1772.000	7598.123
1774.000	5154.533
1776.000	6442.918
1778.000	7410.121
1780.000	6505.374
1782.000	5530.551
1784.000	4192.514
1786.000	6059.384
1788.000	4535.564
1790.000	9913.288
1792.000	6562.159
1794.000	9496.317
1796.000	9217.483
1798.000	4985.420
1800.000	4423.986
1802.000	7795.162
1804.000	9959.550
1806.000	4712.752
1808.000	9700.985
1810.000	6197.368
1812.000	9878.199
1814.000	9522.878
1816.000	9146.055
1818.000	9626.980
1820.000	7296.901
1822.000	4848.089
1824.000	9846.448
1826.000	7306.622
1828.000	7771.958
1830.000	7979.939
1832.000	8812.633
1834.000	9636.595
1836.000	4900.352
1838.000	7356.111
1840.000	4188.032
1842.000	5822.602
1844.000	6096.965
1846.000	5373.568
1848.000	5405.560
1850.000	4958.535
1852.000	9303.783
1854.000	5903.159
1856.000	4945.917
1858.000	8670.820
1860.000	9638.195
1862.000	9249.206
1864.000	8185.407
1866.000	5040.746
1868.000	7307.035
1870.000	9378.817
1872.000	7572.386
1874.000	5057.780
1876.000	5210.399
1878.000	6598.560
1880.000	5843.615
1882.000	9971.012
1884.000	8917.393
1886.000	9191.892
1888.000	4598.671
1890.000	5408.069
1892.000	7769.427
1894.000	4973.390
1896.000	5159.328
1898.000	9227.080
1900.000	9658.133
1902.000	7432.924
1904.000	9763.422
1906.000	9055.999
1908.000	6881.289
1910.000	5516.772
1912.000	4864.244
1914.000	8592.465
1916.000	8545.348
1918.000	9782.069
1920.000	7602.418
1922.000	3979.589
1924.000	9704.662
1926.000	9737.055
1928.000	8680.566
1930.000	9860.972
1932.000	4237.265
1934.000	9148.746
1936.000	9780.503
1938.000	5668.592
1940.000	8747.562
1942.000	9031.295
1944.000	4411.909
1946.000	3449.996
1948.000	4971.799
1950.000	7479.838
1952.000	8232.907
1954.000	9285.181
1956.000	7217.173
1958.000	3603.934
1960.000	3914.076
1962.000	7885.058
1964.000	6291.618
1966.000	5618.781
1968.000	6053.381
1970.000	5235.163
1972.000	7439.672
1974.000	5646.866
1976.000	4370.883
1978.000	6585.796
1980.000	6460.738
1982.000	4922.465
1984.000	5918.637
1986.000	5627.232
1988.000	7910.614
1990.000	9956.561
1992.000	5600.008
1994.000	8244.249
1996.000	5821.259
1998.000	5588.525
2000.000	9459.513
2002.000	9186.171
2004.000	6763.707
2006.000	4415.954
2008.000	8527.021
2010.000	5890.590
2012.000	6767.190
2014.000	6869.616
2016.000	8642.698
2018.000	9607.674
2020.000	9979.640
2022.000	9799.821
2024.000	7845.415
2026.000	7409.585
2028.000	4547.182
2030.000	5619.533
2032.000	4142.234
2034.000	9810.890
2036.000	9044.616
2038.000	4921.394
2040.000	5445.416
2042.000	5125.451
2044.000	9026.918
2046.000	9654.653
2048.000	4515.092
2050.000	7300.603
2052.000	7497.695
2054.000	6594.475
2056.000	3414.540
2058.000	4932.413
2060.000	4012.336
2062.000	4366.280
2064.000	3910.148
2066.000	7023.946
2068.000	4255.359
2070.000	4082.117
2072.000	4870.277
2074.000	9980.098
2076.000	4082.605
2078.000	4765.667
2080.000	6256.256
2082.000	7022.162
2084.000	5412.322
2086.000	8494.931
2088.000	4328.497
2090.000	5341.716
2092.000	5941.202
2094.000	4295.877
2096.000	4616.793
2098.000	4225.744
2100.000	4542.764
2102.000	9596.503
2104.000	7812.402
2106.000	8905.263
2108.000	3600.305
2110.000	4080.199
2112.000	8812.410
2114.000	6830.185
2116.000	9878.564
2118.000	4291.114
2120.000	7465.985
2122.000	9414.307
2124.000	9591.006
2126.000	5165.970
2128.000	5191.357
2130.000	5231.176
2132.000	5074.685
2134.000	4452.535
2136.000	6927.619
2138.000	8858.582
2140.000	9212.826
2142.000	8500.093
2144.000	5542.626
2146.000	6579.849
2148.000	5787.799
2150.000	4767.089
2152.000	5875.039
2154.000	4952.486
2156.000	6207.485
2158.000	9753.907
2160.000	4848.643
2162.000	9810.973
2164.000	8079.605
2166.000	9397.162
2168.000	6315.679
2170.000	5200.977
2172.000	5652.098
2174.000	4866.371
2176.000	6448.250
2178.000	7657.509
2180.000	8241.713
2182.000	5271.731
2184.000	6236.518
2186.000	4096.453
2188.000	5623.280
2190.000	7100.323
2192.000	8590.663
2194.000	6263.806
2196.000	7031.575
2198.000	7906.915
2200.000	9011.201
2202.000	4822.320
2204.000	6137.793
2206.000	5779.769
2208.000	3819.241
2210.000	9669.851
2212.000	4919.476
2214.000	4842.676
2216.000	5695.622
2218.000	9834.631
2220.000	9399.927
2222.000	7754.378
2224.000	5380.142
2226.000	8001.645
2228.000	5658.627
2230.000	3341.159
2232.000	7669.143
2234.000	8765.879
2236.000	4442.114
2238.000	5089.702
2240.000	7786.083
2242.000	8361.957
2244.000	4362.966
2246.000	8935.306
2248.000	5934.753
2250.000	6128.850
2252.000	3898.083
2254.000	3455.929
2256.000	3924.224
2258.000	8568.304
2260.000	4847.219
2262.000	3647.014
2264.000	4858.728
2266.000	8973.428
2268.000	5318.940
2270.000	5255.163
2272.000	9842.830
2274.000	5777.162
2276.000	9307.910
2278.000	6282.052
2280.000	3992.975
2282.000	6087.555
2284.000	9933.758
2286.000	8923.013
2288.000	3940.932
2290.000	3854.534
2292.000	4411.574
2294.000	4872.553
2296.000	5734.974
2298.000	4626.876
2300.000	9120.668
2302.000	9813.710
2304.000	5175.112
2306.000	6899.732
2308.000	5400.640
2310.000	7681.016
2312.000	8871.670
2314.000	4673.564
2316.000	4638.948
2318.000	4205.762
2320.000	4167.711
2322.000	4891.240
2324.000	7134.956
2326.000	6318.532
2328.000	4321.746
2330.000	8222.237
2332.000	4976.687
2334.000	7182.095
2336.000	6058.372
2338.000	5114.485
2340.000	5218.135
2342.000	3892.376
2344.000	3763.751
2346.000	8043.742
2348.000	4299.032
2350.000	7497.291
2352.000	7825.444
2354.000	6512.490
2356.000	5348.820
2358.000	5487.619
2360.000	5412.288
2362.000	7720.653
2364.000	5200.899
2366.000	6495.462
2368.000	9774.766
2370.000	9066.890
2372.000	8984.701
2374.000	9695.962
2376.000	6021.847
2378.000	4715.694
2380.000	4819.558
2382.000	5485.251
2384.000	6600.761
2386.000	5964.276
2388.000	8010.387
2390.000	5569.107
2392.000	8922.121
2394.000	3654.710
2396.000	4012.470
2398.000	5413.844
2400.000	6108.663
2402.000	5469.900
2404.000	8716.999
2406.000	9385.210
2408.000	3833.200
2410.000	4629.324
2412.000	4639.251
2414.000	4298.672
2416.000	9197.694
2418.000	7167.183
2420.000	4122.183
2422.000	7938.579
2424.000	7518.801
2426.000	4318.086
2428.000	7863.518
2430.000	6436.263
2432.000	5363.159
2434.000	9806.774
2436.000	4606.151
2438.000	4424.121
2440.000	9926.284
2442.000	8334.325
2444.000	9070.881
2446.000	4901.579
2448.000	9720.615
2450.000	8298.166
2452.000	7567.828
2454.000	6530.121
2456.000	5463.970
2458.000	4871.258
2460.000	8088.724
2462.000	6167.322
2464.000	6077.676
2466.000	7285.180
2468.000	8750.507
2470.000	8941.820
2472.000	5946.781
2474.000	4406.629
2476.000	5018.189
2478.000	5375.575
2480.000	7838.370
2482.000	4482.493
2484.000	5628.969
2486.000	8408.976
2488.000	9255.129
2490.000	9310.523
2492.000	9938.038
2494.000	9735.069
2496.000	8235.730
2498.000	9814.927
2500.000	8182.349
2502.000	9744.356
2504.000	8792.567
2506.000	8541.157
2508.000	6949.500
2510.000	5523.561
2512.000	6556.797
2514.000	5787.799
2516.000	9826.585
2518.000	7995.529
2520.000	7270.626
2522.000	8776.194
2524.000	5644.267
2526.000	5785.299
2528.000	9764.599
2530.000	8644.200
2532.000	9091.124
2534.000	8062.473
2536.000	6836.245
2538.000	7641.330
2540.000	9637.048
2542.000	9852.910
2544.000	9644.387
2546.000	9371.397
2548.000	9825.199
2550.000	8329.700
2552.000	9373.541
2554.000	6583.108
2556.000	5184.232
2558.000	8322.495
2560.000	6658.263
2562.000	7214.557
2564.000	8260.203
2566.000	9486.153
2568.000	8318.083
2570.000	7723.649
2572.000	7935.161
2574.000	6725.830
2576.000	4519.269
2578.000	6710.487
2580.000	9964.622
2582.000	4852.831
2584.000	5457.968
2586.000	5111.063
2588.000	9490.004
2590.000	4494.611
2592.000	4956.221
2594.000	3797.881
2596.000	4070.205
2598.000	6554.601
2600.000	4513.892
2602.000	5349.452
2604.000	4605.865
2606.000	4648.756
2608.000	8110.272
2610.000	5737.940
2612.000	4948.995
2614.000	5985.112
2616.000	4459.747
2618.000	7205.139
2620.000	7937.964
2622.000	7753.964
2624.000	9081.240
2626.000	7643.477
2628.000	4830.172
2630.000	9787.676
2632.000	6142.978
2634.000	8021.788
2636.000	5556.305
2638.000	9150.405
2640.000	7064.406
2642.000	5148.749
2644.000	9361.197
2646.000	5001.758
2648.000	5678.990
2650.000	9015.656
2652.000	9975.810
2654.000	4881.786
2656.000	5816.525
2658.000	5865.136
2660.000	8150.850
2662.000	7942.344
2664.000	9219.069
2666.000	9483.983
2668.000	5110.635
2670.000	8803.100
2672.000	7630.767
2674.000	6266.522
2676.000	7712.071
2678.000	3659.364
2680.000	7255.117
2682.000	4838.122
2684.000	5967.556
2686.000	7604.011
2688.000	6384.891
2690.000	4859.636
2692.000	8792.034
2694.000	6930.996
2696.000	3800.060
2698.000	9365.224
2700.000	5460.219
2702.000	6310.187
2704.000	5120.749
2706.000	4972.715
2708.000	7914.982
2710.000	6011.568
2712.000	3738.426
2714.000	8257.579
2716.000	9999.151
2718.000	4363.146
2720.000	6275.385
2722.000	9601.211
2724.000	7965.230
2726.000	4311.197
2728.000	6968.326
2730.000	9104.741
2732.000	6124.949
2734.000	4644.411
2736.000	4500.297
2738.000	4873.794
2740.000	9688.006
2742.000	4027.144
2744.000	9201.387
2746.000	7863.908
2748.000	6006.571
2750.000	4438.480
2752.000	4952.324
2754.000	6686.307
2756.000	9220.777
2758.000	7548.213
2760.000	6379.242
2762.000	9724.930
2764.000	4159.508
2766.000	7825.725
2768.000	5116.183
2770.000	9608.045
2772.000	5733.029
2774.000	4116.789
2776.000	5407.691
2778.000	7398.646
2780.000	5122.006
2782.000	4979.818
2784.000	6060.913
2786.000	5047.555
2788.000	4583.433
2790.000	6640.694
2792.000	6431.271
2794.000	6714.394
2796.000	9444.584
2798.000	8458.601
2800.000	4952.507
2802.000	8841.178
2804.000	5090.758
2806.000	4644.089
2808.000	9996.683
2810.000	8263.025
2812.000	4156.302
2814.000	5024.697
2816.000	6785.357
2818.000	9734.878
2820.000	6142.805
2822.000	6009.939
2824.000	5163.144
2826.000	6792.224
2828.000	8008.324
2830.000	6125.530
2832.000	9653.930
2834.000	8288.075
2836.000	5661.120
2838.000	8578.645
2840.000	5711.809
2842.000	8526.980
2844.000	8932.487
2846.000	4923.551
2848.000	7479.951
2850.000	9881.843
2852.000	3888.604
2854.000	4517.141
2856.000	4924.449
2858.000	5631.800
2860.000	4900.400
2862.000	3867.030
2864.000	4494.774
2866.000	7135.394
2868.000	9677.508
2870.000	9876.939
2872.000	8989.594
2874.000	8642.462
2876.000	8529.736
2878.000	4657.627
2880.000	6386.296
2882.000	4787.448
2884.000	7222.141
2886.000	6948.252
2888.000	6453.890
2890.000	6522.698
2892.000	8338.515
2894.000	5199.797
2896.000	7981.860
2898.000	7093.426
2900.000	6264.403
2902.000	9314.357
2904.000	6785.290
2906.000	5651.640
2908.000	8114.599
2910.000	8174.380
2912.000	7967.508
2914.000	6981.217
2916.000	4943.369
2918.000	7872.351
2920.000	6742.587
2922.000	5541.639
2924.000	6031.076
2926.000	7132.253
2928.000	4492.808
2930.000	4214.643
2932.000	4861.155
2934.000	7265.212
2936.000	5026.234
2938.000	9964.365
2940.000	8503.123
2942.000	5646.564
2944.000	4725.733
2946.000	9169.098
2948.000	9483.802
2950.000	7827.765
2952.000	5974.435
2954.000	6766.664
2956.000	8149.344
2958.000	7104.132
2960.000	8573.683
2962.000	4367.485
2964.000	4165.453
2966.000	7867.745
2968.000	4323.629
2970.000	5052.446
2972.000	5076.778
2974.000	9316.625
2976.000	7367.642
2978.000	6364.124
2980.000	5898.830
2982.000	6966.569
2984.000	4797.181
2986.000	9327.378
2988.000	9361.951
2990.000	9982.786
2992.000	4595.291
2994.000	6464.095
2996.000	5274.557
2998.000	6212.213
3000.000	9714.297
3002.000	4320.663
3004.000	8215.430
3006.000	4240.051
3008.000	9939.796
3010.000	9980.956
3012.000	8962.875
3014.000	4693.895
3016.000	4277.911
3018.000	5174.512
3020.000	7398.017
3022.000	6081.061
3024.000	8839.091
3026.000	8874.699
3028.000	6399.132
3030.000	6672.754
3032.000	8585.539
3034.000	9743.593
3036.000	9592.908
3038.000	5262.094
3040.000	9957.101
3042.000	7241.180
3044.000	9890.991
3046.000	7363.296
3048.000	9786.686
3050.000	5495.923
3052.000	5925.999
3054.000	3984.100
3056.000	6899.131
3058.000	6097.221
3060.000	5270.279
3062.000	5948.609
3064.000	7887.076
3066.000	8482.518
3068.000	7640.827
3070.000	9862.228
3072.000	9340.135
3074.000	6951.136
3076.000	5232.567
3078.000	4207.851
3080.000	4477.831
3082.000	4941.693
3084.000	5948.589
3086.000	8521.201
3088.000	9661.187
3090.000	8285.315
3092.000	7693.588
3094.000	9993.499
3096.000	9887.229
3098.000	5852.305
3100.000	8882.688
3102.000	9807.796
3104.000	9919.471
3106.000	4321.649
3108.000	7224.178
3110.000	7362.191
3112.000	6345.885
3114.000	8734.597
3116.000	4020.353
3118.000	5881.071
3120.000	5612.769
3122.000	9597.666
3124.000	8488.285
3126.000	7794.238
3128.000	4054.904
3130.000	6342.984
3132.000	6584.053
3134.000	9651.977
3136.000	8888.196
3138.000	6420.175
3140.000	8518.596
3142.000	9886.780
3144.000	5867.083
3146.000	6387.724
3148.000	8668.295
3150.000	8019.646
3152.000	9502.846
3154.000	4411.116
3156.000	8213.473
3158.000	6912.824
3160.000	8915.590
3162.000	8945.702
3164.000	9623.788
3166.000	4391.057
3168.000	5955.954
3170.000	7139.138
3172.000	6742.326
3174.000	5934.238
3176.000	4357.431
3178.000	8462.382
3180.000	7491.470
3182.000	5273.607
3184.000	4664.845
3186.000	9645.242
3188.000	6715.093
3190.000	5010.955
3192.000	6575.936
3194.000	9783.635
3196.000	9130.686
3198.000	9690.756
3200.000	7863.358
3202.000	9422.483
3204.000	7744.963
3206.000	9929.566
3208.000	6601.750
3210.000	6520.073
3212.000	8465.982
3214.000	6249.992
3216.000	9533.435
3218.000	5158.044
3220.000	6216.793
3222.000	6917.245
3224.000	7020.195
3226.000	5741.573
3228.000	4602.457
3230.000	5804.408
3232.000	4533.722
3234.000	9536.724
3236.000	9291.398
3238.000	6327.934
3240.000	7406.812
3242.000	9423.426
3244.000	8764.357
3246.000	9964.280
3248.000	8706.758
3250.000	6082.017
3252.000	9835.937
3254.000	4170.675
3256.000	7696.274
3258.000	5468.921
3260.000	5115.334
3262.000	7154.125
3264.000	8774.027
3266.000	4895.819
3268.000	4423.205
3270.000	7208.897
3272.000	7933.624
3274.000	4920.629
3276.000	9587.495
3278.000	5757.118
3280.000	4170.870
3282.000	3757.028
3284.000	3980.804
3286.000	9521.759
3288.000	6760.346
3290.000	5917.752
3292.000	9828.970
3294.000	6010.240
3296.000	3947.171
3298.000	7201.847
3300.000	3546.402
3302.000	4140.693
3304.000	5627.087
3306.000	6252.415
3308.000	9708.205
3310.000	7199.108
3312.000	7389.871
3314.000	9370.818
3316.000	7910.901
3318.000	6578.395
3320.000	5528.339
3322.000	6362.776
3324.000	5062.080
3326.000	5246.985
3328.000	5296.720
3330.000	9930.161
3332.000	5406.130
3334.000	5159.978
3336.000	7811.806
3338.000	8890.057
3340.000	9862.703
3342.000	3817.721
3344.000	8209.156
3346.000	4373.336
3348.000	4228.094
3350.000	4419.731
3352.000	6723.155
3354.000	7588.174
3356.000	4065.421
3358.000	5581.280
3360.000	5177.735
3362.000	5649.742
3364.000	6127.696
3366.000	6762.657
3368.000	5733.397
3370.000	4797.742
3372.000	5007.835
3374.000	5859.029
3376.000	5183.692
3378.000	7859.365
3380.000	9937.074
3382.000	4171.085
3384.000	5585.075
3386.000	3559.642
3388.000	8713.859
3390.000	4882.649
3392.000	3927.188
3394.000	4920.574
3396.000	4702.883
3398.000	7328.129
3400.000	5993.052
3402.000	5173.928
3404.000	8054.065
3406.000	5369.550
3408.000	4822.107
3410.000	4617.834
3412.000	4884.093
3414.000	4694.490
3416.000	4917.566
3418.000	5819.868
3420.000	6575.477
3422.000	5885.205
3424.000	6397.216
3426.000	4353.335
3428.000	9217.288
3430.000	6492.943
3432.000	5502.670
3434.000	8544.698
3436.000	9373.163
3438.000	7408.166
3440.000	9594.335
3442.000	7520.960
3444.000	9124.085
3446.000	5390.618
3448.000	7851.127
3450.000	9844.806
3452.000	7158.051
3454.000	8151.041
3456.000	5510.950
3458.000	4390.835
3460.000	8060.514
3462.000	4215.235
3464.000	7886.272
3466.000	5415.250
3468.000	8914.357
3470.000	3685.271
3472.000	5973.247
3474.000	7919.013
3476.000	8794.431
3478.000	9278.404
3480.000	8635.092
3482.000	8358.084
3484.000	6550.274
3486.000	6208.404
3488.000	9174.363
3490.000	6054.865
3492.000	6853.436
3494.000	6444.587
3496.000	4260.700
3498.000	4368.021
3500.000	3827.328
3502.000	5928.934
3504.000	6165.106
3506.000	6739.795
3508.000	4135.845
3510.000	9688.572
3512.000	4842.468
3514.000	5215.642
3516.000	8742.929
3518.000	8342.329
3520.000	5438.146
3522.000	5095.629
3524.000	9249.697
3526.000	7574.527
3528.000	5279.618
3530.000	8278.619
3532.000	8603.906
3534.000	6941.411
3536.000	8797.030
3538.000	9887.678
3540.000	5200.915
3542.000	5904.510
3544.000	9791.446
3546.000	6950.956
3548.000	4700.458
3550.000	4986.962
3552.000	9997.572
3554.000	8289.417
3556.000	5505.418
3558.000	4155.141
3560.000	6846.660
3562.000	5151.689
3564.000	5479.633
3566.000	8315.302
3568.000	8898.574
3570.000	4764.885
3572.000	6373.931
3574.000	6981.987
3576.000	9950.843
3578.000	5222.031
3580.000	6968.577
3582.000	9605.315
3584.000	9415.733
3586.000	8051.868
3588.000	9332.201
3590.000	5731.501
3592.000	9666.845
3594.000	9277.514
3596.000	9571.107
3598.000	6281.565
3600.000	8252.863
3602.000	4733.845
3604.000	5839.687
3606.000	4647.658
3608.000	5286.053
3610.000	5854.568
3612.000	3876.688
3614.000	6461.517
3616.000	7274.316
3618.000	7483.744
3620.000	9817.223
3622.000	4166.220
3624.000	4018.669
3626.000	5207.400
3628.000	5449.864
3630.000	4501.856
3632.000	5703.933
3634.000	5513.898
3636.000	5374.115
3638.000	6077.878
3640.000	4956.404
3642.000	7076.118
3644.000	9129.418
3646.000	6742.000
3648.000	7799.876
3650.000	9728.271
3652.000	5639.551
3654.000	9601.211
3656.000	5711.950
3658.000	6856.161
3660.000	6664.251
3662.000	8839.472
3664.000	5611.620
3666.000	8197.833
3668.000	6756.216
3670.000	8595.179
3672.000	5051.479
3674.000	5034.495
3676.000	4921.756
3678.000	8901.280
3680.000	5491.911
3682.000	6288.937
3684.000	7881.757
3686.000	6130.760
3688.000	8826.301
3690.000	8185.330
3692.000	5248.614
3694.000	8592.952
3696.000	9243.413
3698.000	8824.199
3700.000	8721.321
3702.000	6423.336
3704.000	3561.553
3706.000	9774.410
3708.000	6453.555
3710.000	5730.680
3712.000	5809.259
3714.000	7086.556
3716.000	8486.155
3718.000	9328.277
3720.000	5540.863
3722.000	8448.650
3724.000	6127.944
3726.000	5576.222
3728.000	8065.068
3730.000	6467.059
3732.000	4823.255
3734.000	7565.609
3736.000	7939.393
3738.000	7363.389
3740.000	6549.868
3742.000	6224.214
3744.000	5881.995
3746.000	8265.084
3748.000	9979.583
3750.000	4180.121
3752.000	5289.336
3754.000	7005.129
3756.000	4454.021
3758.000	4954.860
3760.000	3398.840
3762.000	3998.237
3764.000	4618.495
3766.000	5712.287
3768.000	6000.745
3770.000	3921.802
3772.000	3696.779
3774.000	5225.957
3776.000	5078.681
3778.000	8772.414
3780.000	8325.300
3782.000	6762.788
3784.000	8490.189
3786.000	6738.152
3788.000	5642.201
3790.000	9328.877
3792.000	9206.105
3794.000	4806.110
3796.000	4699.323
3798.000	5797.992
3800.000	4077.252
3802.000	6118.708
3804.000	8644.200
3806.000	4978.280
3808.000	5155.578
3810.000	9581.402
3812.000	8940.328
3814.000	4707.033
3816.000	8157.837
3818.000	4443.945
3820.000	5722.320
3822.000	6307.592
3824.000	4806.661
3826.000	5768.436
3828.000	9854.833
3830.000	4223.469
3832.000	7047.225
3834.000	9172.744
3836.000	4880.562
3838.000	4763.536
3840.000	6383.779
3842.000	8341.131
3844.000	7405.678
3846.000	4262.890
3848.000	9955.109
3850.000	6036.668
3852.000	9505.569
3854.000	9783.058
3856.000	4020.162
3858.000	8828.807
3860.000	6908.902
3862.000	4537.112
3864.000	3352.689
3866.000	9690.351
3868.000	6607.862
3870.000	6971.882
3872.000	6048.031
3874.000	5323.883
3876.000	7502.314
3878.000	5843.439
3880.000	5074.382
3882.000	5158.541
3884.000	6523.969
3886.000	4230.826
3888.000	3685.322
3890.000	4904.844
3892.000	7991.768
3894.000	4088.351
3896.000	4046.998
3898.000	4853.866
3900.000	4598.780
3902.000	9916.025
3904.000	4815.799
3906.000	4298.205
3908.000	8063.593
3910.000	4351.622
3912.000	5906.372
3914.000	9346.024
3916.000	6426.833
3918.000	4082.031
3920.000	5028.491
3922.000	7088.892
3924.000	3896.879
3926.000	6565.449
3928.000	5945.735
3930.000	9514.398
3932.000	9215.532
3934.000	9726.288
3936.000	3636.809
3938.000	4298.565
3940.000	4724.553
3942.000	3695.790
3944.000	9633.983
3946.000	6352.019
3948.000	5028.535
3950.000	4679.881
3952.000	5100.748
3954.000	4500.733
3956.000	8930.517
3958.000	4452.694
3960.000	8886.292
3962.000	6509.204
3964.000	5746.954
3966.000	8979.281
3968.000	6729.676
3970.000	9601.423
3972.000	5845.067
3974.000	7816.610
3976.000	9346.024
3978.000	8875.309
3980.000	9197.596
3982.000	9242.383
3984.000	4889.798
3986.000	9164.731
3988.000	7827.220
3990.000	9669.851
3992.000	6339.163
3994.000	9414.944
3996.000	5316.504
3998.000	9754.317
4000.000	9103.623
4002.000	5105.908
4004.000	6501.100
4006.000	9709.044
4008.000	4061.960
4010.000	9627.592
4012.000	3819.010
4014.000	7524.974
4016.000	4607.778
4018.000	5587.485
4020.000	4027.424
4022.000	8670.496
4024.000	3973.084
4026.000	6986.357
4028.000	8532.244
4030.000	7503.397
4032.000	5442.429
4034.000	4819.784
4036.000	8574.696
4038.000	6585.485
4040.000	4779.951
4042.000	8246.806
4044.000	4161.412
4046.000	4048.974
4048.000	4799.508
4050.000	4265.255
4052.000	4339.629
4054.000	7154.536
4056.000	3559.737
4058.000	9784.459
4060.000	3627.306
4062.000	4953.972
4064.000	5199.440
4066.000	5764.798
4068.000	4815.879
4070.000	5057.442
4072.000	4133.400
4074.000	5905.752
4076.000	4186.280
4078.000	7889.291
4080.000	6375.517
4082.000	5596.562
4084.000	5833.828
4086.000	9270.427
4088.000	9756.394
4090.000	8621.476
4092.000	8858.132
4094.000	8153.827
4096.000	9330.976
4098.000	6257.976
4100.000	7569.572
4102.000	8039.620
4104.000	8809.312
4106.000	8010.553
4108.000	5771.150
4110.000	4266.848
4112.000	6749.905
4114.000	7886.594
4116.000	9558.289
4118.000	6488.686
4120.000	7994.372
4122.000	6018.351
4124.000	5375.592
4126.000	4760.164
4128.000	8418.285
4130.000	9617.888
4132.000	9319.766
4134.000	9592.115
4136.000	7761.913
4138.000	6130.781
4140.000	6115.753
4142.000	5656.982
4144.000	5235.478
4146.000	7782.586
4148.000	7704.224
4150.000	9468.333
4152.000	9073.929
4154.000	4190.965
4156.000	9782.288
4158.000	4615.863
4160.000	8342.289
4162.000	8401.613
4164.000	6938.908
4166.000	6966.611
4168.000	8006.281
4170.000	8764.578
4172.000	8685.805
4174.000	5364.927
4176.000	6063.561
4178.000	5581.647
4180.000	3700.089
4182.000	9198.374
4184.000	8858.717
4186.000	8961.653
4188.000	5391.202
4190.000	6950.540
4192.000	6575.290
4194.000	9514.398
4196.000	7086.859
4198.000	5525.796
4200.000	9868.795
4202.000	5549.727
4204.000	5205.587
4206.000	5183.939
4208.000	9054.586
4210.000	9720.832
4212.000	9847.895
4214.000	9293.629
4216.000	7430.641
4218.000	9871.256
4220.000	6097.947
4222.000	8787.863
4224.000	9619.243
4226.000	9707.420
4228.000	6753.019
4230.000	9863.457
4232.000	6082.208
4234.000	4359.345
4236.000	5058.999
4238.000	4847.867
4240.000	5945.502
4242.000	5843.106
4244.000	4923.920
4246.000	4002.207
4248.000	4328.250
4250.000	4702.076
4252.000	6035.235
4254.000	5109.743
4256.000	5348.598
4258.000	4770.681
4260.000	6087.991
4262.000	4637.997
4264.000	7416.290
4266.000	8339.213
4268.000	6935.965
4270.000	8369.512
4272.000	9474.463
4274.000	9495.981
4276.000	8332.231
4278.000	6888.270
4280.000	9861.949
4282.000	9500.410
4284.000	5611.955
4286.000	6304.441
4288.000	5922.260
4290.000	8534.146
4292.000	4935.964
4294.000	5627.360
4296.000	7856.493
4298.000	4591.662
4300.000	4537.166
4302.000	3683.361
4304.000	6434.408
4306.000	7176.398
4308.000	4474.466
4310.000	3965.579
4312.000	9676.486
4314.000	9952.350
4316.000	9505.985
4318.000	4411.367
4320.000	4745.959
4322.000	9886.780
4324.000	4233.763
4326.000	5545.645
4328.000	7751.600
4330.000	5817.885
4332.000	5007.273
4334.000	7549.636
4336.000	6474.080
4338.000	5259.535
4340.000	7860.855
4342.000	7859.614
4344.000	5274.046
4346.000	4635.701
4348.000	3966.379
4350.000	4463.771
4352.000	7689.478
4354.000	8807.530
4356.000	4377.893
4358.000	6747.512
4360.000	5965.052
4362.000	3584.244
4364.000	7520.619
4366.000	4505.839
4368.000	4550.414
4370.000	8967.375
4372.000	4985.042
4374.000	4502.519
4376.000	7534.236
4378.000	8165.947
4380.000	9329.327
4382.000	7626.322
4384.000	4022.962
4386.000	5797.751
4388.000	8004.091
4390.000	9588.075
4392.000	7558.467
4394.000	5145.745
4396.000	4899.621
4398.000	4045.809
4400.000	3678.615
4402.000	4705.176
4404.000	4868.419
4406.000	8434.369
4408.000	9953.886
4410.000	9972.182
4412.000	5793.219
4414.000	4741.901
4416.000	7068.134
4418.000	9552.889
4420.000	8636.591
4422.000	6623.922
4424.000	9553.937
4426.000	3840.537
4428.000	4187.997
4430.000	8315.600
4432.000	4635.207
4434.000	4743.651
4436.000	9364.871
4438.000	5916.908
4440.000	5083.788
4442.000	6364.438
4444.000	9445.967
4446.000	4043.921
4448.000	3904.738
4450.000	4200.168
4452.000	4671.690
4454.000	6417.159
4456.000	6288.051
4458.000	4150.299
4460.000	5354.815
4462.000	4341.690
4464.000	9547.652
4466.000	5982.830
4468.000	3896.334
4470.000	4087.219
4472.000	4677.581
4474.000	5208.249
4476.000	4414.554
4478.000	4938.610
4480.000	6005.038
4482.000	7583.069
4484.000	4085.129
4486.000	4152.699
4488.000	4359.607
4490.000	4273.371
4492.000	5897.791
4494.000	4232.549
4496.000	4491.151
4498.000	4948.672
4500.000	6054.149
4502.000	6100.222
4504.000	5059.286
4506.000	6947.213
4508.000	7143.633
4510.000	4352.432
4512.000	8105.685
4514.000	6164.015
4516.000	9083.158
4518.000	6980.672
4520.000	7537.660
4522.000	5014.114
4524.000	4693.902
4526.000	9800.593
4528.000	5819.557
4530.000	5207.408
4532.000	4509.351
4534.000	3797.276
4536.000	3511.644
4538.000	4831.103
4540.000	4285.270
4542.000	3713.265
4544.000	6320.194
4546.000	4756.192
4548.000	5359.215
4550.000	8067.945
4552.000	7796.733
4554.000	6708.057
4556.000	4123.198
4558.000	7394.562
4560.000	9760.467
4562.000	3737.351
4564.000	4860.226
4566.000	4490.190
4568.000	6305.982
4570.000	4827.648
4572.000	5524.455
4574.000	4214.092
4576.000	5016.736
4578.000	6668.143
4580.000	6019.828
4582.000	5325.300
4584.000	9990.288
4586.000	4987.669
4588.000	5906.563
4590.000	4175.545
4592.000	4374.599
4594.000	4064.586
4596.000	5597.173
4598.000	5460.441
4600.000	5239.786
4602.000	4163.665
4604.000	9347.655
4606.000	9782.810
4608.000	8285.453
4610.000	6130.835
4612.000	9222.047
4614.000	6408.870
4616.000	9599.200
4618.000	6205.207
4620.000	8615.718
4622.000	9620.624
4624.000	7622.267
4626.000	6956.412
4628.000	9754.590
4630.000	9628.284
4632.000	9041.165
4634.000	7880.669
4636.000	9942.463
4638.000	9570.686
4640.000	5974.989
4642.000	6251.069
4644.000	3938.869
4646.000	8183.580
4648.000	6804.273
4650.000	5041.140
4652.000	3837.969
4654.000	7354.869
4656.000	4419.697
4658.000	3582.180
4660.000	4584.151
4662.000	5089.925
4664.000	9387.664
4666.000	4801.512
4668.000	7748.909
4670.000	5152.642
4672.000	8581.055
4674.000	8630.128
4676.000	8852.863
4678.000	6860.740
4680.000	9476.190
4682.000	6922.841
4684.000	7754.706
4686.000	4378.532
4688.000	4466.896
4690.000	6783.467
4692.000	5464.939
4694.000	8848.972
4696.000	9909.142
4698.000	9526.994
4700.000	4224.079
4702.000	7191.898
4704.000	9740.078
4706.000	9832.743
4708.000	5525.059
4710.000	9675.384
4712.000	4064.055
4714.000	6053.634
4716.000	8631.325
4718.000	6645.116
4720.000	6744.598
4722.000	5932.398
4724.000	6367.231
4726.000	5462.034
4728.000	5161.614
4730.000	6878.082
4732.000	5549.055
4734.000	4877.842
4736.000	5471.782
4738.000	5126.401
4740.000	9353.228
4742.000	9931.067
4744.000	8649.524
4746.000	9305.349
4748.000	5869.920
4750.000	8906.948
4752.000	7434.305
4754.000	9471.371
4756.000	4841.606
4758.000	4667.914
4760.000	4261.445
4762.000	6534.667
4764.000	4145.073
4766.000	3802.433
4768.000	4091.199
4770.000	4481.299
4772.000	4637.096
4774.000	4545.260
4776.000	6990.297
4778.000	4680.988
4780.000	4712.899
4782.000	7057.936
4784.000	7268.896
4786.000	4975.045
4788.000	7376.880
4790.000	5052.622
4792.000	7870.412
4794.000	5241.536
4796.000	7649.537
4798.000	7982.994
4800.000	4799.666
4802.000	5090.088
4804.000	5437.128
4806.000	8035.928
4808.000	4403.943
4810.000	6283.945
4812.000	4327.879
4814.000	5191.821
4816.000	4716.032
4818.000	4196.580
4820.000	7113.128
4822.000	6281.757
4824.000	9668.535
4826.000	6675.849
4828.000	7409.711
4830.000	9134.015
4832.000	4611.384
4834.000	9674.605
4836.000	5542.318
4838.000	5682.335
4840.000	3940.089
4842.000	5866.391
4844.000	5146.110
4846.000	6091.825
4848.000	8281.336
4850.000	5150.310
4852.000	4123.413
4854.000	3794.108
4856.000	4874.265
4858.000	9353.805
4860.000	4553.996
4862.000	5570.149
4864.000	4460.318
4866.000	9546.343
4868.000	5397.133
4870.000	8385.229
4872.000	4680.246
4874.000	4049.078
4876.000	8589.816
4878.000	9092.311
4880.000	6860.807
4882.000	4907.540
4884.000	7179.179
4886.000	5557.085
4888.000	4971.870
4890.000	5917.139
4892.000	7962.918
4894.000	4650.662
4896.000	7633.024
4898.000	9958.012
4900.000	9351.846
4902.000	9949.138
4904.000	4976.865
4906.000	6056.739
4908.000	8036.837
4910.000	4310.882
4912.000	7935.721
4914.000	7268.213
4916.000	8380.165
4918.000	4470.124
4920.000	7441.786
4922.000	4216.010
4924.000	7089.874
4926.000	6877.484
4928.000	5979.697
4930.000	4950.719
4932.000	4755.549
4934.000	5732.133
4936.000	4592.401
4938.000	3948.724
4940.000	4305.037
4942.000	3725.825
4944.000	5540.449
4946.000	9938.917
4948.000	7946.403
4950.000	9167.939
4952.000	5584.475
4954.000	4633.826
4956.000	4108.054
4958.000	7157.948
4960.000	5047.928
4962.000	6216.648
4964.000	4148.668
4966.000	8577.441
4968.000	4186.552
4970.000	5465.625
4972.000	6199.298
4974.000	3892.955
4976.000	4050.020
4978.000	5109.953
4980.000	5766.898
4982.000	5088.148
4984.000	8528.671
4986.000	9827.028
4988.000	9622.777
4990.000	4741.585
4992.000	9082.969
4994.000	7846.971
4996.000	9471.500
4998.000	9800.593
5000.000	4111.351
5002.000	3468.988
5004.000	5977.316
5006.000	8477.047
5008.000	9975.638
5010.000	7382.321
5012.000	4582.733
5014.000	5887.851
5016.000	9252.081
5018.000	3894.361
5020.000	4467.194
5022.000	5687.187
5024.000	9311.469
5026.000	6991.854
5028.000	5531.623
5030.000	5376.073
5032.000	9942.123
5034.000	4290.363
5036.000	5401.016
5038.000	4601.137
5040.000	4715.164
5042.000	8484.522
5044.000	3921.811
5046.000	3772.202
5048.000	4288.430
5050.000	7036.647
5052.000	7758.921
5054.000	7036.633
5056.000	7056.477
5058.000	5775.045
5060.000	3777.229
5062.000	4191.288
5064.000	7503.575
5066.000	5013.212
5068.000	5810.518
5070.000	3357.747
5072.000	8992.820
5074.000	6628.801
5076.000	4117.539
5078.000	4296.752
5080.000	3887.840
5082.000	7705.025
5084.000	9019.602
5086.000	8660.492
5088.000	4102.001
5090.000	4084.247
5092.000	4846.834
5094.000	4077.711
5096.000	8936.887
5098.000	3786.637
5100.000	9167.119
5102.000	9507.983
5104.000	9672.966
5106.000	9630.413
5108.000	3806.256
5110.000	3887.935
5112.000	4001.554
5114.000	9327.378
5116.000	9785.477
5118.000	4274.069
5120.000	7990.833
5122.000	4409.915
5124.000	4704.915
5126.000	4617.136
5128.000	5219.238
5130.000	9831.605
5132.000	5369.915
5134.000	5522.755
5136.000	6961.974
5138.000	4855.835
5140.000	3829.436
5142.000	8606.010
5144.000	7283.793
5146.000	8712.028
5148.000	9234.982
5150.000	3718.081
5152.000	4992.316
5154.000	6472.600
5156.000	8991.984
5158.000	4471.542
5160.000	7612.704
5162.000	4140.274
5164.000	8873.907
5166.000	6411.453
5168.000	6851.913
5170.000	4600.499
5172.000	8131.820
5174.000	4784.863
5176.000	9088.918
5178.000	7285.743
5180.000	5469.247
5182.000	8458.765
5184.000	5594.845
5186.000	5584.448
5188.000	5070.068
5190.000	7949.160
5192.000	4722.772
5194.000	6439.011
5196.000	4705.888
5198.000	4511.957
5200.000	6501.731
5202.000	9280.208
5204.000	5525.498
5206.000	6132.821
5208.000	4990.206
5210.000	8125.048
5212.000	6275.792
5214.000	9203.673
5216.000	5503.922
5218.000	5102.968
5220.000	5000.724
5222.000	4008.849
5224.000	8812.990
5226.000	9064.271
5228.000	6161.648
5230.000	6538.003
5232.000	7794.273
5234.000	6740.056
5236.000	7125.599
5238.000	9578.556
5240.000	4771.439
5242.000	5258.979
5244.000	9963.254
5246.000	8658.146
5248.000	8831.359
5250.000	8219.870
5252.000	4235.065
5254.000	9661.509
5256.000	4320.197
5258.000	5715.812
5260.000	5069.234
5262.000	4432.273
5264.000	8525.247
5266.000	9462.031
5268.000	8352.833
5270.000	7431.100
5272.000	3844.022
5274.000	4391.245
5276.000	4583.698
5278.000	4058.453
5280.000	4090.007
5282.000	8092.859
5284.000	3934.464
5286.000	4169.781
5288.000	4404.082
5290.000	4657.982
5292.000	4514.495
5294.000	5417.305
5296.000	4147.581
5298.000	4965.498
5300.000	4810.272
5302.000	6057.592
5304.000	5091.227
5306.000	5037.422
5308.000	5430.990
5310.000	4161.869
5312.000	5044.221
5314.000	7990.374
5316.000	9737.273
5318.000	4446.714
5320.000	7949.632
5322.000	4503.532
5324.000	9351.520
5326.000	4510.321
5328.000	4311.859
5330.000	6966.904
5332.000	8246.552
5334.000	4289.095
5336.000	4889.448
5338.000	3867.502
5340.000	4550.919
5342.000	5379.237
5344.000	8816.336
5346.000	4625.647
5348.000	4179.002
5350.000	6224.826
5352.000	7044.375
5354.000	8203.452
5356.000	9264.952
5358.000	3981.604
5360.000	6382.925
5362.000	5842.351
5364.000	5038.464
5366.000	3763.206
5368.000	4131.473
5370.000	5574.000
5372.000	3872.348
5374.000	9686.040
5376.000	5597.713
5378.000	4303.516
5380.000	4032.870
5382.000	3710.436
5384.000	9541.793
5386.000	5467.247
5388.000	6216.293
5390.000	3718.752
5392.000	9469.955
5394.000	9552.129
5396.000	4090.737
5398.000	6601.699
5400.000	4784.554
5402.000	7850.066
5404.000	8864.783
5406.000	9738.308
5408.000	5292.744
5410.000	4626.968
5412.000	5895.854
5414.000	8375.208
5416.000	4335.356
5418.000	4083.117
5420.000	4828.779
5422.000	7028.581
5424.000	9985.677
5426.000	9951.611
5428.000	9597.084
5430.000	9931.775
5432.000	9904.577
5434.000	9223.781
5436.000	9799.490
5438.000	9167.408
5440.000	4480.060
5442.000	3991.222
5444.000	5355.753
5446.000	4173.744
5448.000	7036.561
5450.000	4198.548
5452.000	3820.028
5454.000	5755.691
5456.000	5188.905
5458.000	4116.697
5460.000	5568.911
5462.000	8065.367
5464.000	4241.331
5466.000	9897.456
5468.000	4930.779
5470.000	5836.291
5472.000	5193.470
5474.000	5263.740
5476.000	3587.238
5478.000	6855.392
5480.000	4273.287
5482.000	5187.383
5484.000	5009.520
5486.000	6848.006
5488.000	5535.192
5490.000	7150.101
5492.000	6677.283
5494.000	7076.621
5496.000	4189.941
5498.000	6091.921
5500.000	3497.479
5502.000	4111.308
5504.000	4304.851
5506.000	4344.403
5508.000	4988.777
5510.000	6718.940
5512.000	4545.479
5514.000	8884.569
5516.000	8177.374
5518.000	9887.650
5520.000	4614.671
5522.000	7067.589
5524.000	7938.253
5526.000	4183.057
5528.000	4129.245
5530.000	4478.948
5532.000	7155.007
5534.000	9874.559
5536.000	4781.185
5538.000	4793.721
5540.000	9666.818
5542.000	9916.844
5544.000	6923.997
5546.000	8683.877
5548.000	9920.205
5550.000	6653.443
5552.000	5269.498
5554.000	4200.781
5556.000	7697.448
5558.000	3853.561
5560.000	5193.942
5562.000	6406.618
5564.000	4737.128
5566.000	9278.206
5568.000	4644.212
5570.000	6422.661
5572.000	4507.863
5574.000	8832.344
5576.000	7831.409
5578.000	7128.107
5580.000	4211.932
5582.000	5671.121
5584.000	9713.945
5586.000	5611.882
5588.000	4810.325
5590.000	5796.661
5592.000	5428.831
5594.000	4775.757
5596.000	4761.888
5598.000	5552.921
5600.000	9963.282
5602.000	7573.407
5604.000	9432.613
5606.000	7229.337
5608.000	9661.000
5610.000	7883.309
5612.000	7134.123
5614.000	3640.070
5616.000	3727.767
5618.000	3705.612
5620.000	4798.767
5622.000	4088.788
5624.000	5586.356
5626.000	8805.259
5628.000	4789.232
5630.000	5196.073
5632.000	3644.137
5634.000	4969.359
5636.000	8459.155
5638.000	4539.939
5640.000	9693.345
5642.000	7692.585
5644.000	3876.067
5646.000	8143.722
5648.000	4171.519
5650.000	8048.500
5652.000	3705.033
5654.000	9098.510
5656.000	9901.958
5658.000	4854.569
5660.000	5646.088
5662.000	5153.358
5664.000	3942.092
5666.000	9771.229
5668.000	4241.476
5670.000	8520.617
5672.000	3483.431
5674.000	4134.362
5676.000	9736.756
5678.000	4395.340
5680.000	4162.237
5682.000	4550.473
5684.000	4687.729
5686.000	4337.532
5688.000	3713.605
5690.000	4337.980
5692.000	5135.987
5694.000	4372.277
5696.000	9782.233
5698.000	6810.806
5700.000	3756.566
5702.000	4025.013
5704.000	6223.235
5706.000	9026.076
5708.000	9243.977
5710.000	4048.843
5712.000	3846.679
5714.000	4167.990
5716.000	3977.471
5718.000	4238.059
5720.000	7877.782
5722.000	9631.798
5724.000	6566.885
5726.000	6179.588
5728.000	9447.018
5730.000	6128.160
5732.000	8271.168
5734.000	9462.365
5736.000	4866.779
5738.000	9344.520
5740.000	4856.052
5742.000	5217.189
5744.000	4681.234
5746.000	9692.590
5748.000	4655.174
5750.000	9465.657
5752.000	8180.082
5754.000	5905.681
5756.000	5184.634
5758.000	4241.667
5760.000	9395.008
5762.000	6770.820
5764.000	4765.961
5766.000	4935.684
5768.000	9349.436
5770.000	9851.516
5772.000	3819.471
5774.000	4975.784
5776.000	4057.380
5778.000	5406.029
5780.000	8660.406
5782.000	4455.559
5784.000	6752.718
5786.000	4425.577
5788.000	6424.296
5790.000	7848.491
5792.000	9643.506
5794.000	7847.448
5796.000	9972.097
5798.000	9071.070
5800.000	5041.731
5802.000	5615.972
5804.000	7655.102
5806.000	3837.804
5808.000	4220.961
5810.000	4146.840
5812.000	5399.241
5814.000	4657.627
5816.000	5288.212
5818.000	6632.954
5820.000	3957.491
5822.000	5882.302
5824.000	3923.826
5826.000	6529.497
5828.000	8433.042
5830.000	5454.020
5832.000	4235.271
5834.000	3787.037
5836.000	8615.590
5838.000	5131.636
5840.000	5573.278
5842.000	9128.150
5844.000	4401.150
5846.000	4906.966
5848.000	5440.797
5850.000	8879.246
5852.000	3775.158
5854.000	4056.954
5856.000	3481.641
5858.000	4297.680
5860.000	3617.567
5862.000	5469.247
5864.000	5523.684
5866.000	3836.109
5868.000	5014.259
5870.000	9310.623
5872.000	4893.556
5874.000	6497.777
5876.000	7555.598
5878.000	9895.937
5880.000	4629.484
5882.000	3981.996
5884.000	4237.894
5886.000	4474.023
5888.000	4461.495
5890.000	4693.016
5892.000	9556.087
5894.000	5260.036
5896.000	7778.762
5898.000	7078.289
5900.000	6078.917
5902.000	5642.301
5904.000	5231.868
5906.000	5194.508
5908.000	3249.401
5910.000	4661.860
5912.000	5717.585
5914.000	6828.244
5916.000	4928.477
5918.000	9509.696
5920.000	5766.803
5922.000	3676.398
5924.000	7745.756
5926.000	7253.742
5928.000	4322.910
5930.000	4162.108
5932.000	6723.077
5934.000	9513.410
5936.000	5093.997
5938.000	8339.074
5940.000	8600.018
5942.000	4409.603
5944.000	6897.232
5946.000	9139.144
5948.000	8005.894
5950.000	9419.731
5952.000	5716.328
5954.000	4448.122
5956.000	8660.858
5958.000	7824.125
5960.000	8925.299
5962.000	4041.265
5964.000	6695.484
5966.000	6334.493
5968.000	9854.833
5970.000	6544.465
5972.000	6787.485
5974.000	7567.088
5976.000	3195.650
5978.000	9744.411
5980.000	8401.917
5982.000	3736.493
5984.000	3408.669
5986.000	9338.056
5988.000	5595.654
5990.000	8659.222
5992.000	6506.638
5994.000	6839.655
5996.000	5569.472
5998.000	8716.563
6000.000	5917.642
6002.000	4148.880
6004.000	6253.370
6006.000	5495.394
6008.000	5368.193
6010.000	5685.210
6012.000	5137.259
6014.000	4148.505
6016.000	3769.491
6018.000	3682.726
6020.000	4306.985
6022.000	4343.899
6024.000	9466.480
6026.000	9150.741
6028.000	5441.179
6030.000	6110.710
6032.000	5108.072
6034.000	4604.057
6036.000	4115.466
6038.000	6444.683
6040.000	4658.911
6042.000	4148.831
6044.000	5972.386
6046.000	3833.609
6048.000	7408.671
6050.000	3855.506
6052.000	4958.394
6054.000	9773.175
6056.000	7256.538
6058.000	3665.159
6060.000	6967.921
6062.000	4904.603
6064.000	7240.307
6066.000	4431.957
6068.000	7740.695
6070.000	4197.809
6072.000	4014.579
6074.000	4301.416
6076.000	4521.058
6078.000	5405.358
6080.000	6279.107
6082.000	4985.663
6084.000	6974.102
6086.000	9984.217
6088.000	9569.424
6090.000	3935.895
6092.000	3953.350
6094.000	5550.479
6096.000	3629.608
6098.000	4039.287
6100.000	3831.222
6102.000	3914.261
6104.000	5461.863
6106.000	6642.302
6108.000	6473.478
6110.000	4863.667
6112.000	4648.731
6114.000	7540.663
6116.000	5656.265
6118.000	4320.288
6120.000	4674.950
6122.000	5087.754
6124.000	4128.070
6126.000	4753.226
6128.000	5764.197
6130.000	5425.533
6132.000	7322.736
6134.000	9997.544
6136.000	4276.341
6138.000	3884.142
6140.000	3976.599
6142.000	4432.081
6144.000	9776.111
6146.000	7954.715
6148.000	4751.870
6150.000	8519.409
6152.000	4615.368
6154.000	4593.364
6156.000	8520.534
6158.000	4140.850
6160.000	9062.078
6162.000	4309.890
6164.000	5414.475
6166.000	4949.720
6168.000	5917.220
6170.000	4832.598
6172.000	4184.967
6174.000	6793.337
6176.000	6006.923
6178.000	4277.885
6180.000	4181.947
6182.000	4247.932
6184.000	6482.985
6186.000	6818.232
6188.000	9210.877
6190.000	8196.656
6192.000	9895.122
6194.000	7379.662
6196.000	7276.960
6198.000	5001.083
6200.000	4795.338
6202.000	6088.108
6204.000	8591.744
6206.000	5510.156
6208.000	5279.698
6210.000	7043.833
6212.000	8637.190
6214.000	8636.655
6216.000	6717.243
6218.000	9162.754
6220.000	4786.323
6222.000	9941.328
6224.000	5562.046
6226.000	7087.277
6228.000	4732.288
6230.000	8318.897
6232.000	8445.618
6234.000	8694.716
6236.000	4091.069
6238.000	4556.677
6240.000	8715.123
6242.000	9267.787
6244.000	7061.184
6246.000	8328.127
6248.000	6744.754
6250.000	5833.437
6252.000	4855.294
6254.000	7688.544
6256.000	9003.723
6258.000	9831.467
6260.000	6346.833
6262.000	6169.802
6264.000	3962.408
6266.000	5969.418
6268.000	6707.928
6270.000	7740.075
6272.000	4339.921
6274.000	9842.636
6276.000	4437.932
6278.000	9650.025
6280.000	7994.519
6282.000	5493.556
6284.000	4625.094
6286.000	4575.839
6288.000	4874.415
6290.000	7199.063
6292.000	9020.302
6294.000	8967.236
6296.000	4753.660
6298.000	4175.846
6300.000	9974.181
6302.000	9724.468
6304.000	9356.821
6306.000	5751.471
6308.000	8553.238
6310.000	7003.002
6312.000	9536.176
6314.000	5812.400
6316.000	6807.943
6318.000	4965.392
6320.000	4660.319
6322.000	8304.537
6324.000	4213.955
6326.000	4341.143
6328.000	3663.205
6330.000	8425.677
6332.000	7584.720
6334.000	6838.272
6336.000	4118.327
6338.000	5265.125
6340.000	4135.663
6342.000	4229.105
6344.000	7877.942
6346.000	4870.236
6348.000	7744.877
6350.000	8521.993
6352.000	7552.288
6354.000	7721.218
6356.000	3714.742
6358.000	7712.908
6360.000	4382.333
6362.000	5729.182
6364.000	5303.592
6366.000	4792.501
6368.000	4121.212
6370.000	6467.828
6372.000	5181.926
6374.000	5623.199
6376.000	9759.483
6378.000	4707.943
6380.000	3883.392
6382.000	9576.581
6384.000	6731.914
6386.000	3766.971
6388.000	8832.098
6390.000	4155.077
6392.000	4801.691
6394.000	6305.857
6396.000	3829.664
6398.000	5551.629
6400.000	4296.890
6402.000	4561.313
6404.000	8695.628
6406.000	9987.338
6408.000	9905.844
6410.000	4513.383
6412.000	6196.905
6414.000	4353.727
6416.000	6297.966
6418.000	4794.638
6420.000	5190.196
6422.000	9691.861
6424.000	4541.395
6426.000	9426.002
6428.000	5593.982
6430.000	5479.771
6432.000	6081.826
6434.000	4945.067
6436.000	3801.035
6438.000	3726.622
6440.000	3860.511
6442.000	6372.310
6444.000	4003.789
6446.000	4518.512
6448.000	4632.852
6450.000	5747.437
6452.000	6427.734
6454.000	8416.800
6456.000	8062.678
6458.000	9859.883
6460.000	9909.424
6462.000	5140.846
6464.000	4552.282
6466.000	9152.521
6468.000	4151.917
6470.000	8164.722
6472.000	5084.916
6474.000	5379.536
6476.000	4858.606
6478.000	3544.995
6480.000	3448.811
6482.000	9233.880
6484.000	3981.181
6486.000	4236.003
6488.000	4775.056
6490.000	4926.601
6492.000	5491.867
6494.000	5810.373
6496.000	3682.493
6498.000	4858.233
6500.000	3731.753
6502.000	4214.199
6504.000	3484.794
6506.000	4598.155
6508.000	4072.323
6510.000	4606.102
6512.000	4362.687
6514.000	4613.907
6516.000	8325.101
6518.000	4349.204
6520.000	4446.680
6522.000	7782.013
6524.000	5093.110
6526.000	4668.096
6528.000	9549.248
6530.000	3835.530
6532.000	4322.985
6534.000	3775.751
6536.000	9203.454
6538.000	3908.524
6540.000	4175.180
6542.000	4796.989
6544.000	8836.355
6546.000	4847.630
6548.000	3805.246
6550.000	5705.026
6552.000	4950.057
6554.000	3711.789
6556.000	5863.359
6558.000	4619.947
6560.000	7104.596
6562.000	5715.690
6564.000	9909.875
6566.000	4088.917
6568.000	4740.584
6570.000	4034.487
6572.000	4260.585
6574.000	4960.067
6576.000	6505.799
6578.000	9574.449
6580.000	4317.284
6582.000	5001.995
6584.000	3993.323
6586.000	3745.441
6588.000	4027.321
6590.000	4966.589
6592.000	5834.600
6594.000	9825.781
6596.000	3783.499
6598.000	9990.890
6600.000	5208.186
6602.000	6648.058
6604.000	9493.599
6606.000	5230.179
6608.000	4822.501
6610.000	4046.411
6612.000	6503.613
6614.000	4340.775
6616.000	5283.358
6618.000	9231.482
6620.000	5346.939
6622.000	6868.560
6624.000	6465.463
6626.000	4288.699
6628.000	4132.802
6630.000	5389.291
6632.000	6014.901
6634.000	7016.730
6636.000	4293.039
6638.000	5172.269
6640.000	4288.346
6642.000	7375.130
6644.000	3974.952
6646.000	5838.571
6648.000	4000.078
6650.000	5299.912
6652.000	7980.031
6654.000	9739.724
6656.000	7787.389
6658.000	7842.589
6660.000	5478.969
6662.000	5360.443
6664.000	4514.717
6666.000	9730.364
6668.000	5470.897
6670.000	6280.670
6672.000	4150.294
6674.000	4222.793
6676.000	6745.969
6678.000	4077.181
6680.000	3892.676
6682.000	6687.950
6684.000	4811.189
6686.000	7539.422
6688.000	6997.810
6690.000	4825.808
6692.000	3878.074
6694.000	8309.946
6696.000	9441.640
6698.000	8667.561
6700.000	5399.509
6702.000	5085.094
6704.000	5089.984
6706.000	4652.364
6708.000	5532.352
6710.000	6416.237
6712.000	5187.614
6714.000	5495.932
6716.000	6961.306
6718.000	6095.983
6720.000	7067.775
6722.000	6293.448
6724.000	5819.392
6726.000	4487.223
6728.000	3693.564
6730.000	8239.938
6732.000	9656.500
6734.000	3776.959
6736.000	6068.041
6738.000	7389.385
6740.000	6299.561
6742.000	4114.338
6744.000	4421.857
6746.000	6137.663
6748.000	5037.699
6750.000	8711.091
6752.000	5491.963
6754.000	5177.281
6756.000	6896.221
6758.000	9975.381
6760.000	5244.070
6762.000	4052.046
6764.000	5481.289
6766.000	4264.591
6768.000	4368.158
6770.000	4708.700
6772.000	5605.244
6774.000	6690.186
6776.000	9041.682
6778.000	8051.812
6780.000	5156.945
6782.000	5606.417
6784.000	9573.186
6786.000	7444.029
6788.000	8311.850
6790.000	7603.397
6792.000	5809.094
6794.000	9598.327
6796.000	5571.869
6798.000	8250.107
6800.000	7624.336
6802.000	6535.868
6804.000	5880.316
6806.000	9232.779
6808.000	6942.892
6810.000	9879.432
6812.000	8173.248
6814.000	9687.521
6816.000	8204.573
6818.000	9581.534
6820.000	4619.004
6822.000	8322.257
6824.000	5274.733
6826.000	4679.077
6828.000	8820.623
6830.000	4597.608
6832.000	7407.174
6834.000	8812.299
6836.000	8240.445
6838.000	7172.260
6840.000	5090.817
6842.000	8868.462
6844.000	6579.750
6846.000	6017.966
6848.000	6872.829
6850.000	7378.708
6852.000	7818.751
6854.000	7356.577
6856.000	4498.460
6858.000	4173.284
6860.000	4299.271
6862.000	6085.215
6864.000	6408.268
6866.000	4743.496
6868.000	4880.227
6870.000	5366.142
6872.000	4434.654
6874.000	7407.520
6876.000	8217.736
6878.000	6295.632
6880.000	4360.016
6882.000	8817.363
6884.000	6716.401
6886.000	9918.962
6888.000	5135.653
6890.000	5548.445
6892.000	4473.535
6894.000	3696.935
6896.000	5318.112
6898.000	5004.518
6900.000	4389.242
6902.000	5354.337
6904.000	5369.004
6906.000	5668.112
6908.000	7134.049
6910.000	5002.685
6912.000	9838.020
6914.000	5332.229
6916.000	8686.325
6918.000	5216.259
6920.000	5154.914
6922.000	8025.041
6924.000	8854.866
6926.000	7264.696
6928.000	6301.293
6930.000	4910.833
6932.000	5238.407
6934.000	5294.337
6936.000	6215.040
6938.000	7026.709
6940.000	7552.223
6942.000	4620.014
6944.000	6594.824
6946.000	8510.873
6948.000	4620.008
6950.000	6219.135
6952.000	4215.633
6954.000	9846.559
6956.000	8885.249
6958.000	8076.664
6960.000	5967.362
6962.000	4614.561
6964.000	8331.812
6966.000	7458.327
6968.000	9140.439
6970.000	4630.481
6972.000	4371.327
6974.000	6525.020
6976.000	7211.957
6978.000	5466.106
6980.000	4161.422
6982.000	5598.028
6984.000	9337.355
6986.000	7176.516
6988.000	8110.215
6990.000	9533.566
6992.000	5133.390
6994.000	5042.856
6996.000	5438.580
6998.000	8762.549
7000.000	5082.386
7002.000	8201.211
7004.000	4084.472
7006.000	9408.433
7008.000	4055.509
7010.000	7337.948
7012.000	8683.986
7014.000	7557.270
7016.000	4145.976
7018.000	5075.920
7020.000	5270.630
7022.000	5493.435
7024.000	8945.564
7026.000	4369.353
7028.000	5133.413
7030.000	6569.102
7032.000	7085.806
7034.000	4596.862
7036.000	8594.161
7038.000	8338.794
7040.000	6794.039
7042.000	6339.832
7044.000	5433.277
7046.000	4833.859
7048.000	3559.264
7050.000	7868.314
7052.000	3983.781
7054.000	6924.768
7056.000	3965.277
7058.000	4201.156
7060.000	6592.852
7062.000	9693.857
7064.000	5657.947
7066.000	6399.508
7068.000	4245.436
7070.000	5968.047
7072.000	4999.992
7074.000	4671.608
7076.000	4157.229
7078.000	3873.834
7080.000	4780.706
7082.000	4321.419
7084.000	5563.139
7086.000	5815.525
7088.000	9112.793
7090.000	4780.804
7092.000	4692.005
7094.000	6712.440
7096.000	6930.624
7098.000	4083.840
7100.000	5669.026
7102.000	4508.622
7104.000	6450.842
7106.000	5113.704
7108.000	4184.892
7110.000	7779.492
7112.000	5018.550
7114.000	4570.705
7116.000	3997.145
7118.000	9311.768
7120.000	9830.523
7122.000	8648.063
7124.000	5737.610
7126.000	9652.164
7128.000	3716.522
7130.000	5758.098
7132.000	4973.986
7134.000	5613.628
7136.000	7663.102
7138.000	9496.214
7140.000	6198.416
7142.000	8499.782
7144.000	3859.557
7146.000	9983.073
7148.000	3826.685
7150.000	4389.137
7152.000	4709.178
7154.000	4821.332
7156.000	3800.915
7158.000	3822.175
7160.000	4474.178
7162.000	6255.897
7164.000	6730.483
7166.000	7613.719
7168.000	4038.861
7170.000	6580.396
7172.000	4739.933
7174.000	3939.662
7176.000	4618.722
7178.000	4049.186
7180.000	4602.517
7182.000	4760.548
7184.000	9651.843
7186.000	5312.458
7188.000	5521.442
7190.000	8397.460
7192.000	8968.922
7194.000	5486.512
7196.000	3940.245
7198.000	6083.313
7200.000	5945.137
7202.000	6971.478
7204.000	4471.111
7206.000	9063.021
7208.000	6456.773
7210.000	5592.266
7212.000	7390.482
7214.000	5395.661
7216.000	4599.284
7218.000	4266.106
7220.000	5770.433
7222.000	9797.946
7224.000	4672.705
7226.000	9223.683
7228.000	7851.605
7230.000	7878.316
7232.000	9589.290
7234.000	9634.463
7236.000	9126.643
7238.000	9362.480
7240.000	9609.927
7242.000	8788.950
7244.000	9827.999
7246.000	6908.546
7248.000	3646.747
7250.000	3537.520
7252.000	3575.370
7254.000	4521.557
7256.000	3693.192
7258.000	6425.991
7260.000	8352.572
7262.000	4353.303
7264.000	4241.042
7266.000	3779.426
7268.000	3553.305
7270.000	7801.728
7272.000	3217.370
7274.000	4122.237
7276.000	4236.642
7278.000	5062.875
7280.000	5094.742
7282.000	3391.750
7284.000	7161.141
7286.000	9600.497
7288.000	3566.327
7290.000	9930.302
7292.000	4863.918
7294.000	5473.390
7296.000	3683.509
7298.000	4317.086
7300.000	5806.944
7302.000	5545.547
7304.000	4181.551
7306.000	4067.349
7308.000	5222.579
7310.000	4715.426
7312.000	3807.675
7314.000	4020.603
7316.000	5301.267
7318.000	4098.222
7320.000	7037.272
7322.000	4263.250
7324.000	4805.162
7326.000	7964.010
7328.000	7483.052
7330.000	9290.432
7332.000	4147.650
7334.000	4661.193
7336.000	3992.659
7338.000	4662.572
7340.000	4060.076
7342.000	4499.814
7344.000	4842.454
7346.000	7121.767
7348.000	9922.607
7350.000	3898.807
7352.000	3730.681
7354.000	4855.104
7356.000	4608.077
7358.000	9386.930
7360.000	4952.373
7362.000	5098.896
7364.000	5062.639
7366.000	4936.181
7368.000	4589.781
7370.000	4539.099
7372.000	4024.599
7374.000	4705.399
7376.000	8814.908
7378.000	4399.493
7380.000	4154.993
7382.000	5878.113
7384.000	3866.910
7386.000	3558.181
7388.000	7041.469
7390.000	7125.628
7392.000	6892.018
7394.000	5093.423
7396.000	3703.977
7398.000	4116.492
7400.000	3781.704
7402.000	5079.325
7404.000	7252.549
7406.000	3940.865
7408.000	4205.290
7410.000	3953.385
7412.000	5355.852
7414.000	4456.261
7416.000	4367.353
7418.000	5578.062
7420.000	4095.567
7422.000	7941.910
7424.000	4678.184
7426.000	9135.788
7428.000	3890.089
7430.000	4090.680
7432.000	3999.637
7434.000	4050.378
7436.000	8406.074
7438.000	4209.987
7440.000	7859.685
7442.000	4895.868
7444.000	5562.703
7446.000	6642.999
7448.000	4061.984
7450.000	8707.694
7452.000	7066.728
7454.000	4447.520
7456.000	6175.644
7458.000	5599.900
7460.000	4007.037
7462.000	4291.051
7464.000	5297.703
7466.000	3618.112
7468.000	3590.470
7470.000	3903.369
7472.000	4360.360
7474.000	3698.097
7476.000	4084.932
7478.000	4580.413
7480.000	7742.656
7482.000	7162.422
7484.000	5354.963
7486.000	3495.450
7488.000	3683.073
7490.000	5989.157
7492.000	9941.186
7494.000	6881.030
7496.000	9376.822
7498.000	4776.274
7500.000	4957.145
7502.000	5009.095
7504.000	4792.303
7506.000	9695.315
7508.000	5418.257
7510.000	4287.596
7512.000	4145.290
7514.000	5345.151
7516.000	5097.851
7518.000	3773.910
7520.000	3326.607
7522.000	4316.042
7524.000	4408.503
7526.000	3842.080
7528.000	9456.919
7530.000	5972.263
7532.000	3636.733
7534.000	3703.898
7536.000	3918.136
7538.000	3968.421
7540.000	4029.982
7542.000	3730.749
7544.000	3966.053
7546.000	4238.369
7548.000	4695.446
7550.000	3344.855
7552.000	3773.064
7554.000	4129.852
7556.000	9725.690
7558.000	8111.197
7560.000	9865.944
7562.000	4151.892
7564.000	4784.640
7566.000	9458.973
7568.000	4961.869
7570.000	3899.868
7572.000	3989.120
7574.000	3852.338
7576.000	4129.255
7578.000	4556.653
7580.000	5992.269
7582.000	4385.230
7584.000	6146.773
7586.000	3925.555
7588.000	8100.068
7590.000	8630.277
7592.000	3298.677
7594.000	3928.579
7596.000	4061.927
7598.000	8950.897
7600.000	5208.568
7602.000	6773.256
7604.000	6063.192
7606.000	4357.802
7608.000	4762.781
7610.000	9038.983
7612.000	9924.332
7614.000	3943.440
7616.000	5314.833
7618.000	5369.070
7620.000	3896.796
7622.000	9849.037
7624.000	9038.631
7626.000	3521.504
7628.000	4686.392
7630.000	3694.786
7632.000	4372.095
7634.000	4192.110
7636.000	5105.264
7638.000	3700.718
7640.000	4763.601
7642.000	3830.346
7644.000	3998.623
7646.000	6023.868
7648.000	6355.299
7650.000	4922.445
7652.000	4822.260
7654.000	6122.171
7656.000	7486.108
7658.000	5947.340
7660.000	4443.106
7662.000	6215.727
7664.000	5338.064
7666.000	4441.106
7668.000	4573.112
7670.000	4791.973
7672.000	4316.315
7674.000	8848.702
7676.000	7451.944
7678.000	3942.426
7680.000	4528.782
7682.000	4807.577
7684.000	4299.001
7686.000	5297.751
7688.000	5696.312
7690.000	5372.002
7692.000	7723.923
7694.000	8080.092
7696.000	4363.895
7698.000	7195.033
7700.000	4238.111
7702.000	5133.443
7704.000	4726.618
7706.000	4544.216
7708.000	5657.056
7710.000	8047.161
7712.000	5052.131
7714.000	3939.158
7716.000	9648.341
7718.000	5887.921
7720.000	3863.504
7722.000	5620.014
7724.000	4452.876
7726.000	5067.302
7728.000	8315.541
7730.000	4295.062
7732.000	4220.619
7734.000	4252.968
7736.000	8189.006
7738.000	4723.009
7740.000	4991.293
7742.000	4688.543
7744.000	3974.680
7746.000	9739.315
7748.000	4630.610
7750.000	3947.440
7752.000	4351.606
7754.000	8935.879
7756.000	6035.319
7758.000	4490.775
7760.000	4524.852
7762.000	4747.388
7764.000	6837.788
7766.000	8854.056
7768.000	8176.145
7770.000	8854.551
7772.000	3731.393
7774.000	4688.411
7776.000	3862.193
7778.000	5984.804
7780.000	4675.804
7782.000	8065.386
7784.000	8239.042
7786.000	9736.076
7788.000	7139.841
7790.000	5094.235
7792.000	4452.728
7794.000	8622.522
7796.000	6300.792
7798.000	4468.060
7800.000	9171.029
7802.000	4903.408
7804.000	5623.153
7806.000	5077.489
7808.000	4733.613
7810.000	8310.600
7812.000	8742.161
7814.000	4855.104
7816.000	5285.579
7818.000	8453.304
7820.000	9276.328
7822.000	4810.658
7824.000	9851.210
7826.000	4449.867
7828.000	3738.402
7830.000	3751.977
7832.000	4748.644
7834.000	3791.485
7836.000	5247.214
7838.000	8973.405
7840.000	4038.903
7842.000	4342.762
7844.000	8284.251
7846.000	4021.680
7848.000	4812.632
7850.000	4741.301
7852.000	3975.179
7854.000	4240.959
7856.000	5009.448
7858.000	5252.650
7860.000	6429.016
7862.000	6404.639
7864.000	4201.440
7866.000	4234.931
7868.000	4442.013
7870.000	7476.611
7872.000	5243.904
7874.000	4692.959
7876.000	6972.580
7878.000	6697.931
7880.000	9366.886
7882.000	4967.644
7884.000	5069.323
7886.000	8347.248
7888.000	4276.241
7890.000	8814.306
7892.000	4510.402
7894.000	5310.344
7896.000	5527.409
7898.000	4799.150
7900.000	9534.087
7902.000	9146.632
7904.000	9611.041
7906.000	4713.377
7908.000	4726.509
7910.000	9426.002
7912.000	4025.027
7914.000	3606.640
7916.000	5070.754
7918.000	8496.527
7920.000	6428.031
7922.000	8854.146
7924.000	8350.710
7926.000	3502.586
7928.000	3657.201
7930.000	3943.596
7932.000	3976.885
7934.000	8699.146
7936.000	4297.367
7938.000	8876.870
7940.000	7627.090
7942.000	4682.864
7944.000	8253.959
7946.000	9792.520
7948.000	3758.038
7950.000	5032.633
7952.000	7766.603
7954.000	9878.059
7956.000	4929.781
7958.000	4136.463
7960.000	4302.537
7962.000	9672.966
7964.000	4045.170
7966.000	5266.717
7968.000	4478.493
7970.000	9315.802
7972.000	4473.092
7974.000	5106.664
7976.000	4057.971
7978.000	6756.255
7980.000	9795.411
7982.000	4229.788
7984.000	4820.091
7986.000	6180.729
7988.000	3713.079
7990.000	4245.679
7992.000	5763.301
7994.000	4260.064
7996.000	6840.501
7998.000	7238.983
8000.000	5249.784
8002.000	5542.203
8004.000	5812.885
8006.000	7637.527
8008.000	4888.096
8010.000	7671.288
8012.000	4552.966
8014.000	8137.044
8016.000	6050.983
8018.000	5160.008
8020.000	8504.680
8022.000	3940.375
8024.000	5640.437
8026.000	4742.133
8028.000	6460.630
8030.000	8786.400
8032.000	4534.962
8034.000	5143.640
8036.000	6874.538
8038.000	5402.667
8040.000	4167.023
8042.000	4389.911
8044.000	8101.499
8046.000	8003.245
8048.000	4633.172
8050.000	9361.901
8052.000	6995.224
8054.000	4531.104
8056.000	5681.037
8058.000	9998.663
8060.000	3897.638
8062.000	4935.614
8064.000	7106.190
8066.000	7172.984
8068.000	5717.360
8070.000	5119.725
8072.000	3305.339
8074.000	5643.929
8076.000	9997.084
8078.000	5773.207
8080.000	9496.861
8082.000	5882.243
8084.000	4870.550
8086.000	4842.474
8088.000	3663.070
8090.000	4271.128
8092.000	4671.759
8094.000	3553.632
8096.000	3987.124
8098.000	8820.355
8100.000	6105.279
8102.000	4033.062
8104.000	9331.251
8106.000	3856.185
8108.000	3794.839
8110.000	3875.084
8112.000	4839.359
8114.000	5690.216
8116.000	4128.246
8118.000	3939.212
8120.000	3460.650
8122.000	4501.030
8124.000	4850.135
8126.000	4457.048
8128.000	7613.885
8130.000	9241.451
8132.000	8524.434
8134.000	4314.930
8136.000	5877.885
8138.000	3596.123
8140.000	4033.818
8142.000	3713.395
8144.000	4897.120
8146.000	4443.475
8148.000	4358.031
8150.000	4584.277
8152.000	4591.100
8154.000	4101.456
8156.000	7495.113
8158.000	6092.432
8160.000	3709.796
8162.000	3915.295
8164.000	3996.581
8166.000	8976.643
8168.000	4878.969
8170.000	3969.837
8172.000	4481.939
8174.000	4678.982
8176.000	5237.422
8178.000	3900.593
8180.000	4296.821
8182.000	5613.601
8184.000	7079.929
8186.000	5062.500
8188.000	4316.583
8190.000	5344.224
8192.000	5890.121
8194.000	5257.693
8196.000	4503.136
8198.000	5542.027
8200.000	4249.917
8202.000	3993.987
8204.000	3931.706
8206.000	4152.541
8208.000	3658.914
8210.000	3433.061
8212.000	4795.886
8214.000	4613.485
8216.000	4874.640
8218.000	4441.129
8220.000	6104.188
8222.000	4947.048
8224.000	5582.380
8226.000	5758.793
8228.000	6743.422
8230.000	4089.878
8232.000	4382.190
8234.000	3947.918
8236.000	9543.335
8238.000	4877.042
8240.000	5345.938
8242.000	7406.969
8244.000	4451.141
8246.000	3834.170
8248.000	4120.720
8250.000	6687.617
8252.000	4767.892
8254.000	4626.286
8256.000	4026.469
8258.000	4355.725
8260.000	4532.419
8262.000	4598.719
8264.000	4451.220
8266.000	4316.722
8268.000	4916.066
8270.000	4033.043
8272.000	9261.479
8274.000	9341.237
8276.000	8173.747
8278.000	5313.090
8280.000	4618.115
8282.000	7586.670
8284.000	9784.872
8286.000	6858.713
8288.000	9739.615
8290.000	7457.433
8292.000	9827.611
8294.000	9399.749
8296.000	8950.529
8298.000	4921.853
8300.000	6148.346
8302.000	6797.434
8304.000	9182.707
8306.000	7357.215
8308.000	6461.768
8310.000	4467.957
8312.000	6846.404
8314.000	4014.884
8316.000	8911.506
8318.000	7776.887
8320.000	6295.428
8322.000	3928.247
8324.000	4881.499
8326.000	7141.363
8328.000	6368.674
8330.000	9777.620
8332.000	4567.666
8334.000	5119.206
8336.000	4468.151
8338.000	4873.480
8340.000	6656.049
8342.000	4014.782
8344.000	4865.964
8346.000	5070.134
8348.000	9280.085
8350.000	4307.555
8352.000	4556.873
8354.000	3796.750
8356.000	3711.413
8358.000	4068.665
8360.000	9653.689
8362.000	3781.806
8364.000	4407.114
8366.000	4562.413
8368.000	4171.060
8370.000	5158.159
8372.000	4067.681
8374.000	4228.551
8376.000	3877.591
8378.000	4531.133
8380.000	8225.208
8382.000	5023.465
8384.000	5038.413
8386.000	3841.063
8388.000	3973.197
8390.000	4120.037
8392.000	4900.979
8394.000	4560.961
8396.000	4757.680
8398.000	8225.169
8400.000	6428.980
8402.000	4481.893
8404.000	4694.060
8406.000	5228.357
8408.000	4341.392
8410.000	4266.927
8412.000	3817.868
8414.000	3380.213
8416.000	3737.198
8418.000	5613.112
8420.000	5216.439
8422.000	4710.897
8424.000	4290.892
8426.000	5884.916
8428.000	4038.154
8430.000	6037.683
8432.000	8817.943
8434.000	6223.658
8436.000	5089.092
8438.000	5694.514
8440.000	9515.074
8442.000	4763.940
8444.000	9742.394
8446.000	4220.695
8448.000	5192.905
8450.000	7212.480
8452.000	6165.095
8454.000	6530.868
8456.000	4903.877
8458.000	5175.458
8460.000	9359.788
8462.000	6139.719
8464.000	7409.742
8466.000	7961.552
8468.000	9186.365
8470.000	7274.893
8472.000	4175.891
8474.000	5479.581
8476.000	4782.557
8478.000	4293.928
8480.000	5405.459
8482.000	4745.635
8484.000	4380.057
8486.000	8280.883
8488.000	7052.548
8490.000	6044.913
8492.000	5123.558
8494.000	7168.879
8496.000	4104.157
8498.000	5789.579
8500.000	9776.989
8502.000	5315.855
8504.000	4541.058
8506.000	4799.349
8508.000	9630.307
8510.000	4138.724
8512.000	8312.246
8514.000	4598.240
8516.000	6026.474
8518.000	5452.628
8520.000	8393.332
8522.000	5868.635
8524.000	4493.991
8526.000	8982.083
8528.000	4459.998
8530.000	6620.988
8532.000	5033.905
8534.000	8790.081
8536.000	7708.368
8538.000	8986.254
8540.000	7734.472
8542.000	5293.235
8544.000	9880.694
8546.000	9632.518
8548.000	8152.109
8550.000	7217.352
8552.000	7146.668
8554.000	8583.698
8556.000	6268.552
8558.000	9671.086
8560.000	9051.503
8562.000	9624.585
8564.000	9661.375
8566.000	7670.899
8568.000	7875.555
8570.000	9880.189
8572.000	9766.790
8574.000	4961.862
8576.000	6239.367
8578.000	4966.518
8580.000	8274.214
8582.000	9895.178
8584.000	9194.804
8586.000	8838.642
8588.000	5652.080
8590.000	6010.842
8592.000	9337.405
8594.000	8015.087
8596.000	5068.474
8598.000	5339.480
8600.000	8536.782
8602.000	4792.725
8604.000	4193.715
8606.000	5485.562
8608.000	9528.375
8610.000	7951.792
8612.000	7542.296
8614.000	4399.854
8616.000	4632.612
8618.000	4223.485
8620.000	3943.319
8622.000	5887.304
8624.000	3672.378
8626.000	9881.619
8628.000	8675.874
8630.000	3878.178
8632.000	9697.285
8634.000	4684.281
8636.000	5962.101
8638.000	4862.037
8640.000	5301.323
8642.000	6301.145
8644.000	8404.958
8646.000	8439.949
8648.000	5083.766
8650.000	4271.008
8652.000	4923.335
8654.000	7004.453
8656.000	7979.866
8658.000	3635.195
8660.000	4047.939
8662.000	5909.339
8664.000	8732.210
8666.000	6489.278
8668.000	6290.743
8670.000	3563.284
8672.000	7008.484
8674.000	4072.233
8676.000	6719.938
8678.000	4163.869
8680.000	4141.894
8682.000	4467.074
8684.000	8958.218
8686.000	3774.769
8688.000	4392.873
8690.000	4179.278
8692.000	5364.390
8694.000	4372.765
8696.000	8444.512
8698.000	8718.832
8700.000	3998.783
8702.000	4080.228
8704.000	4600.171
8706.000	8237.346
8708.000	6743.540
8710.000	3591.751
8712.000	3953.686
8714.000	4046.824
8716.000	7480.352
8718.000	7132.048
8720.000	5762.890
8722.000	4590.501
8724.000	3972.576
8726.000	8287.997
8728.000	8468.534
8730.000	3870.722
8732.000	9088.681
8734.000	5857.118
8736.000	9451.581
8738.000	5284.713
8740.000	4651.016
8742.000	3703.422
8744.000	3318.246
8746.000	3235.404
8748.000	9676.970
8750.000	3356.207
8752.000	4385.208
8754.000	3796.833
8756.000	3938.820
8758.000	4397.793
8760.000	9574.791
8762.000	6735.832
8764.000	4378.697
8766.000	4193.008
8768.000	3955.680
8770.000	4424.913
8772.000	8445.187
8774.000	8359.168
8776.000	9757.268
8778.000	8401.593
8780.000	8820.690
8782.000	9941.442
8784.000	4943.081
8786.000	5392.479
8788.000	4498.146
8790.000	4825.521
8792.000	6100.991
8794.000	5106.581
8796.000	5035.907
8798.000	3710.025
8800.000	6442.632
8802.000	8186.984
8804.000	4135.574
8806.000	3864.700
8808.000	4903.318
8810.000	8904.193
8812.000	6119.869
8814.000	7118.958
8816.000	8783.542
8818.000	4766.476
8820.000	7382.853
8822.000	3911.597
8824.000	5310.239
8826.000	4384.043
8828.000	5060.131
8830.000	5410.808
8832.000	5969.264
8834.000	7336.742
8836.000	3972.282
8838.000	5504.226
8840.000	4444.569
8842.000	4054.989
8844.000	3913.417
8846.000	5755.234
8848.000	4186.924
8850.000	3678.153
8852.000	8675.334
8854.000	4848.406
8856.000	4331.409
8858.000	4051.777
8860.000	5640.656
8862.000	7471.270
8864.000	4192.579
8866.000	8129.599
8868.000	8303.171
8870.000	5004.331
8872.000	9149.948
8874.000	5253.696
8876.000	4138.965
8878.000	5331.854
8880.000	5700.675
8882.000	4467.607
8884.000	9202.627
8886.000	4188.269
8888.000	4820.919
8890.000	5024.045
8892.000	4281.872
8894.000	7886.754
8896.000	9717.089
8898.000	3962.651
8900.000	4485.177
8902.000	3647.763
8904.000	5176.804
8906.000	7783.856
8908.000	9269.391
8910.000	4256.185
8912.000	4400.760
8914.000	4157.234
8916.000	9873.551
8918.000	7066.155
8920.000	4511.173
8922.000	4427.546
8924.000	4655.019
8926.000	3813.946
8928.000	4461.301
8930.000	4158.118
8932.000	4026.660
8934.000	8056.449
8936.000	3455.905
8938.000	4837.968
8940.000	6779.545
8942.000	4458.046
8944.000	4067.448
8946.000	9922.607
8948.000	7558.943
8950.000	3711.844
8952.000	3573.066
8954.000	5934.167
8956.000	3866.377
8958.000	4019.708
8960.000	5735.493
8962.000	4470.663
8964.000	4344.804
8966.000	8501.089
8968.000	4466.158
8970.000	5527.111
8972.000	4707.803
8974.000	5699.705
8976.000	4293.071
8978.000	3910.095
8980.000	6334.275
8982.000	4298.443
8984.000	4671.214
8986.000	4654.235
8988.000	5130.184
8990.000	7094.235
8992.000	4125.405
8994.000	4435.603
8996.000	5777.660
8998.000	4515.759
9000.000	5069.337
9002.000	4273.266
9004.000	4825.373
9006.000	4810.897
9008.000	8073.930
9010.000	5131.454
9012.000	5402.231
9014.000	5136.479
9016.000	5509.067
9018.000	7629.446
9020.000	6107.688
9022.000	4440.399
9024.000	4924.595
9026.000	6542.486
9028.000	5899.190
9030.000	4379.231
9032.000	6239.791
9034.000	4838.485
9036.000	6183.384
9038.000	3750.038
9040.000	4441.486
9042.000	4260.048
9044.000	5722.188
9046.000	4849.250
9048.000	3978.398
9050.000	3966.252
9052.000	4644.014
9054.000	3527.235
9056.000	4031.013
9058.000	3441.637
9060.000	3799.123
9062.000	3997.154
9064.000	4051.560
9066.000	6018.216
9068.000	8825.988
9070.000	4921.067
9072.000	4632.427
9074.000	4677.744
9076.000	3175.036
9078.000	5068.260
9080.000	8114.258
9082.000	4837.665
9084.000	4696.446
9086.000	3829.188
9088.000	4282.756
9090.000	4985.684
9092.000	6820.248
9094.000	8112.803
9096.000	4679.447
9098.000	6867.084
9100.000	6320.710
9102.000	3507.174
9104.000	7909.788
9106.000	3989.462
9108.000	5959.663
9110.000	8046.232
9112.000	4178.937
9114.000	4514.787
9116.000	3978.453
9118.000	3145.210
9120.000	3706.811
9122.000	4015.583
9124.000	4571.119
9126.000	5018.695
9128.000	3885.177
9130.000	6368.255
9132.000	4090.608
9134.000	8131.725
9136.000	4202.864
9138.000	4849.324
9140.000	5348.557
9142.000	4397.049
9144.000	8297.395
9146.000	3854.730
9148.000	3851.039
9150.000	3846.556
9152.000	9906.380
9154.000	4047.836
9156.000	8837.005
9158.000	3889.433
9160.000	5402.910
9162.000	4154.472
9164.000	5455.105
9166.000	4497.252
9168.000	4609.388
9170.000	4117.101
9172.000	4393.095
9174.000	9794.778
9176.000	3907.257
9178.000	4020.339
9180.000	3964.731
9182.000	4333.948
9184.000	4917.538
9186.000	4787.553
9188.000	4578.378
9190.000	5559.711
9192.000	3734.650
9194.000	6194.535
9196.000	3592.737
9198.000	4632.402
9200.000	6121.687
9202.000	9620.731
9204.000	5328.599
9206.000	3959.165
9208.000	6630.972
9210.000	4530.332
9212.000	4340.494
9214.000	5973.400
9216.000	3896.992
9218.000	5930.176
9220.000	3303.323
9222.000	4494.501
9224.000	9002.885
9226.000	4391.721
9228.000	5938.426
9230.000	4071.181
9232.000	4706.270
9234.000	4049.422
9236.000	9909.903
9238.000	8931.525
9240.000	5007.569
9242.000	6388.170
9244.000	5361.302
9246.000	4606.425
9248.000	9292.266
9250.000	8463.452
9252.000	9418.228
9254.000	4143.505
9256.000	4225.873
9258.000	3943.623
9260.000	5431.803
9262.000	9620.226
9264.000	4860.287
9266.000	5878.331
9268.000	4208.039
9270.000	4366.499
9272.000	7014.511
9274.000	9405.740
9276.000	4777.001
9278.000	6931.189
9280.000	4158.202
9282.000	7026.582
9284.000	7799.090
9286.000	7671.744
9288.000	6746.923
9290.000	9448.196
9292.000	6769.912
9294.000	6877.579
9296.000	4240.066
9298.000	4952.457
9300.000	4032.301
9302.000	3828.784
9304.000	9521.655
9306.000	4169.362
9308.000	6002.689
9310.000	5095.197
9312.000	4011.157
9314.000	7061.799
9316.000	9562.121
9318.000	4768.832
9320.000	3983.326
9322.000	9950.758
9324.000	7957.642
9326.000	4608.302
9328.000	4567.786
9330.000	4048.410
9332.000	5039.069
9334.000	5821.590
9336.000	6422.851
9338.000	8332.131
9340.000	6829.368
9342.000	9131.045
9344.000	7293.341
9346.000	3995.682
9348.000	3922.663
9350.000	4017.112
9352.000	5371.811
9354.000	5588.319
9356.000	4878.347
9358.000	4076.403
9360.000	3602.506
9362.000	3597.665
9364.000	3782.135
9366.000	4037.981
9368.000	7199.018
9370.000	6413.826
9372.000	7078.289
9374.000	8826.390
9376.000	8186.253
9378.000	4105.570
9380.000	6026.275
9382.000	3757.206
9384.000	5055.893
9386.000	7989.806
9388.000	7540.859
9390.000	4379.253
9392.000	5784.377
9394.000	5976.639
9396.000	4316.460
9398.000	4242.395
9400.000	4633.733
9402.000	4773.329
9404.000	7167.493
9406.000	6905.752
9408.000	8998.443
9410.000	6808.915
9412.000	9969.243
9414.000	8722.566
9416.000	7898.183
9418.000	5371.298
9420.000	6970.222
9422.000	6481.236
9424.000	4443.066
9426.000	4807.099
9428.000	8922.510
9430.000	4425.908
9432.000	4425.903
9434.000	8373.295
9436.000	6280.976
9438.000	4137.191
9440.000	5872.979
9442.000	3769.903
9444.000	4067.762
9446.000	6425.967
9448.000	9183.289
9450.000	9463.728
9452.000	7799.736
9454.000	5598.595
9456.000	4751.955
9458.000	6038.269
9460.000	6472.251
9462.000	5211.631
9464.000	4127.420
9466.000	4835.677
9468.000	6345.492
9470.000	4347.109
9472.000	8959.785
9474.000	7686.101
9476.000	7322.043
9478.000	3528.943
9480.000	5181.016
9482.000	4811.734
9484.000	7769.236
9486.000	8498.247
9488.000	9558.893
9490.000	6351.428
9492.000	9355.589
9494.000	4168.878
9496.000	4126.520
9498.000	4188.757
9500.000	8181.888
9502.000	4672.185
9504.000	9453.736
9506.000	5797.163
9508.000	3337.563
9510.000	4530.561
9512.000	3950.601
9514.000	5378.182
9516.000	4278.510
9518.000	7236.110
9520.000	9938.094
9522.000	7830.564
9524.000	9554.042
9526.000	9056.281
9528.000	8575.223
9530.000	5413.609
9532.000	4535.730
9534.000	4193.281
9536.000	4294.506
9538.000	3915.784
9540.000	7057.907
9542.000	4409.831
9544.000	4668.196
9546.000	4052.116
9548.000	4213.318
9550.000	9945.530
9552.000	6508.097
9554.000	5553.984
9556.000	5433.116
9558.000	9604.044
9560.000	9573.080
9562.000	4637.330
9564.000	9659.231
9566.000	6715.184
9568.000	4899.917
9570.000	9691.376
9572.000	4443.690
9574.000	4084.908
9576.000	3771.450
9578.000	5057.677
9580.000	4431.455
9582.000	6572.648
9584.000	4626.556
9586.000	8061.298
9588.000	4060.918
9590.000	3935.842
9592.000	6934.971
9594.000	5530.402
9596.000	4345.156
9598.000	9546.579
9600.000	7807.534
9602.000	9260.961
9604.000	7837.577
9606.000	3884.402
9608.000	4535.086
9610.000	6809.447
9612.000	4620.977
9614.000	4302.591
9616.000	5540.863
9618.000	4719.700
9620.000	4893.488
9622.000	3980.844
9624.000	3936.589
9626.000	5017.285
9628.000	8310.481
9630.000	8093.329
9632.000	9920.488
9634.000	9525.665
9636.000	7506.906
9638.000	9545.349
9640.000	8705.125
9642.000	9500.177
9644.000	4910.397
9646.000	8680.371
9648.000	8174.859
9650.000	9894.700
9652.000	6430.772
9654.000	5360.278
9656.000	9661.160
9658.000	4611.457
9660.000	4192.736
9662.000	8674.426
9664.000	9445.967
9666.000	9034.927
9668.000	9993.212
9670.000	9477.118
9672.000	8448.404
9674.000	7486.784
9676.000	7851.163
9678.000	9816.753
9680.000	9568.162
9682.000	9648.100
9684.000	6617.818
9686.000	8392.948
9688.000	8888.922
9690.000	9995.879
9692.000	6106.286
9694.000	9881.534
9696.000	9580.480
9698.000	7174.786
9700.000	4586.638
9702.000	9133.057
9704.000	9904.802
9706.000	7107.554
9708.000	9226.078
9710.000	4309.917
9712.000	9467.896
9714.000	8848.657
9716.000	9813.268
9718.000	3705.029
9720.000	3607.062
9722.000	4467.641
9724.000	4072.971
9726.000	3907.095
9728.000	4100.615
9730.000	4733.993
9732.000	9597.825
9734.000	3776.300
9736.000	4575.334
9738.000	4133.371
9740.000	4790.958
9742.000	7717.112
9744.000	9055.457
9746.000	4772.040
9748.000	5014.923
9750.000	4751.067
9752.000	6243.527
9754.000	4632.612
9756.000	4642.603
9758.000	6730.743
9760.000	4993.712
9762.000	4529.094
9764.000	6979.287
9766.000	4512.442
9768.000	4019.541
9770.000	6011.143
9772.000	4335.998
9774.000	4141.234
9776.000	4566.876
9778.000	5879.036
9780.000	4202.905
9782.000	7805.049
9784.000	7177.685
9786.000	9723.600
9788.000	4016.407
9790.000	5151.941
9792.000	4697.903
9794.000	9333.152
9796.000	6457.623
9798.000	4758.343
9800.000	4938.112
9802.000	3847.402
9804.000	4489.120
9806.000	5959.806
9808.000	4063.927
9810.000	3826.285
9812.000	4010.640
9814.000	4095.514
9816.000	4659.272
9818.000	8193.880
9820.000	4889.126
9822.000	3705.734
9824.000	4918.802
9826.000	9801.724
9828.000	5977.798
9830.000	7104.697
9832.000	7934.998
9834.000	3865.335
9836.000	3860.339
9838.000	7025.916
9840.000	4135.614
9842.000	5074.944
9844.000	9681.839
9846.000	5018.500
9848.000	4778.174
9850.000	3810.712
9852.000	7074.264
9854.000	9837.631
9856.000	3500.685
9858.000	5028.085
9860.000	6393.669
9862.000	4247.227
9864.000	4941.251
9866.000	8632.331
9868.000	8921.344
9870.000	8654.961
9872.000	9928.378
9874.000	9182.829
9876.000	8593.164
9878.000	4301.177
9880.000	8313.238
9882.000	8676.176
9884.000	7729.117
9886.000	9106.646
9888.000	6459.108
9890.000	7249.258
9892.000	7213.809
9894.000	6849.905
9896.000	8879.156
9898.000	9472.427
9900.000	8623.397
9902.000	9876.687
9904.000	3943.440
9906.000	3514.571
9908.000	4437.903
9910.000	8714.622
9912.000	8598.786
9914.000	9754.863
9916.000	7914.065
9918.000	5039.171
9920.000	5003.152
9922.000	4054.635
9924.000	3804.389
9926.000	7782.812
9928.000	4370.801
9930.000	9186.970
9932.000	4890.945
9934.000	6053.676
9936.000	3681.625
9938.000	4535.328
9940.000	8526.479
9942.000	5648.734
9944.000	3982.884
9946.000	9569.845
9948.000	6449.098
9950.000	5930.701
9952.000	4782.432
9954.000	4480.440
9956.000	3801.740
9958.000	4378.295
9960.000	6564.088
9962.000	3752.479
9964.000	3975.891
9966.000	4381.434
9968.000	4352.068
9970.000	4887.232
9972.000	9967.816
9974.000	5001.758
9976.000	5303.543
9978.000	6930.127
9980.000	3761.227
9982.000	7826.218
9984.000	9933.078
9986.000	9652.753
9988.000	4499.686
9990.000	4635.769
9992.000	4888.048
9994.000	8973.983
9996.000	4860.823
9998.000	6854.677
