0.000	31913.980
2.000	32251.161
4.000	37119.942
6.000	34731.352
8.000	36825.978
10.000	32884.212
12.000	35039.528
14.000	34122.955
16.000	31481.576
18.000	33110.227
20.000	32531.913
22.000	33973.178
24.000	33458.833
26.000	37990.032
28.000	35239.120
30.000	32931.783
32.000	32044.937
34.000	37678.106
36.000	37716.051
38.000	35101.326
40.000	36636.942
42.000	33763.066
44.000	36923.578
46.000	32816.667
48.000	32157.365
50.000	31380.034
52.000	31033.334
54.000	37747.934
56.000	35287.676
58.000	37237.811
60.000	37264.903
62.000	31409.182
64.000	32938.946
66.000	35194.965
68.000	36998.886
70.000	34579.974
72.000	31704.238
74.000	37613.410
76.000	35302.698
78.000	31222.506
80.000	36120.591
82.000	37009.501
84.000	31419.099
86.000	37827.879
88.000	34681.897
90.000	31156.312
92.000	36556.574
94.000	37995.005
96.000	36203.567
98.000	33941.726
100.000	35936.115
102.000	37959.807
104.000	37298.824
106.000	37750.389
108.000	36384.345
110.000	31176.950
112.000	35324.897
114.000	34750.064
116.000	32873.659
118.000	37373.667
120.000	35770.036
122.000	32123.553
124.000	31109.838
126.000	37734.847
128.000	33225.514
130.000	35229.853
132.000	31354.892
134.000	32393.339
136.000	35778.119
138.000	35732.238
140.000	34041.246
142.000	35667.836
144.000	33525.500
146.000	37028.781
148.000	32992.613
150.000	31573.184
152.000	32066.474
154.000	35812.332
156.000	34677.062
158.000	37193.671
160.000	35713.918
162.000	36980.423
164.000	32197.794
166.000	33755.540
168.000	33419.345
170.000	31027.805
172.000	37978.848
174.000	31887.392
176.000	35142.054
178.000	37396.138
180.000	35019.799
182.000	31159.378
184.000	35682.818
186.000	37860.775
188.000	36046.947
190.000	31102.338
192.000	31921.000
194.000	37316.007
196.000	32411.425
198.000	34974.436
200.000	36999.672
202.000	31816.609
204.000	32758.024
206.000	32276.565
208.000	35886.129
210.000	31334.582
212.000	33799.763
214.000	33838.183
216.000	31298.540
218.000	33590.488
220.000	32190.354
222.000	35597.115
224.000	33570.415
226.000	37985.889
228.000	34953.026
230.000	31727.631
232.000	31222.785
234.000	36866.517
236.000	35032.480
238.000	35581.478
240.000	34247.098
242.000	36058.516
244.000	32162.413
246.000	31148.789
248.000	31151.018
250.000	31181.695
252.000	34394.551
254.000	33932.798
256.000	34638.093
258.000	31018.686
260.000	31006.812
262.000	31153.247
264.000	31011.505
266.000	34501.874
268.000	35431.985
270.000	35218.453
272.000	31860.848
274.000	33488.108
276.000	73300.868
278.000	33468.800
280.000	37747.934
282.000	31117.899
284.000	31911.349
286.000	35806.441
288.000	31677.998
290.000	37112.427
292.000	31009.849
294.000	36208.460
296.000	31250.239
298.000	36039.860
300.000	36421.631
302.000	32991.050
304.000	33544.227
306.000	37425.070
308.000	32255.044
310.000	37376.474
312.000	36265.766
314.000	36485.347
316.000	32076.514
318.000	31595.810
320.000	37569.187
322.000	31726.186
324.000	35850.300
326.000	36443.735
328.000	31864.346
330.000	32132.148
332.000	32609.276
334.000	36981.208
336.000	34646.362
338.000	37079.634
340.000	34265.292
342.000	34621.222
344.000	35668.201
346.000	34589.933
348.000	37928.804
350.000	33039.245
352.000	35398.855
354.000	36912.230
356.000	31375.794
358.000	36409.447
360.000	34003.028
362.000	33861.540
364.000	32933.963
366.000	31181.416
368.000	33337.776
370.000	35209.909
372.000	33936.765
374.000	34680.515
376.000	33559.418
378.000	36391.948
380.000	36386.625
382.000	36818.970
384.000	33807.637
386.000	36161.844
388.000	35944.273
390.000	31089.844
392.000	35448.574
394.000	37639.831
396.000	33430.572
398.000	37998.736
400.000	32875.521
402.000	32993.863
404.000	33695.453
406.000	31370.990
408.000	33975.166
410.000	37628.039
412.000	37166.683
414.000	37738.936
416.000	34120.615
418.000	34223.206
420.000	35965.430
422.000	35915.363
424.000	33530.341
426.000	31191.748
428.000	31064.888
430.000	34970.222
432.000	33805.996
434.000	32954.217
436.000	31344.452
438.000	31131.528
440.000	31115.397
442.000	34297.009
444.000	36809.243
446.000	32829.040
448.000	37677.291
450.000	33750.961
452.000	31389.084
454.000	37836.509
456.000	32849.165
458.000	37270.486
460.000	31905.502
462.000	31050.210
464.000	31189.234
466.000	36485.347
468.000	36643.494
470.000	32067.950
472.000	35706.229
474.000	32312.798
476.000	33944.372
478.000	31601.544
480.000	31163.839
482.000	37908.576
484.000	31227.264
486.000	31598.390
488.000	35490.836
490.000	33205.558
492.000	33772.888
494.000	33900.761
496.000	36148.708
498.000	34574.139
500.000	33665.164
502.000	35392.021
504.000	31421.083
506.000	34667.398
508.000	36219.379
510.000	31741.510
512.000	31570.894
514.000	31551.446
516.000	31370.142
518.000	33308.126
520.000	32019.307
522.000	33981.133
524.000	34362.653
526.000	32699.283
528.000	31219.707
530.000	32553.805
532.000	31932.121
534.000	31132.362
536.000	32218.047
538.000	36159.591
540.000	32503.375
542.000	35316.300
544.000	37694.825
546.000	37585.403
548.000	35982.150
550.000	37486.699
552.000	32851.024
554.000	37003.210
556.000	31640.874
558.000	34823.373
560.000	32785.776
562.000	37275.671
564.000	31165.791
566.000	31363.080
568.000	34125.964
570.000	32226.692
572.000	33386.030
574.000	31340.221
576.000	37622.348
578.000	31682.032
580.000	36614.988
582.000	35719.778
584.000	35877.997
586.000	33009.811
588.000	34293.632
590.000	34600.242
592.000	35470.956
594.000	32545.288
596.000	31027.805
598.000	34852.296
600.000	34907.135
602.000	36441.447
604.000	31410.881
606.000	33886.248
608.000	37104.520
610.000	37827.468
612.000	37483.068
614.000	33124.713
616.000	33520.015
618.000	33986.438
620.000	35208.841
622.000	31095.396
624.000	31736.304
626.000	31153.526
628.000	37405.777
630.000	37904.863
632.000	34844.973
634.000	36813.133
636.000	37864.480
638.000	31313.172
640.000	32138.671
642.000	31196.777
644.000	36947.471
646.000	33291.253
648.000	31771.333
650.000	32868.385
652.000	36994.956
654.000	37535.986
656.000	34145.368
658.000	35810.491
660.000	34377.576
662.000	36225.406
664.000	31212.153
666.000	31092.897
668.000	32048.180
670.000	37293.232
672.000	32872.728
674.000	37376.876
676.000	31856.477
678.000	37799.142
680.000	36887.991
682.000	36223.523
684.000	31964.943
686.000	31610.722
688.000	35320.956
690.000	33990.086
692.000	37197.643
694.000	32169.245
696.000	35453.986
698.000	37671.178
700.000	37664.253
702.000	35411.812
704.000	35903.886
706.000	36013.030
708.000	31288.137
710.000	34693.988
712.000	37954.843
714.000	32200.771
716.000	31241.550
718.000	37950.294
720.000	31661.871
722.000	32419.571
724.000	36137.081
726.000	37848.432
728.000	37335.607
730.000	35562.950
732.000	37819.253
734.000	31048.273
736.000	37221.097
738.000	32138.967
740.000	33908.352
742.000	31860.848
744.000	37720.135
746.000	36261.990
748.000	36975.712
750.000	37382.091
752.000	32045.231
754.000	33685.350
756.000	37077.660
758.000	36984.350
760.000	31363.363
762.000	33272.171
764.000	34821.633
766.000	37894.141
768.000	31713.476
770.000	34002.032
772.000	36742.066
774.000	36713.019
776.000	31068.490
778.000	37024.057
780.000	37740.981
782.000	33075.012
784.000	36790.191
786.000	37514.558
788.000	37204.001
790.000	32530.393
792.000	33073.442
794.000	34266.641
796.000	34713.698
798.000	31033.887
800.000	32985.114
802.000	31736.593
804.000	33582.068
806.000	37344.815
808.000	32612.329
810.000	32978.243
812.000	34925.337
814.000	31471.335
816.000	32606.529
818.000	32467.017
820.000	35660.897
822.000	34769.837
824.000	35464.455
826.000	34467.389
828.000	37675.661
830.000	34727.196
832.000	32599.204
834.000	31147.675
836.000	31987.548
838.000	37179.775
840.000	33424.156
842.000	32454.008
844.000	31344.734
846.000	35166.892
848.000	36032.403
850.000	37634.544
852.000	35457.596
854.000	31620.479
856.000	33993.072
858.000	32394.845
860.000	31054.917
862.000	37055.570
864.000	36498.728
866.000	31797.728
868.000	34201.027
870.000	37834.454
872.000	31204.044
874.000	31099.560
876.000	35476.737
878.000	36683.632
880.000	37942.439
882.000	37731.986
884.000	34848.111
886.000	32177.864
888.000	31103.171
890.000	35475.292
892.000	32612.024
894.000	33050.532
896.000	35940.194
898.000	32256.239
900.000	34787.549
902.000	32197.199
904.000	36404.120
906.000	37387.307
908.000	33315.136
910.000	32658.504
912.000	33483.601
914.000	36048.066
916.000	33239.466
918.000	33545.842
920.000	32729.396
922.000	37941.613
924.000	33041.752
926.000	35361.119
928.000	34133.322
930.000	31343.606
932.000	31744.982
934.000	36523.223
936.000	31577.191
938.000	37861.598
940.000	35578.934
942.000	31737.172
944.000	37021.303
946.000	35691.959
948.000	32867.144
950.000	32086.857
952.000	32889.491
954.000	31337.966
956.000	36133.707
958.000	33043.006
960.000	34240.028
962.000	37369.657
964.000	35754.246
966.000	33815.514
968.000	37937.067
970.000	35714.284
972.000	32409.616
974.000	31057.132
976.000	31637.425
978.000	34961.797
980.000	31695.582
982.000	37196.849
984.000	31025.594
986.000	33385.070
988.000	32212.087
990.000	36833.377
992.000	32816.667
994.000	31539.732
996.000	36879.398
998.000	37839.797
1000.000	35994.793
1002.000	35372.970
1004.000	34971.626
1006.000	37685.444
1008.000	37124.690
1010.000	32322.694
1012.000	33102.990
1014.000	31283.079
1016.000	34429.230
1018.000	36677.452
1020.000	37669.956
1022.000	35896.115
1024.000	31056.578
1026.000	31134.867
1028.000	37679.329
1030.000	32434.062
1032.000	32733.087
1034.000	32499.432
1036.000	35315.942
1038.000	34343.340
1040.000	33006.995
1042.000	32484.277
1044.000	34943.207
1046.000	32732.472
1048.000	37868.596
1050.000	33626.811
1052.000	36563.098
1054.000	36806.520
1056.000	32449.473
1058.000	33597.293
1060.000	31955.266
1062.000	37328.005
1064.000	35140.991
1066.000	36260.858
1068.000	32468.227
1070.000	37708.293
1072.000	34652.222
1074.000	33712.412
1076.000	37559.058
1078.000	33363.963
1080.000	32646.260
1082.000	35508.565
1084.000	31460.817
1086.000	34003.360
1088.000	31363.928
1090.000	34707.125
1092.000	31459.681
1094.000	34409.162
1096.000	31921.878
1098.000	35959.117
1100.000	31002.672
1102.000	35283.386
1104.000	31742.378
1106.000	33198.595
1108.000	35462.650
1110.000	37018.548
1112.000	36983.957
1114.000	31860.848
1116.000	37472.180
1118.000	33203.342
1120.000	34879.519
1122.000	35017.334
1124.000	31971.986
1126.000	37392.927
1128.000	34021.296
1130.000	37943.266
1132.000	37464.118
1134.000	33059.943
1136.000	33320.235
1138.000	35168.312
1140.000	36852.864
1142.000	32334.096
1144.000	37593.923
1146.000	33253.747
1148.000	31843.079
1150.000	37200.822
1152.000	33713.391
1154.000	35606.577
1156.000	32478.824
1158.000	34952.675
1160.000	32016.069
1162.000	33248.667
1164.000	32318.794
1166.000	32704.196
1168.000	31910.764
1170.000	35743.606
1172.000	36714.954
1174.000	34997.630
1176.000	36765.336
1178.000	32616.910
1180.000	34395.909
1182.000	37941.613
1184.000	31817.771
1186.000	31934.170
1188.000	35866.174
1190.000	31935.634
1192.000	34470.459
1194.000	34259.225
1196.000	37227.064
1198.000	36547.368
1200.000	34723.042
1202.000	31934.756
1204.000	36239.729
1206.000	35776.649
1208.000	33304.304
1210.000	31317.114
1212.000	34541.222
1214.000	31104.282
1216.000	32758.024
1218.000	36979.638
1220.000	36393.469
1222.000	37596.763
1224.000	36267.276
1226.000	37192.083
1228.000	35945.757
1230.000	32770.044
1232.000	36797.576
1234.000	35079.407
1236.000	35611.310
1238.000	37279.661
1240.000	36001.862
1242.000	37537.604
1244.000	35996.653
1246.000	35148.438
1248.000	34753.878
1250.000	34111.258
1252.000	37872.302
1254.000	31422.216
1256.000	32183.513
1258.000	31512.053
1260.000	37426.277
1262.000	34247.098
1264.000	34554.587
1266.000	37611.785
1268.000	37194.863
1270.000	33883.611
1272.000	36916.533
1274.000	35271.595
1276.000	31038.865
1278.000	32889.491
1280.000	31482.430
1282.000	31806.149
1284.000	76912.091
1286.000	37330.005
1288.000	35939.081
1290.000	31981.380
1292.000	31011.781
1294.000	36971.787
1296.000	36333.484
1298.000	37950.708
1300.000	36469.301
1302.000	31099.838
1304.000	36677.065
1306.000	35399.575
1308.000	33397.234
1310.000	35918.696
1312.000	31719.252
1314.000	33115.894
1316.000	36960.801
1318.000	34580.317
1320.000	31139.599
1322.000	36620.378
1324.000	33487.142
1326.000	35940.564
1328.000	33216.325
1330.000	35652.866
1332.000	37521.025
1334.000	35295.543
1336.000	33451.763
1338.000	31126.520
1340.000	31005.432
1342.000	37089.900
1344.000	37912.702
1346.000	35968.030
1348.000	35770.771
1350.000	36688.269
1352.000	33833.910
1354.000	37715.234
1356.000	36815.468
1358.000	31506.067
1360.000	33156.877
1362.000	36709.150
1364.000	34060.554
1366.000	36706.442
1368.000	34358.585
1370.000	31730.522
1372.000	35889.087
1374.000	34929.190
1376.000	32750.324
1378.000	33344.798
1380.000	36956.487
1382.000	31357.433
1384.000	33633.630
1386.000	33908.352
1388.000	31843.662
1390.000	35255.885
1392.000	32312.498
1394.000	36370.667
1396.000	32925.557
1398.000	37099.777
1400.000	33590.812
1402.000	35639.733
1404.000	32490.944
1406.000	37996.663
1408.000	37566.755
1410.000	36541.233
1412.000	36345.238
1414.000	37356.831
1416.000	37216.722
1418.000	34135.329
1420.000	32358.128
1422.000	31038.588
1424.000	32044.347
1426.000	34301.062
1428.000	33992.077
1430.000	34340.292
1432.000	31106.504
1434.000	37406.581
1436.000	32927.736
1438.000	31117.621
1440.000	33229.001
1442.000	35841.077
1444.000	36933.366
1446.000	34263.270
1448.000	35695.251
1450.000	31507.207
1452.000	33944.042
1454.000	37925.500
1456.000	36559.260
1458.000	32756.176
1460.000	31765.248
1462.000	37992.933
1464.000	36638.483
1466.000	32650.850
1468.000	33632.655
1470.000	31773.362
1472.000	35712.087
1474.000	32377.078
1476.000	31716.363
1478.000	34101.907
1480.000	32326.894
1482.000	36869.248
1484.000	32990.425
1486.000	31458.544
1488.000	33517.434
1490.000	33655.730
1492.000	36689.815
1494.000	33402.359
1496.000	33011.375
1498.000	31178.625
1500.000	31638.000
1502.000	36789.802
1504.000	34904.687
1506.000	32976.682
1508.000	31458.260
1510.000	31394.743
1512.000	31967.290
1514.000	31720.696
1516.000	31271.563
1518.000	32324.193
1520.000	33487.464
1522.000	37925.913
1524.000	33785.992
1526.000	33805.996
1528.000	36887.991
1530.000	36122.090
1532.000	32353.920
1534.000	36090.649
1536.000	31246.875
1538.000	37723.404
1540.000	33809.606
1542.000	35255.171
1544.000	33225.197
1546.000	34671.539
1548.000	36272.942
1550.000	34335.214
1552.000	37945.333
1554.000	32562.631
1556.000	36333.863
1558.000	32303.807
1560.000	32243.100
1562.000	34375.880
1564.000	31384.276
1566.000	37421.451
1568.000	31168.859
1570.000	31287.575
1572.000	31707.990
1574.000	31946.766
1576.000	32167.760
1578.000	35273.023
1580.000	31850.068
1582.000	34207.073
1584.000	31400.404
1586.000	35811.964
1588.000	37340.411
1590.000	36214.107
1592.000	35852.145
1594.000	37338.810
1596.000	31654.390
1598.000	31908.425
1600.000	34620.189
1602.000	32783.925
1604.000	32986.051
1606.000	37819.664
1608.000	32117.333
1610.000	36742.066
1612.000	35812.700
1614.000	33161.297
1616.000	33859.894
1618.000	37980.504
1620.000	34604.023
1622.000	35367.942
1624.000	34639.471
1626.000	35180.390
1628.000	32033.442
1630.000	31021.449
1632.000	31490.115
1634.000	37921.371
1636.000	32901.297
1638.000	33244.859
1640.000	31179.462
1642.000	34801.800
1644.000	35663.453
1646.000	32930.538
1648.000	32051.129
1650.000	37055.175
1652.000	37117.568
1654.000	31839.004
1656.000	33041.439
1658.000	31546.017
1660.000	35982.150
1662.000	34475.919
1664.000	34544.648
1666.000	31641.737
1668.000	36267.276
1670.000	36702.187
1672.000	35665.279
1674.000	32022.545
1676.000	34330.138
1678.000	31065.719
1680.000	36929.842
1682.000	31661.871
1684.000	33623.889
1686.000	33606.045
1688.000	34643.605
1690.000	36119.093
1692.000	37548.531
1694.000	36545.834
1696.000	33039.872
1698.000	33092.610
1700.000	35137.091
1702.000	33740.498
1704.000	33219.176
1706.000	37434.322
1708.000	37106.891
1710.000	32389.724
1712.000	36622.303
1714.000	32207.024
1716.000	31576.332
1718.000	37835.276
1720.000	34228.588
1722.000	31678.286
1724.000	31247.996
1726.000	32476.402
1728.000	37419.441
1730.000	35708.426
1732.000	37273.278
1734.000	37990.447
1736.000	36123.214
1738.000	33089.781
1740.000	36127.335
1742.000	32611.719
1744.000	31612.443
1746.000	31131.528
1748.000	31068.213
1750.000	32376.777
1752.000	37133.002
1754.000	33207.141
1756.000	33995.063
1758.000	31718.385
1760.000	37258.126
1762.000	33852.325
1764.000	37303.218
1766.000	31657.555
1768.000	31217.189
1770.000	32299.014
1772.000	34587.185
1774.000	32454.311
1776.000	34645.328
1778.000	36338.792
1780.000	35595.296
1782.000	31389.933
1784.000	33646.626
1786.000	32701.125
1788.000	34768.796
1790.000	31302.760
1792.000	35160.857
1794.000	37738.527
1796.000	34678.098
1798.000	31824.749
1800.000	31294.041
1802.000	36572.696
1804.000	34132.987
1806.000	37012.254
1808.000	32802.759
1810.000	37407.786
1812.000	32888.559
1814.000	37887.957
1816.000	36657.764
1818.000	37958.980
1820.000	37302.019
1822.000	33532.923
1824.000	33121.248
1826.000	32375.573
1828.000	37609.348
1830.000	36116.846
1832.000	33960.259
1834.000	31141.270
1836.000	32170.136
1838.000	31500.938
1840.000	35846.979
1842.000	33200.177
1844.000	36446.404
1846.000	35324.180
1848.000	31913.688
1850.000	32603.476
1852.000	33650.852
1854.000	32884.522
1856.000	32277.463
1858.000	33911.653
1860.000	33104.563
1862.000	37050.051
1864.000	37864.480
1866.000	37665.882
1868.000	37992.933
1870.000	37487.506
1872.000	34309.171
1874.000	35018.391
1876.000	31745.850
1878.000	37124.690
1880.000	34137.336
1882.000	34888.254
1884.000	31593.804
1886.000	33976.492
1888.000	32579.688
1890.000	37397.745
1892.000	31013.438
1894.000	31225.585
1896.000	31231.465
1898.000	36417.061
1900.000	36989.063
1902.000	31282.798
1904.000	32508.836
1906.000	36822.474
1908.000	31002.120
1910.000	37858.717
1912.000	32909.379
1914.000	33632.980
1916.000	35117.252
1918.000	37372.063
1920.000	37083.582
1922.000	33995.395
1924.000	32099.573
1926.000	34977.246
1928.000	37116.777
1930.000	34933.043
1932.000	31819.225
1934.000	31339.093
1936.000	33701.974
1938.000	37584.187
1940.000	31840.168
1942.000	34120.949
1944.000	33301.120
1946.000	35583.659
1948.000	31000.188
1950.000	36733.541
1952.000	35507.117
1954.000	32462.478
1956.000	34786.159
1958.000	36651.978
1960.000	32243.697
1962.000	31072.371
1964.000	37049.657
1966.000	35327.046
1968.000	36322.875
1970.000	35317.016
1972.000	31735.437
1974.000	36896.198
1976.000	37520.620
1978.000	37674.031
1980.000	34253.835
1982.000	36074.201
1984.000	33597.617
1986.000	33932.798
1988.000	31052.425
1990.000	31064.334
1992.000	31744.403
1994.000	33229.001
1996.000	37740.572
1998.000	35674.046
2000.000	35450.738
2002.000	31144.333
2004.000	33277.893
2006.000	36119.842
2008.000	32870.556
2010.000	31629.668
2012.000	37860.775
2014.000	33594.376
2016.000	33208.724
2018.000	31432.992
2020.000	33720.572
2022.000	33485.532
2024.000	32203.450
2026.000	37399.752
2028.000	36190.025
2030.000	33821.753
2032.000	37460.895
2034.000	31584.923
2036.000	37015.401
2038.000	36345.997
2040.000	34840.442
2042.000	32280.454
2044.000	31900.535
2046.000	33861.540
2048.000	34418.002
2050.000	33380.270
2052.000	31442.357
2054.000	35524.863
2056.000	32319.694
2058.000	33847.719
2060.000	33278.211
2062.000	37427.885
2064.000	31267.352
2066.000	34480.697
2068.000	36793.689
2070.000	33182.780
2072.000	37020.516
2074.000	33983.454
2076.000	37800.783
2078.000	33456.905
2080.000	32619.660
2082.000	31625.934
2084.000	37715.234
2086.000	33367.798
2088.000	36485.729
2090.000	35225.221
2092.000	36994.956
2094.000	36781.643
2096.000	35298.762
2098.000	37895.790
2100.000	34068.217
2102.000	32130.369
2104.000	31257.251
2106.000	35429.102
2108.000	37546.911
2110.000	37721.361
2112.000	37424.266
2114.000	37991.690
2116.000	37757.755
2118.000	37910.639
2120.000	37922.197
2122.000	37665.882
2124.000	37997.078
2126.000	37939.546
2128.000	37652.445
2130.000	37918.068
2132.000	37843.909
2134.000	37687.483
2136.000	36895.416
2138.000	37187.714
2140.000	31010.953
2142.000	34387.759
2144.000	31186.721
2146.000	33388.270
2148.000	31219.427
2150.000	36017.499
2152.000	32935.831
2154.000	37689.522
2156.000	31131.249
2158.000	33126.288
2160.000	32131.259
2162.000	37703.394
2164.000	36528.586
2166.000	34445.233
2168.000	34619.845
2170.000	36052.917
2172.000	34068.550
2174.000	33515.176
2176.000	33423.514
2178.000	33516.144
2180.000	33347.671
2182.000	33376.432
2184.000	35037.061
2186.000	37988.375
2188.000	35553.874
2190.000	37857.071
2192.000	37826.236
2194.000	37875.185
2196.000	37921.371
2198.000	37722.995
2200.000	37935.827
2202.000	37851.723
2204.000	37892.492
2206.000	37707.476
2208.000	32529.482
2210.000	37905.276
2212.000	36125.087
2214.000	33639.802
2216.000	37347.618
2218.000	37799.552
2220.000	33488.108
2222.000	31534.021
2224.000	34791.024
2226.000	37344.815
2228.000	31031.122
2230.000	37292.035
2232.000	37591.082
2234.000	34090.225
2236.000	33980.470
2238.000	37716.051
2240.000	35425.138
2242.000	32141.637
2244.000	34387.419
2246.000	32168.948
2248.000	37672.401
2250.000	31202.367
2252.000	31695.582
2254.000	37898.676
2256.000	36963.155
2258.000	34221.861
2260.000	31730.811
2262.000	35737.737
2264.000	37472.986
2266.000	35141.700
2268.000	36209.589
2270.000	34888.953
2272.000	37908.576
2274.000	31267.633
2276.000	32277.164
2278.000	33938.088
2280.000	32770.353
2282.000	37027.600
2284.000	33219.493
2286.000	35823.382
2288.000	36321.739
2290.000	37999.980
2292.000	32281.352
2294.000	33799.107
2296.000	35949.096
2298.000	32229.674
2300.000	36023.459
2302.000	31987.254
2304.000	31738.618
2306.000	33629.083
2308.000	36380.924
2310.000	35001.499
2312.000	32822.852
2314.000	35424.418
2316.000	34956.885
2318.000	50105.940
2320.000	33541.320
2322.000	37006.749
2324.000	37731.577
2326.000	36999.672
2328.000	35333.856
2330.000	37659.366
2332.000	33210.624
2334.000	36318.330
2336.000	35371.533
2338.000	37689.115
2340.000	34019.302
2342.000	36133.332
2344.000	35040.586
2346.000	31703.372
2348.000	31062.117
2350.000	32696.521
2352.000	36408.306
2354.000	31760.324
2356.000	37997.492
2358.000	33666.465
2360.000	31168.301
2362.000	33083.495
2364.000	35565.855
2366.000	31390.216
2368.000	32736.472
2370.000	33302.394
2372.000	32247.578
2374.000	32083.606
2376.000	31180.020
2378.000	37004.783
2380.000	34044.906
2382.000	37331.606
2384.000	34650.843
2386.000	36998.886
2388.000	31491.254
2390.000	34308.496
2392.000	36707.989
2394.000	31659.569
2396.000	31314.299
2398.000	31136.259
2400.000	33726.449
2402.000	32613.245
2404.000	33647.601
2406.000	32803.377
2408.000	35049.754
2410.000	33883.941
2412.000	33313.224
2414.000	32859.082
2416.000	31933.585
2418.000	31690.680
2420.000	36349.031
2422.000	32058.800
2424.000	34694.679
2426.000	35926.847
2428.000	37097.801
2430.000	37817.611
2432.000	34432.633
2434.000	37671.178
2436.000	34361.297
2438.000	34000.373
2440.000	37238.209
2442.000	36255.573
2444.000	35725.641
2446.000	35423.697
2448.000	31815.446
2450.000	35159.792
2452.000	37601.634
2454.000	37878.892
2456.000	31278.865
2458.000	35548.431
2460.000	32864.043
2462.000	31009.296
2464.000	31218.028
2466.000	34955.481
2468.000	32423.494
2470.000	36371.806
2472.000	33896.142
2474.000	34922.886
2476.000	35947.983
2478.000	36278.609
2480.000	31666.765
2482.000	35268.023
2484.000	31310.357
2486.000	32723.246
2488.000	35647.028
2490.000	31043.015
2492.000	31328.664
2494.000	34582.721
2496.000	31161.609
2498.000	33864.833
2500.000	34513.840
2502.000	37337.208
2504.000	36436.491
2506.000	33107.710
2508.000	35360.401
2510.000	37645.527
2512.000	34227.578
2514.000	37487.506
2516.000	31580.627
2518.000	32514.906
2520.000	33420.628
2522.000	32084.197
2524.000	31070.430
2526.000	32344.305
2528.000	32971.999
2530.000	31415.981
2532.000	32699.897
2534.000	31220.267
2536.000	32322.094
2538.000	33268.040
2540.000	36357.758
2542.000	31590.079
2544.000	31757.138
2546.000	32138.078
2548.000	33782.060
2550.000	31699.910
2552.000	31293.197
2554.000	33184.045
2556.000	35805.705
2558.000	31593.231
2560.000	32567.198
2562.000	32842.351
2564.000	35627.338
2566.000	33842.786
2568.000	36195.290
2570.000	33086.009
2572.000	37700.129
2574.000	37858.717
2576.000	32680.261
2578.000	35101.326
2580.000	34887.555
2582.000	37376.876
2584.000	36701.414
2586.000	31272.686
2588.000	37985.889
2590.000	34325.063
2592.000	31236.226
2594.000	35465.900
2596.000	37129.439
2598.000	36021.224
2600.000	35067.399
2602.000	31307.543
2604.000	36139.331
2606.000	37481.454
2608.000	34400.665
2610.000	32787.319
2612.000	32822.543
2614.000	36578.458
2616.000	37175.807
2618.000	31538.875
2620.000	37345.215
2622.000	37682.998
2624.000	37530.728
2626.000	31348.120
2628.000	31066.828
2630.000	32995.426
2632.000	36254.441
2634.000	31205.442
2636.000	37567.971
2638.000	35896.485
2640.000	37052.416
2642.000	36716.503
2644.000	36985.528
2646.000	32328.994
2648.000	34865.553
2650.000	37923.022
2652.000	32415.648
2654.000	35132.838
2656.000	36402.598
2658.000	36305.080
2660.000	33580.125
2662.000	33569.768
2664.000	33476.199
2666.000	34440.805
2668.000	34734.816
2670.000	33006.057
2672.000	33447.587
2674.000	32937.077
2676.000	37641.865
2678.000	37268.492
2680.000	33047.709
2682.000	33192.900
2684.000	34031.268
2686.000	33969.533
2688.000	37078.449
2690.000	34091.226
2692.000	33434.423
2694.000	34317.961
2696.000	32980.117
2698.000	37314.808
2700.000	33147.726
2702.000	33018.573
2704.000	33462.691
2706.000	37042.564
2708.000	33438.596
2710.000	33778.784
2712.000	33878.997
2714.000	36155.838
2716.000	36457.086
2718.000	33004.493
2720.000	33454.655
2722.000	33338.414
2724.000	33275.032
2726.000	34703.321
2728.000	33650.527
2730.000	33461.083
2732.000	33626.161
2734.000	33778.784
2736.000	34056.891
2738.000	33799.763
2740.000	34039.583
2742.000	35351.429
2744.000	33639.802
2746.000	34485.135
2748.000	34046.570
2750.000	33934.120
2752.000	33993.736
2754.000	33642.076
2756.000	33896.142
2758.000	34485.135
2760.000	33590.812
2762.000	33748.345
2764.000	33428.005
2766.000	33901.421
2768.000	33471.695
2770.000	33585.954
2772.000	35024.729
2774.000	33603.127
2776.000	34145.034
2778.000	33697.409
2780.000	37097.801
2782.000	34076.216
2784.000	33473.303
2786.000	33997.717
2788.000	33271.853
2790.000	33945.034
2792.000	34207.745
2794.000	37826.647
2796.000	33626.486
2798.000	34911.334
2800.000	35597.115
2802.000	36274.831
2804.000	33624.214
2806.000	35562.950
2808.000	33512.597
2810.000	33283.300
2812.000	37558.248
2814.000	32796.582
2816.000	34325.740
2818.000	34035.924
2820.000	33068.418
2822.000	33872.737
2824.000	33443.091
2826.000	34093.562
2828.000	33564.592
2830.000	37722.178
2832.000	33253.747
2834.000	33584.011
2836.000	33912.644
2838.000	34338.261
2840.000	33976.823
2842.000	33579.478
2844.000	33962.577
2846.000	34211.777
2848.000	32977.931
2850.000	35769.668
2852.000	34641.193
2854.000	32905.027
2856.000	32814.194
2858.000	33676.882
2860.000	33255.334
2862.000	34696.753
2864.000	35174.705
2866.000	33936.765
2868.000	33075.012
2870.000	33986.770
2872.000	37402.564
2874.000	34185.585
2876.000	34580.317
2878.000	33982.127
2880.000	33510.662
2882.000	33781.077
2884.000	33498.415
2886.000	34356.213
2888.000	33834.567
2890.000	33651.828
2892.000	33753.905
2894.000	33739.518
2896.000	32679.648
2898.000	33337.138
2900.000	33501.314
2902.000	33564.916
2904.000	33065.592
2906.000	32970.751
2908.000	35964.687
2910.000	37014.614
2912.000	35384.830
2914.000	33133.851
2916.000	32887.938
2918.000	33047.396
2920.000	33031.412
2922.000	33476.842
2924.000	33419.025
2926.000	33178.355
2928.000	33889.546
2930.000	33927.509
2932.000	33151.828
2934.000	34161.779
2936.000	34044.241
2938.000	33702.952
2940.000	33990.418
2942.000	34474.554
2944.000	33582.392
2946.000	34139.679
2948.000	37566.755
2950.000	34720.965
2952.000	34011.329
2954.000	33770.268
2956.000	33681.116
2958.000	33918.258
2960.000	33689.586
2962.000	33237.880
2964.000	32988.551
2966.000	34412.901
2968.000	33109.283
2970.000	34847.065
2972.000	34275.746
2974.000	35034.946
2976.000	35383.751
2978.000	33671.022
2980.000	37760.212
2982.000	33612.207
2984.000	33720.898
2986.000	33628.434
2988.000	33595.997
2990.000	34108.586
2992.000	34008.672
2994.000	34379.612
2996.000	34245.078
2998.000	34535.742
3000.000	33563.945
3002.000	33794.843
3004.000	36382.064
3006.000	34616.405
3008.000	34194.647
3010.000	33882.952
3012.000	33712.739
3014.000	37402.966
3016.000	33989.423
3018.000	34629.139
3020.000	33318.322
3022.000	33920.240
3024.000	33971.190
3026.000	33366.839
3028.000	33148.041
3030.000	35731.138
3032.000	33822.082
3034.000	33177.407
3036.000	33354.697
3038.000	33800.747
3040.000	34190.283
3042.000	33850.022
3044.000	33704.909
3046.000	37238.209
3048.000	33636.228
3050.000	33488.430
3052.000	34552.188
3054.000	35193.543
3056.000	33347.671
3058.000	37484.278
3060.000	35137.800
3062.000	34667.053
3064.000	35577.844
3066.000	36233.697
3068.000	33991.413
3070.000	34318.299
3072.000	33777.473
3074.000	33660.283
3076.000	34015.647
3078.000	33182.464
3080.000	33851.338
3082.000	34156.754
3084.000	33786.320
3086.000	34269.675
3088.000	36328.937
3090.000	33840.813
3092.000	34723.388
3094.000	34752.491
3096.000	34255.519
3098.000	33900.101
3100.000	35506.031
3102.000	33739.518
3104.000	33737.230
3106.000	34459.887
3108.000	34231.615
3110.000	33932.137
3112.000	33606.370
3114.000	33781.405
3116.000	34369.774
3118.000	33328.844
3120.000	34062.553
3122.000	37366.851
3124.000	33884.600
3126.000	33374.513
3128.000	33491.328
3130.000	34150.390
3132.000	33342.244
3134.000	33254.382
3136.000	33298.573
3138.000	36105.240
3140.000	33629.083
3142.000	33917.928
3144.000	33427.043
3146.000	33939.742
3148.000	33966.552
3150.000	34575.855
3152.000	34352.147
3154.000	35138.864
3156.000	34032.266
3158.000	36554.656
3160.000	37441.968
3162.000	33992.077
3164.000	34137.336
3166.000	33936.435
3168.000	33665.489
3170.000	34785.811
3172.000	33452.406
3174.000	32912.489
3176.000	35741.772
3178.000	32934.274
3180.000	33223.295
3182.000	33627.135
3184.000	33057.746
3186.000	34254.845
3188.000	33717.634
3190.000	34944.609
3192.000	33430.251
3194.000	33906.041
3196.000	33155.930
3198.000	34542.250
3200.000	33039.872
3202.000	33039.245
3204.000	33339.691
3206.000	35123.626
3208.000	33587.897
3210.000	33235.659
3212.000	33435.065
3214.000	34313.566
3216.000	36042.844
3218.000	34368.417
3220.000	33343.521
3222.000	33869.772
3224.000	33610.261
3226.000	33006.057
3228.000	33390.190
3230.000	34115.268
3232.000	32873.038
3234.000	33921.561
3236.000	33910.002
3238.000	35269.094
3240.000	33273.125
3242.000	34086.555
3244.000	35061.397
3246.000	33793.860
3248.000	33606.370
3250.000	33459.155
3252.000	33697.735
3254.000	33429.289
3256.000	35601.118
3258.000	33890.865
3260.000	33765.030
3262.000	37030.356
3264.000	34029.938
3266.000	36580.763
3268.000	34343.340
3270.000	36372.946
3272.000	35697.081
3274.000	33253.429
3276.000	36561.563
3278.000	33861.540
3280.000	34151.730
3282.000	34925.687
3284.000	35762.690
3286.000	35021.208
3288.000	35022.264
3290.000	33680.790
3292.000	33609.288
3294.000	33731.676
3296.000	35942.790
3298.000	37171.442
3300.000	34081.552
3302.000	34400.326
3304.000	33053.668
3306.000	35285.531
3308.000	33347.033
3310.000	33437.633
3312.000	33852.654
3314.000	34582.721
3316.000	33522.596
3318.000	33912.974
3320.000	33750.307
3322.000	33165.718
3324.000	33388.910
3326.000	33998.049
3328.000	33985.775
3330.000	33890.535
3332.000	33549.720
3334.000	34486.501
3336.000	34490.599
3338.000	34584.438
3340.000	34340.292
3342.000	34052.895
3344.000	34425.827
3346.000	37627.632
3348.000	33864.833
3350.000	34060.887
3352.000	33656.380
3354.000	36576.537
3356.000	33329.801
3358.000	33501.637
3360.000	33432.177
3362.000	35121.855
3364.000	33493.583
3366.000	33764.048
3368.000	33726.123
3370.000	33161.928
3372.000	34162.784
3374.000	34115.936
3376.000	33838.840
3378.000	33471.373
3380.000	33701.321
3382.000	35023.321
3384.000	33977.486
3386.000	33447.909
3388.000	33608.640
3390.000	32880.176
3392.000	33476.521
3394.000	34757.346
3396.000	33252.794
3398.000	33191.951
3400.000	32992.925
3402.000	33808.621
3404.000	33378.991
3406.000	33159.718
3408.000	34013.654
3410.000	34707.125
3412.000	33712.739
3414.000	33702.626
3416.000	33985.443
3418.000	37280.858
3420.000	34089.891
3422.000	33660.283
3424.000	34309.171
3426.000	34275.408
3428.000	34546.704
3430.000	35543.352
3432.000	35482.158
3434.000	34486.501
3436.000	33841.142
3438.000	37140.129
3440.000	34553.901
3442.000	33311.631
3444.000	33110.857
3446.000	33965.889
3448.000	33636.228
3450.000	35480.713
3452.000	33986.770
3454.000	34976.543
3456.000	35046.227
3458.000	33712.086
3460.000	34389.796
3462.000	33615.776
3464.000	35674.777
3466.000	33812.560
3468.000	34022.625
3470.000	34054.893
3472.000	33832.595
3474.000	34034.926
3476.000	33990.418
3478.000	33610.261
3480.000	33476.521
3482.000	33795.499
3484.000	34192.297
3486.000	34034.593
3488.000	34838.003
3490.000	33434.102
3492.000	33240.417
3494.000	33759.794
3496.000	33278.847
3498.000	32996.989
3500.000	33571.386
3502.000	33209.674
3504.000	33216.008
3506.000	36090.275
3508.000	33959.597
3510.000	34124.292
3512.000	34060.887
3514.000	33900.101
3516.000	33667.442
3518.000	34339.277
3520.000	35822.645
3522.000	35352.505
3524.000	36001.862
3526.000	33910.332
3528.000	33646.301
3530.000	33928.831
3532.000	33931.145
3534.000	37180.966
3536.000	33835.553
3538.000	33539.059
3540.000	33634.279
3542.000	33545.519
3544.000	37173.426
3546.000	33743.767
3548.000	33774.198
3550.000	33799.435
3552.000	33500.992
3554.000	34812.931
3556.000	34693.297
3558.000	33826.023
3560.000	34852.296
3562.000	34475.919
3564.000	32766.653
3566.000	34664.983
3568.000	34117.941
3570.000	33598.589
3572.000	34303.089
3574.000	34079.884
3576.000	35415.412
3578.000	34863.808
3580.000	34220.180
3582.000	34014.318
3584.000	34947.064
3586.000	37908.163
3588.000	33216.641
3590.000	33333.309
3592.000	33360.128
3594.000	33121.878
3596.000	33769.941
3598.000	36355.481
3600.000	32957.647
3602.000	32927.736
3604.000	33784.681
3606.000	35529.212
3608.000	34020.299
3610.000	33406.844
3612.000	33404.922
3614.000	34072.883
3616.000	33181.200
3618.000	34686.041
3620.000	33741.152
3622.000	34227.242
3624.000	33782.388
3626.000	36092.145
3628.000	36447.930
3630.000	34024.619
3632.000	33972.184
3634.000	34178.876
3636.000	34032.266
3638.000	33732.982
3640.000	34426.167
3642.000	34332.507
3644.000	34250.466
3646.000	34355.196
3648.000	35204.570
3650.000	35309.856
3652.000	34558.358
3654.000	33933.790
3656.000	37922.610
3658.000	33595.673
3660.000	33920.570
3662.000	33984.780
3664.000	33377.391
3666.000	33660.934
3668.000	33064.023
3670.000	34121.284
3672.000	32915.911
3674.000	32996.051
3676.000	33407.805
3678.000	35757.550
3680.000	34622.598
3682.000	34529.922
3684.000	34285.530
3686.000	34539.167
3688.000	33666.791
3690.000	34614.684
3692.000	33290.298
3694.000	35689.399
3696.000	35351.429
3698.000	33797.139
3700.000	35117.252
3702.000	33594.052
3704.000	33616.425
3706.000	34222.870
3708.000	34420.383
3710.000	33145.518
3712.000	33214.424
3714.000	34996.224
3716.000	35802.761
3718.000	36057.023
3720.000	33335.543
3722.000	34036.256
3724.000	33226.782
3726.000	35735.537
3728.000	36332.347
3730.000	33665.489
3732.000	34491.965
3734.000	34271.361
3736.000	33964.564
3738.000	33705.561
3740.000	34213.793
3742.000	33373.553
3744.000	34024.619
3746.000	33827.009
3748.000	33605.721
3750.000	33060.570
3752.000	33388.270
3754.000	34162.449
3756.000	34588.903
3758.000	33634.929
3760.000	34367.400
3762.000	33425.760
3764.000	33650.852
3766.000	34075.216
3768.000	34204.050
3770.000	34261.585
3772.000	35032.127
3774.000	35483.604
3776.000	37127.856
3778.000	33261.368
3780.000	34325.401
3782.000	33846.732
3784.000	33605.073
3786.000	33374.513
3788.000	33620.643
3790.000	34284.518
3792.000	34754.572
3794.000	37524.259
3796.000	33505.826
3798.000	36168.603
3800.000	33561.358
3802.000	33624.538
3804.000	37996.249
3806.000	35087.181
3808.000	33867.467
3810.000	34964.254
3812.000	33528.404
3814.000	36361.174
3816.000	34471.142
3818.000	36941.592
3820.000	33523.564
3822.000	34557.673
3824.000	37259.720
3826.000	33370.356
3828.000	34505.634
3830.000	34884.061
3832.000	33060.570
3834.000	32871.177
3836.000	32967.942
3838.000	33208.407
3840.000	33390.511
3842.000	33459.155
3844.000	33086.323
3846.000	33465.906
3848.000	34472.506
3850.000	33158.140
3852.000	34242.048
3854.000	33710.781
3856.000	33457.548
3858.000	33621.617
3860.000	33539.705
3862.000	33829.309
3864.000	34703.321
3866.000	34083.553
3868.000	33489.718
3870.000	36340.308
3872.000	34570.021
3874.000	34494.698
3876.000	36447.930
3878.000	33453.370
3880.000	33954.962
3882.000	33929.162
3884.000	34534.715
3886.000	34228.251
3888.000	33727.103
3890.000	34271.024
3892.000	34110.924
3894.000	34093.895
3896.000	33566.856
3898.000	33806.652
3900.000	35476.737
3902.000	33997.054
3904.000	34047.569
3906.000	35822.645
3908.000	35029.661
3910.000	33735.923
3912.000	36961.978
3914.000	33562.005
3916.000	35030.718
3918.000	34307.820
3920.000	33770.923
3922.000	33220.126
3924.000	33265.180
3926.000	37894.965
3928.000	33949.004
3930.000	34151.060
3932.000	34255.856
3934.000	33939.742
3936.000	36188.144
3938.000	33177.407
3940.000	34479.332
3942.000	33760.448
3944.000	36979.245
3946.000	33564.916
3948.000	35425.138
3950.000	33725.143
3952.000	33725.796
3954.000	34199.012
3956.000	37584.592
3958.000	33409.087
3960.000	33708.823
3962.000	35819.330
3964.000	33540.674
3966.000	33961.252
3968.000	33709.149
3970.000	33274.396
3972.000	33587.573
3974.000	37391.321
3976.000	34527.183
3978.000	33230.586
3980.000	33710.128
3982.000	33172.351
3984.000	34408.482
3986.000	33305.578
3988.000	33217.592
3990.000	34800.757
3992.000	34523.761
3994.000	33291.571
3996.000	36243.500
3998.000	33990.750
4000.000	36860.274
4002.000	33302.075
4004.000	34122.955
4006.000	32981.991
4008.000	33816.499
4010.000	34734.469
4012.000	35472.763
4014.000	36523.223
4016.000	35446.770
4018.000	34273.047
4020.000	33964.895
4022.000	33765.358
4024.000	34465.343
4026.000	33180.567
4028.000	34326.078
4030.000	33128.178
4032.000	34916.234
4034.000	33322.148
4036.000	36768.053
4038.000	32789.480
4040.000	36137.081
4042.000	33171.719
4044.000	33661.585
4046.000	34937.949
4048.000	33745.402
4050.000	33627.135
4052.000	33282.981
4054.000	33377.711
4056.000	35985.496
4058.000	33195.114
4060.000	33245.811
4062.000	34286.880
4064.000	36587.680
4066.000	34065.218
4068.000	34941.104
4070.000	33121.563
4072.000	36949.430
4074.000	33506.793
4076.000	33497.448
4078.000	33467.835
4080.000	37394.934
4082.000	34101.907
4084.000	35287.318
4086.000	32284.942
4088.000	33833.252
4090.000	33255.969
4092.000	33019.199
4094.000	35122.918
4096.000	33725.470
4098.000	37736.483
4100.000	35633.170
4102.000	34735.162
4104.000	37671.178
4106.000	37775.364
4108.000	33893.173
4110.000	33631.356
4112.000	33429.610
4114.000	34868.345
4116.000	37055.175
4118.000	33545.196
4120.000	33522.918
4122.000	33915.946
4124.000	33641.426
4126.000	33905.711
4128.000	33604.100
4130.000	33981.796
4132.000	33651.828
4134.000	34891.399
4136.000	37281.257
4138.000	34647.741
4140.000	33742.133
4142.000	35188.209
4144.000	34260.573
4146.000	33644.676
4148.000	33691.541
4150.000	33615.451
4152.000	33793.204
4154.000	37685.037
4156.000	33145.833
4158.000	33283.936
4160.000	33770.923
4162.000	33667.767
4164.000	33464.941
4166.000	33264.545
4168.000	34431.953
4170.000	34233.298
4172.000	37533.559
4174.000	34084.887
4176.000	34196.326
4178.000	34373.505
4180.000	33697.083
4182.000	34414.942
4184.000	34144.029
4186.000	33798.779
4188.000	33943.711
4190.000	34087.556
4192.000	33832.595
4194.000	35830.753
4196.000	34288.906
4198.000	34711.622
4200.000	33730.369
4202.000	37023.270
4204.000	35779.222
4206.000	34099.236
4208.000	33728.082
4210.000	33214.741
4212.000	33391.791
4214.000	33729.062
4216.000	34181.224
4218.000	34114.600
4220.000	35995.165
4222.000	33916.607
4224.000	33287.753
4226.000	32939.258
4228.000	34707.817
4230.000	33686.328
4232.000	33276.304
4234.000	33390.511
4236.000	33519.369
4238.000	33936.104
4240.000	36076.070
4242.000	33387.310
4244.000	32970.126
4246.000	33599.562
4248.000	33808.293
4250.000	36105.988
4252.000	33355.016
4254.000	33676.231
4256.000	32891.975
4258.000	33008.872
4260.000	33649.877
4262.000	32954.841
4264.000	33007.308
4266.000	33138.895
4268.000	33612.532
4270.000	36565.785
4272.000	35215.249
4274.000	33231.220
4276.000	33130.699
4278.000	34846.368
4280.000	33336.500
4282.000	33311.949
4284.000	33854.628
4286.000	33175.827
4288.000	35985.124
4290.000	34467.389
4292.000	34330.815
4294.000	33864.503
4296.000	37012.647
4298.000	33774.525
4300.000	33638.177
4302.000	33412.933
4304.000	33996.390
4306.000	37510.114
4308.000	33831.938
4310.000	34904.687
4312.000	33850.680
4314.000	34768.102
4316.000	33844.430
4318.000	33027.340
4320.000	35261.596
4322.000	36930.625
4324.000	33280.755
4326.000	36241.238
4328.000	34010.665
4330.000	34863.808
4332.000	33988.428
4334.000	33764.376
4336.000	34201.027
4338.000	33899.111
4340.000	33520.015
4342.000	33094.497
4344.000	36349.790
4346.000	33478.451
4348.000	35912.771
4350.000	33668.418
4352.000	33331.714
4354.000	33726.449
4356.000	33030.159
4358.000	35123.626
4360.000	32774.978
4362.000	33435.386
4364.000	37844.731
4366.000	33340.010
4368.000	34411.201
4370.000	33889.216
4372.000	37321.605
4374.000	34310.185
4376.000	33099.215
4378.000	32885.764
4380.000	37413.412
4382.000	37149.240
4384.000	35910.549
4386.000	37224.677
4388.000	34677.062
4390.000	34238.345
4392.000	34323.710
4394.000	33244.859
4396.000	33523.886
4398.000	36752.534
4400.000	33842.457
4402.000	37132.606
4404.000	33529.695
4406.000	33703.930
4408.000	34054.227
4410.000	36728.505
4412.000	33596.321
4414.000	33563.622
4416.000	33932.137
4418.000	34219.508
4420.000	34747.984
4422.000	33858.578
4424.000	34694.334
4426.000	33787.303
4428.000	33940.734
4430.000	33679.161
4432.000	34304.103
4434.000	34209.425
4436.000	33227.733
4438.000	33327.568
4440.000	34484.452
4442.000	33869.772
4444.000	36816.246
4446.000	33614.803
4448.000	33415.498
4450.000	33678.184
4452.000	33825.366
4454.000	34031.933
4456.000	34059.555
4458.000	34514.182
4460.000	33665.489
4462.000	34487.525
4464.000	33845.746
4466.000	33291.889
4468.000	33436.670
4470.000	36143.456
4472.000	33243.907
4474.000	33803.371
4476.000	33915.285
4478.000	33361.406
4480.000	33393.072
4482.000	34100.571
4484.000	34129.643
4486.000	33813.545
4488.000	33454.013
4490.000	33527.436
4492.000	33332.352
4494.000	35731.138
4496.000	33244.542
4498.000	34386.740
4500.000	37880.128
4502.000	33347.033
4504.000	34178.205
4506.000	33582.392
4508.000	35351.787
4510.000	34151.395
4512.000	33561.034
4514.000	33887.238
4516.000	33098.900
4518.000	34196.661
4520.000	33808.293
4522.000	33637.203
4524.000	33448.872
4526.000	34977.246
4528.000	33518.724
4530.000	34076.550
4532.000	33888.556
4534.000	34057.224
4536.000	33998.713
4538.000	34296.334
4540.000	33509.050
4542.000	33390.190
4544.000	34031.601
4546.000	33343.840
4548.000	33513.886
4550.000	34132.653
4552.000	33478.451
4554.000	37076.476
4556.000	33446.624
4558.000	33047.396
4560.000	33501.959
4562.000	34018.637
4564.000	33750.634
4566.000	35502.774
4568.000	34102.575
4570.000	33879.986
4572.000	33603.776
4574.000	33614.154
4576.000	34003.692
4578.000	34144.699
4580.000	33432.498
4582.000	35078.347
4584.000	33965.889
4586.000	33553.275
4588.000	34274.059
4590.000	34576.885
4592.000	33941.065
4594.000	34052.229
4596.000	34399.306
4598.000	33840.155
4600.000	33622.591
4602.000	33560.711
4604.000	33150.565
4606.000	33512.597
4608.000	35094.606
4610.000	34014.651
4612.000	34422.084
4614.000	33624.863
4616.000	34464.661
4618.000	37630.885
4620.000	34972.680
4622.000	33865.820
4624.000	33882.952
4626.000	34219.844
4628.000	34182.566
4630.000	33911.653
4632.000	35729.672
4634.000	33709.149
4636.000	34260.910
4638.000	34592.338
4640.000	33351.822
4642.000	34025.284
4644.000	34097.233
4646.000	33536.475
4648.000	33579.801
4650.000	33367.798
4652.000	33847.061
4654.000	34369.774
4656.000	34294.983
4658.000	36783.197
4660.000	33578.183
4662.000	33270.900
4664.000	34455.114
4666.000	33891.194
4668.000	33918.919
4670.000	33524.532
4672.000	33837.197
4674.000	36260.103
4676.000	33534.861
4678.000	33952.645
4680.000	33811.247
4682.000	33867.467
4684.000	33564.916
4686.000	36577.689
4688.000	35441.720
4690.000	34550.474
4692.000	34156.754
4694.000	33349.587
4696.000	34886.856
4698.000	33904.391
4700.000	33775.180
4702.000	36759.128
4704.000	33568.474
4706.000	34904.337
4708.000	34858.225
4710.000	36243.123
4712.000	34501.532
4714.000	35358.247
4716.000	33429.289
4718.000	33051.786
4720.000	34128.639
4722.000	37678.922
4724.000	36601.906
4726.000	34128.639
4728.000	32996.051
4730.000	33148.672
4732.000	33070.302
4734.000	33056.178
4736.000	33023.269
4738.000	32967.942
4740.000	33916.276
4742.000	34327.431
4744.000	35965.058
4746.000	34182.566
4748.000	37280.060
4750.000	33401.398
4752.000	37472.180
4754.000	33926.187
4756.000	33330.120
4758.000	33304.623
4760.000	33736.903
4762.000	32885.143
4764.000	33599.238
4766.000	33293.799
4768.000	33180.251
4770.000	33803.699
4772.000	37407.384
4774.000	33584.658
4776.000	33471.052
4778.000	37156.770
4780.000	33911.983
4782.000	34008.672
4784.000	33813.216
4786.000	33561.681
4788.000	33667.442
4790.000	36370.667
4792.000	33496.159
4794.000	33596.321
4796.000	34292.282
4798.000	36226.537
4800.000	33954.300
4802.000	34076.883
4804.000	32773.128
4806.000	33919.910
4808.000	37008.715
4810.000	33460.119
4812.000	34079.217
4814.000	32790.098
4816.000	33242.004
4818.000	33262.639
4820.000	33387.950
4822.000	33747.691
4824.000	34014.318
4826.000	33753.250
4828.000	37484.278
4830.000	33763.721
4832.000	33100.787
4834.000	33827.666
4836.000	33518.724
4838.000	33694.475
4840.000	35797.977
4842.000	37665.882
4844.000	35015.222
4846.000	33806.980
4848.000	33931.806
4850.000	33806.652
4852.000	37043.746
4854.000	33774.853
4856.000	36971.002
4858.000	34218.499
4860.000	33750.634
4862.000	33876.031
4864.000	33484.245
4866.000	32985.114
4868.000	36923.186
4870.000	33674.928
4872.000	33786.648
4874.000	33811.575
4876.000	34050.898
4878.000	33284.572
4880.000	33188.472
4882.000	33615.127
4884.000	33610.586
4886.000	36694.454
4888.000	36211.471
4890.000	34211.777
4892.000	33408.126
4894.000	33484.567
4896.000	33409.728
4898.000	34014.318
4900.000	33497.126
4902.000	33903.401
4904.000	33471.373
4906.000	33595.997
4908.000	34219.172
4910.000	33203.025
4912.000	34305.454
4914.000	33687.305
4916.000	33539.382
4918.000	33176.775
4920.000	37449.617
4922.000	33460.119
4924.000	33518.079
4926.000	33633.630
4928.000	33597.293
4930.000	33817.813
4932.000	36866.126
4934.000	34522.734
4936.000	33951.652
4938.000	35602.209
4940.000	33801.075
4942.000	33505.182
4944.000	33784.354
4946.000	34409.162
4948.000	33349.587
4950.000	36912.621
4952.000	36181.754
4954.000	35527.037
4956.000	33737.884
4958.000	33114.950
4960.000	32959.830
4962.000	34013.654
4964.000	33968.870
4966.000	33829.638
4968.000	33420.949
4970.000	33596.969
4972.000	33677.533
4974.000	36665.482
4976.000	34139.009
4978.000	34166.470
4980.000	33535.506
4982.000	33290.935
4984.000	33614.154
4986.000	35526.313
4988.000	33728.082
4990.000	34606.774
4992.000	33814.529
4994.000	33411.331
4996.000	33528.727
4998.000	33200.177
5000.000	33104.563
5002.000	34881.266
5004.000	33522.596
5006.000	36083.171
5008.000	33612.532
5010.000	33650.202
5012.000	33695.453
5014.000	33411.331
5016.000	33210.624
5018.000	33563.945
5020.000	35354.658
5022.000	33588.869
5024.000	33031.412
5026.000	33049.904
5028.000	37398.949
5030.000	33500.670
5032.000	33134.166
5034.000	33609.613
5036.000	33691.215
5038.000	33962.246
5040.000	33122.508
5042.000	33910.002
5044.000	34348.420
5046.000	34528.895
5048.000	33918.258
5050.000	36205.825
5052.000	33320.235
5054.000	33574.299
5056.000	33311.631
5058.000	33424.797
5060.000	33478.773
5062.000	33290.298
5064.000	37001.638
5066.000	36555.039
5068.000	33419.025
5070.000	33691.867
5072.000	34331.830
5074.000	33449.515
5076.000	34843.230
5078.000	33331.076
5080.000	36146.457
5082.000	33312.905
5084.000	33590.165
5086.000	33406.524
5088.000	33892.514
5090.000	33500.348
5092.000	33164.770
5094.000	33636.878
5096.000	33255.969
5098.000	33714.370
5100.000	35078.700
5102.000	35008.535
5104.000	34595.087
5106.000	36714.180
5108.000	34142.691
5110.000	34196.326
5112.000	36341.825
5114.000	37978.848
5116.000	35574.210
5118.000	35872.454
5120.000	36758.352
5122.000	33127.233
5124.000	33301.120
5126.000	33042.066
5128.000	33448.230
5130.000	33343.840
5132.000	33525.822
5134.000	34607.806
5136.000	33827.338
5138.000	33535.184
5140.000	33793.860
5142.000	33987.101
5144.000	37715.642
5146.000	37605.288
5148.000	36316.058
5150.000	33481.348
5152.000	33990.418
5154.000	33739.845
5156.000	34771.573
5158.000	34726.504
5160.000	34970.924
5162.000	35940.194
5164.000	36403.739
5166.000	33683.721
5168.000	33645.976
5170.000	35044.464
5172.000	34570.021
5174.000	33989.755
5176.000	37604.476
5178.000	33939.080
5180.000	33683.396
5182.000	33795.499
5184.000	35077.287
5186.000	33513.241
5188.000	33375.472
5190.000	33712.739
5192.000	34604.023
5194.000	34139.009
5196.000	33561.681
5198.000	33316.092
5200.000	37311.610
5202.000	33223.929
5204.000	33450.800
5206.000	33710.781
5208.000	33559.741
5210.000	34257.541
5212.000	33909.672
5214.000	33995.395
5216.000	33506.471
5218.000	33109.913
5220.000	32761.105
5222.000	33684.699
5224.000	32980.429
5226.000	36915.751
5228.000	34174.516
5230.000	33598.913
5232.000	34321.342
5234.000	36251.800
5236.000	33735.596
5238.000	33188.472
5240.000	37044.928
5242.000	33889.216
5244.000	33204.925
5246.000	34143.360
5248.000	33366.520
5250.000	33999.045
5252.000	33262.003
5254.000	33783.698
5256.000	33697.083
5258.000	33678.510
5260.000	33725.796
5262.000	34163.454
5264.000	32993.238
5266.000	35203.147
5268.000	32862.803
5270.000	32823.162
5272.000	33740.825
5274.000	33704.909
5276.000	34376.219
5278.000	33634.929
5280.000	33410.049
5282.000	37242.589
5284.000	33233.122
5286.000	33155.299
5288.000	33002.929
5290.000	33347.033
5292.000	33517.112
5294.000	33088.524
5296.000	32978.868
5298.000	33241.686
5300.000	33083.495
5302.000	34515.208
5304.000	33469.765
5306.000	33344.159
5308.000	34650.154
5310.000	32802.759
5312.000	37779.872
5314.000	32787.628
5316.000	32869.005
5318.000	33344.798
5320.000	32571.767
5322.000	33485.854
5324.000	33644.351
5326.000	36029.421
5328.000	34566.590
5330.000	34273.047
5332.000	33395.633
5334.000	33194.481
5336.000	33266.769
5338.000	35392.021
5340.000	33420.628
5342.000	33511.307
5344.000	33767.322
5346.000	37743.435
5348.000	33320.235
5350.000	37960.635
5352.000	34268.664
5354.000	33544.873
5356.000	33355.975
5358.000	34226.233
5360.000	34063.552
5362.000	33389.550
5364.000	35337.082
5366.000	34932.693
5368.000	34233.970
5370.000	34137.671
5372.000	33401.398
5374.000	33817.156
5376.000	33847.061
5378.000	33636.878
5380.000	34726.850
5382.000	33958.603
5384.000	33812.888
5386.000	33918.258
5388.000	34046.238
5390.000	33969.864
5392.000	33530.341
5394.000	35233.417
5396.000	34425.146
5398.000	37217.120
5400.000	33779.111
5402.000	34742.785
5404.000	34789.286
5406.000	36565.785
5408.000	33349.906
5410.000	33476.199
5412.000	36209.965
5414.000	34069.217
5416.000	34691.915
5418.000	33800.747
5420.000	33791.237
5422.000	36929.842
5424.000	33394.993
5426.000	33945.365
5428.000	34032.598
5430.000	33678.510
5432.000	33229.001
5434.000	34281.481
5436.000	36538.549
5438.000	35545.166
5440.000	33981.133
5442.000	36974.927
5444.000	33316.092
5446.000	34116.605
5448.000	33781.405
5450.000	34816.411
5452.000	35956.890
5454.000	34712.314
5456.000	35974.717
5458.000	33260.098
5460.000	33305.260
5462.000	35152.340
5464.000	33659.633
5466.000	36174.614
5468.000	33581.744
5470.000	35503.498
5472.000	34228.251
5474.000	33587.573
5476.000	36266.143
5478.000	33691.215
5480.000	33545.842
5482.000	34740.012
5484.000	33528.081
5486.000	33955.293
5488.000	33131.960
5490.000	32979.492
5492.000	34188.605
5494.000	34222.534
5496.000	33647.601
5498.000	33459.797
5500.000	34191.626
5502.000	33274.396
5504.000	33416.139
5506.000	35550.245
5508.000	35395.258
5510.000	33445.981
5512.000	33959.928
5514.000	34462.615
5516.000	34256.530
5518.000	33184.993
5520.000	34178.876
5522.000	34359.602
5524.000	33370.356
5526.000	34491.282
5528.000	34318.637
5530.000	35613.130
5532.000	33928.170
5534.000	34228.924
5536.000	33503.570
5538.000	34317.285
5540.000	33808.293
5542.000	34157.089
5544.000	34128.639
5546.000	33650.852
5548.000	33733.309
5550.000	32900.053
5552.000	34160.774
5554.000	34210.433
5556.000	33817.156
5558.000	33668.418
5560.000	34273.047
5562.000	34082.552
5564.000	33446.624
5566.000	33688.608
5568.000	36877.837
5570.000	33799.763
5572.000	33326.930
5574.000	34253.835
5576.000	34287.555
5578.000	34889.652
5580.000	33959.597
5582.000	34576.885
5584.000	33542.612
5586.000	37226.269
5588.000	33508.728
5590.000	37952.362
5592.000	34078.550
5594.000	34538.825
5596.000	36088.779
5598.000	33455.298
5600.000	33786.320
5602.000	33297.937
5604.000	37441.968
5606.000	34395.569
5608.000	34663.603
5610.000	36792.523
5612.000	34181.559
5614.000	33111.172
5616.000	33023.895
5618.000	34024.619
5620.000	33346.394
5622.000	33661.585
5624.000	33724.164
5626.000	33470.730
5628.000	34347.404
5630.000	35076.934
5632.000	33847.719
5634.000	33398.515
5636.000	33598.589
5638.000	34431.612
5640.000	34130.312
5642.000	34890.351
5644.000	33444.054
5646.000	33827.009
5648.000	33456.583
5650.000	34762.203
5652.000	33884.930
5654.000	33966.220
5656.000	34833.473
5658.000	36911.056
5660.000	33696.431
5662.000	33691.215
5664.000	36168.603
5666.000	34289.243
5668.000	35142.054
5670.000	34632.927
5672.000	34402.704
5674.000	33426.080
5676.000	35560.045
5678.000	34184.579
5680.000	36939.633
5682.000	35185.366
5684.000	36895.416
5686.000	33438.917
5688.000	33376.752
5690.000	37906.101
5692.000	34459.205
5694.000	34157.423
5696.000	36607.292
5698.000	33780.749
5700.000	33142.995
5702.000	33346.394
5704.000	33672.975
5706.000	33544.873
5708.000	37921.371
5710.000	33511.629
5712.000	34239.019
5714.000	33774.198
5716.000	33446.303
5718.000	33193.532
5720.000	33493.583
5722.000	34661.878
5724.000	35296.973
5726.000	37147.655
5728.000	33460.762
5730.000	35512.910
5732.000	37757.346
5734.000	33481.026
5736.000	35713.918
5738.000	33230.269
5740.000	34004.356
5742.000	33746.056
5744.000	33514.854
5746.000	33496.159
5748.000	33221.711
5750.000	35361.837
5752.000	34727.196
5754.000	33263.592
5756.000	36559.644
5758.000	33811.247
5760.000	33721.225
5762.000	33427.685
5764.000	37312.009
5766.000	34564.532
5768.000	36533.184
5770.000	33530.664
5772.000	33590.488
5774.000	33734.289
5776.000	35935.744
5778.000	34535.400
5780.000	34230.942
5782.000	33199.544
5784.000	33509.372
5786.000	33581.096
5788.000	34087.222
5790.000	33307.808
5792.000	35322.389
5794.000	32840.493
5796.000	34061.220
5798.000	33970.858
5800.000	34868.695
5802.000	34156.419
5804.000	33064.023
5806.000	33608.640
5808.000	33554.891
5810.000	33544.873
5812.000	34729.274
5814.000	34464.661
5816.000	34090.558
5818.000	33848.377
5820.000	34255.856
5822.000	33492.616
5824.000	34652.567
5826.000	35019.095
5828.000	33259.780
5830.000	34301.738
5832.000	33905.711
5834.000	33467.835
5836.000	34138.340
5838.000	37383.696
5840.000	33922.222
5842.000	33426.080
5844.000	33645.651
5846.000	33741.152
5848.000	34749.024
5850.000	34077.883
5852.000	34543.963
5854.000	33275.032
5856.000	35158.017
5858.000	33641.426
5860.000	34080.551
5862.000	34946.713
5864.000	33226.782
5866.000	33348.629
5868.000	33553.598
5870.000	33577.212
5872.000	33524.532
5874.000	33531.632
5876.000	37676.884
5878.000	34523.077
5880.000	33548.750
5882.000	32977.306
5884.000	33707.518
5886.000	33773.543
5888.000	33257.874
5890.000	34799.714
5892.000	35959.117
5894.000	34220.516
5896.000	35053.281
5898.000	33485.854
5900.000	34946.012
5902.000	33296.982
5904.000	33587.897
5906.000	34128.639
5908.000	33524.209
5910.000	33278.847
5912.000	33089.781
5914.000	35243.042
5916.000	32829.968
5918.000	32809.866
5920.000	34262.933
5922.000	34847.065
5924.000	34071.550
5926.000	36925.926
5928.000	33705.887
5930.000	33990.418
5932.000	33286.162
5934.000	33577.859
5936.000	35736.637
5938.000	34044.241
5940.000	33382.830
5942.000	33266.133
5944.000	32902.229
5946.000	33427.685
5948.000	33933.459
5950.000	37541.246
5952.000	34039.583
5954.000	35888.718
5956.000	37013.434
5958.000	37514.154
5960.000	33275.032
5962.000	37050.839
5964.000	33210.940
5966.000	32794.729
5968.000	35660.532
5970.000	35285.888
5972.000	34016.976
5974.000	33081.609
5976.000	33059.629
5978.000	36412.493
5980.000	33395.313
5982.000	33275.350
5984.000	32976.370
5986.000	32646.872
5988.000	34052.562
5990.000	33898.781
5992.000	34229.597
5994.000	34559.044
5996.000	33602.155
5998.000	33080.038
6000.000	35888.718
6002.000	35698.910
6004.000	33585.954
6006.000	33752.596
6008.000	33165.718
6010.000	33204.608
6012.000	33434.744
6014.000	33598.913
6016.000	33779.766
6018.000	35256.956
6020.000	34837.654
6022.000	36181.002
6024.000	33189.737
6026.000	33531.632
6028.000	35394.179
6030.000	33816.171
6032.000	33586.601
6034.000	33781.405
6036.000	34304.441
6038.000	37070.162
6040.000	35613.495
6042.000	35805.337
6044.000	33416.460
6046.000	33471.373
6048.000	34287.218
6050.000	32706.346
6052.000	35499.517
6054.000	33359.808
6056.000	33117.154
6058.000	37953.603
6060.000	36792.134
6062.000	33475.234
6064.000	37951.948
6066.000	33886.248
6068.000	34355.196
6070.000	33859.236
6072.000	35030.013
6074.000	37680.960
6076.000	35319.882
6078.000	35299.478
6080.000	33402.679
6082.000	34204.721
6084.000	33249.937
6086.000	33997.054
6088.000	33243.273
6090.000	34820.936
6092.000	34985.326
6094.000	33868.784
6096.000	35299.478
6098.000	33489.396
6100.000	33491.328
6102.000	33256.922
6104.000	33727.756
6106.000	36756.413
6108.000	33949.335
6110.000	33902.741
6112.000	37321.205
6114.000	33977.818
6116.000	33594.052
6118.000	34018.970
6120.000	34901.888
6122.000	33454.655
6124.000	33886.578
6126.000	34417.662
6128.000	33049.591
6130.000	37937.480
6132.000	34421.744
6134.000	33609.613
6136.000	33690.564
6138.000	34013.654
6140.000	33669.069
6142.000	34145.703
6144.000	34001.700
6146.000	33918.919
6148.000	34601.617
6150.000	33972.515
6152.000	33691.215
6154.000	35159.082
6156.000	33565.886
6158.000	34221.189
6160.000	36595.368
6162.000	33726.776
6164.000	35374.407
6166.000	34125.295
6168.000	37816.790
6170.000	34054.560
6172.000	34108.920
6174.000	33663.862
6176.000	33445.660
6178.000	33536.152
6180.000	33929.823
6182.000	34550.474
6184.000	32907.825
6186.000	33493.261
6188.000	33227.099
6190.000	34372.827
6192.000	36958.448
6194.000	34495.723
6196.000	32918.399
6198.000	33681.767
6200.000	35024.025
6202.000	32770.661
6204.000	33161.613
6206.000	33036.111
6208.000	32704.810
6210.000	33326.611
6212.000	34580.661
6214.000	33422.873
6216.000	34586.155
6218.000	33096.069
6220.000	36475.030
6222.000	33394.993
6224.000	34344.694
6226.000	33485.210
6228.000	33949.335
6230.000	32971.687
6232.000	35884.650
6234.000	32623.326
6236.000	33274.396
6238.000	35623.329
6240.000	33111.801
6242.000	33431.535
6244.000	33774.198
6246.000	33757.830
6248.000	34458.523
6250.000	33477.808
6252.000	36740.516
6254.000	33289.980
6256.000	34891.749
6258.000	33944.703
6260.000	37415.823
6262.000	36202.814
6264.000	33905.711
6266.000	33997.054
6268.000	35434.148
6270.000	33417.742
6272.000	36701.800
6274.000	33816.171
6276.000	33278.211
6278.000	33271.218
6280.000	34275.408
6282.000	33927.509
6284.000	33974.172
6286.000	34205.729
6288.000	34919.734
6290.000	33453.691
6292.000	34796.237
6294.000	35690.496
6296.000	33596.321
6298.000	33741.152
6300.000	34087.889
6302.000	34531.634
6304.000	33899.771
6306.000	33839.827
6308.000	33517.112
6310.000	33165.086
6312.000	33739.191
6314.000	33463.012
6316.000	33159.087
6318.000	36523.989
6320.000	33492.616
6322.000	34194.647
6324.000	33541.320
6326.000	37813.505
6328.000	33928.501
6330.000	35242.329
6332.000	36678.224
6334.000	33667.442
6336.000	32802.141
6338.000	33345.117
6340.000	33639.152
6342.000	37380.887
6344.000	33854.299
6346.000	36264.255
6348.000	32364.442
6350.000	36321.739
6352.000	33883.941
6354.000	32660.035
6356.000	36172.735
6358.000	35941.306
6360.000	33652.153
6362.000	35548.068
6364.000	36234.074
6366.000	33744.094
6368.000	33758.812
6370.000	34122.955
6372.000	35172.574
6374.000	33530.986
6376.000	33525.822
6378.000	34313.228
6380.000	33342.882
6382.000	33097.642
6384.000	33629.733
6386.000	33663.862
6388.000	33639.477
6390.000	33897.791
6392.000	34547.732
6394.000	36391.187
6396.000	33542.612
6398.000	34968.817
6400.000	33879.656
6402.000	37424.668
6404.000	34055.892
6406.000	33139.526
6408.000	33225.514
6410.000	32633.107
6412.000	33403.640
6414.000	33448.551
6416.000	33098.271
6418.000	33169.192
6420.000	33364.282
6422.000	36548.135
6424.000	33703.604
6426.000	33870.102
6428.000	33512.597
6430.000	35242.329
6432.000	33602.479
6434.000	37115.195
6436.000	35228.427
6438.000	33776.491
6440.000	33699.039
6442.000	33491.650
6444.000	34154.409
6446.000	33661.259
6448.000	34189.948
6450.000	34011.993
6452.000	34112.595
6454.000	33408.446
6456.000	36657.378
6458.000	33276.622
6460.000	33364.922
6462.000	34124.292
6464.000	34468.754
6466.000	36618.068
6468.000	33909.672
6470.000	34764.632
6472.000	34242.721
6474.000	33858.578
6476.000	33705.887
6478.000	34103.910
6480.000	33523.886
6482.000	33660.283
6484.000	33683.070
6486.000	33923.213
6488.000	33660.934
6490.000	37495.981
6492.000	33534.215
6494.000	33517.112
6496.000	33714.697
6498.000	37217.517
6500.000	34309.847
6502.000	33851.667
6504.000	33316.092
6506.000	33802.059
6508.000	32818.523
6510.000	33265.498
6512.000	33024.521
6514.000	33836.868
6516.000	33528.404
6518.000	34054.893
6520.000	34122.955
6522.000	33209.990
6524.000	33375.152
6526.000	34136.333
6528.000	33396.914
6530.000	33709.802
6532.000	36900.888
6534.000	35753.512
6536.000	34871.487
6538.000	34379.952
6540.000	33285.526
6542.000	33403.640
6544.000	33327.887
6546.000	33268.358
6548.000	33077.211
6550.000	33489.396
6552.000	34609.869
6554.000	33396.274
6556.000	33942.718
6558.000	36861.444
6560.000	33796.155
6562.000	33316.092
6564.000	32712.797
6566.000	33044.260
6568.000	33032.038
6570.000	32738.933
6572.000	33910.002
6574.000	34313.904
6576.000	33974.172
6578.000	33538.736
6580.000	33520.337
6582.000	33351.822
6584.000	33598.265
6586.000	33587.249
6588.000	33605.073
6590.000	33893.833
6592.000	33657.681
6594.000	34024.619
6596.000	33702.626
6598.000	33944.372
6600.000	33925.526
6602.000	37868.596
6604.000	34340.631
6606.000	35316.658
6608.000	36126.586
6610.000	33464.298
6612.000	33740.825
6614.000	36240.106
6616.000	33772.233
6618.000	33328.206
6620.000	33339.053
6622.000	34212.113
6624.000	33710.455
6626.000	35371.533
6628.000	33776.491
6630.000	33739.518
6632.000	35910.919
6634.000	33370.676
6636.000	37678.514
6638.000	33123.138
6640.000	36240.106
6642.000	33538.736
6644.000	33616.100
6646.000	33738.537
6648.000	35547.342
6650.000	33956.617
6652.000	33480.060
6654.000	33520.015
6656.000	35118.668
6658.000	33574.946
6660.000	33794.516
6662.000	35310.572
6664.000	37729.533
6666.000	33675.579
6668.000	33716.002
6670.000	35274.095
6672.000	36042.471
6674.000	33645.326
6676.000	33304.941
6678.000	34173.845
6680.000	35710.989
6682.000	36397.272
6684.000	33609.288
6686.000	34856.132
6688.000	33092.925
6690.000	33549.073
6692.000	33933.790
6694.000	33837.197
6696.000	33768.304
6698.000	35674.046
6700.000	35735.537
6702.000	34632.238
6704.000	36714.954
6706.000	34678.789
6708.000	34330.476
6710.000	33959.597
6712.000	33623.564
6714.000	34146.373
6716.000	33689.586
6718.000	33723.184
6720.000	33603.452
6722.000	34241.038
6724.000	36180.626
6726.000	34047.569
6728.000	33405.883
6730.000	33178.987
6732.000	37184.935
6734.000	34306.468
6736.000	33935.112
6738.000	33600.210
6740.000	33546.488
6742.000	34490.257
6744.000	34403.384
6746.000	33928.501
6748.000	33209.040
6750.000	34476.601
6752.000	35966.544
6754.000	33625.837
6756.000	33057.746
6758.000	33235.342
6760.000	33342.563
6762.000	33182.464
6764.000	33530.018
6766.000	33200.177
6768.000	33049.277
6770.000	33148.988
6772.000	33285.526
6774.000	33235.342
6776.000	33468.479
6778.000	33689.260
6780.000	33477.808
6782.000	33799.435
6784.000	33696.431
6786.000	33726.449
6788.000	33512.274
6790.000	35325.971
6792.000	37057.935
6794.000	33235.025
6796.000	37668.734
6798.000	34699.518
6800.000	33412.933
6802.000	33363.324
6804.000	33318.641
6806.000	33798.451
6808.000	33074.384
6810.000	33861.540
6812.000	35341.026
6814.000	34217.155
6816.000	33518.079
6818.000	32961.702
6820.000	33834.896
6822.000	33541.643
6824.000	33616.749
6826.000	36745.555
6828.000	33419.666
6830.000	34572.423
6832.000	37765.534
6834.000	33428.968
6836.000	33660.934
6838.000	36580.763
6840.000	35302.698
6842.000	34174.851
6844.000	33124.083
6846.000	33397.234
6848.000	33765.358
6850.000	33298.892
6852.000	33263.274
6854.000	33603.127
6856.000	34264.281
6858.000	34658.429
6860.000	33951.983
6862.000	34387.080
6864.000	34001.368
6866.000	36369.907
6868.000	34395.569
6870.000	35300.909
6872.000	33257.239
6874.000	33530.986
6876.000	33623.240
6878.000	34001.700
6880.000	33528.081
6882.000	34247.098
6884.000	33754.232
6886.000	36757.964
6888.000	34391.154
6890.000	34020.631
6892.000	33834.567
6894.000	33990.418
6896.000	33417.742
6898.000	33421.269
6900.000	33785.337
6902.000	33206.824
6904.000	36579.994
6906.000	33111.487
6908.000	34130.646
6910.000	37966.842
6912.000	36070.466
6914.000	33559.418
6916.000	33752.269
6918.000	33402.359
6920.000	34460.569
6922.000	33213.474
6924.000	33445.981
6926.000	34331.830
6928.000	33859.565
6930.000	33595.997
6932.000	33296.663
6934.000	33533.569
6936.000	33247.715
6938.000	33134.797
6940.000	34903.637
6942.000	34062.553
6944.000	33506.793
6946.000	33489.396
6948.000	33896.142
6950.000	33516.144
6952.000	34007.344
6954.000	33602.479
6956.000	34367.739
6958.000	34398.287
6960.000	33553.598
6962.000	37399.351
6964.000	33300.165
6966.000	33973.178
6968.000	34642.227
6970.000	35814.541
6972.000	33326.611
6974.000	33792.548
6976.000	33766.994
6978.000	34116.270
6980.000	36099.252
6982.000	33468.800
6984.000	37606.912
6986.000	34014.318
6988.000	33868.455
6990.000	33699.365
6992.000	33620.968
6994.000	33935.112
6996.000	33781.077
6998.000	34118.610
7000.000	34009.668
7002.000	36286.546
7004.000	34334.538
7006.000	33700.669
7008.000	34191.962
7010.000	34422.424
7012.000	37968.911
7014.000	34792.066
7016.000	32853.193
7018.000	36964.724
7020.000	32814.812
7022.000	33844.430
7024.000	34444.892
7026.000	33676.882
7028.000	35749.109
7030.000	34660.153
7032.000	33855.945
7034.000	33740.825
7036.000	36922.012
7038.000	33388.590
7040.000	33696.105
7042.000	34673.265
7044.000	34173.845
7046.000	33630.382
7048.000	33271.853
7050.000	33400.117
7052.000	33373.873
7054.000	33021.077
7056.000	32933.963
7058.000	32757.100
7060.000	33291.571
7062.000	34316.270
7064.000	33557.154
7066.000	33667.767
7068.000	33120.618
7070.000	32812.030
7072.000	37122.711
7074.000	33963.902
7076.000	33311.312
7078.000	33047.709
7080.000	34343.001
7082.000	37027.206
7084.000	33686.979
7086.000	33685.350
7088.000	33804.027
7090.000	35212.044
7092.000	33590.488
7094.000	34099.904
7096.000	34891.399
7098.000	33794.516
7100.000	34464.661
7102.000	33615.127
7104.000	36990.242
7106.000	33888.556
7108.000	37415.019
7110.000	34621.222
7112.000	33923.874
7114.000	33029.219
7116.000	33794.516
7118.000	34389.457
7120.000	33977.818
7122.000	33836.210
7124.000	33583.687
7126.000	35112.650
7128.000	34670.849
7130.000	34663.258
7132.000	33449.515
7134.000	36993.385
7136.000	33340.967
7138.000	33064.651
7140.000	32849.785
7142.000	33402.679
7144.000	33801.731
7146.000	33394.352
7148.000	37661.402
7150.000	37328.805
7152.000	33490.684
7154.000	33552.305
7156.000	33114.320
7158.000	33087.895
7160.000	34467.048
7162.000	33531.955
7164.000	34254.172
7166.000	33187.207
7168.000	34045.239
7170.000	33502.281
7172.000	33077.211
7174.000	33913.634
7176.000	36868.468
7178.000	33559.418
7180.000	33484.888
7182.000	33161.928
7184.000	37598.793
7186.000	33771.251
7188.000	33549.720
7190.000	33009.811
7192.000	34105.580
7194.000	34394.890
7196.000	33410.690
7198.000	34692.260
7200.000	33689.912
7202.000	34242.385
7204.000	33629.408
7206.000	34003.028
7208.000	33993.736
7210.000	35414.692
7212.000	33270.582
7214.000	37749.980
7216.000	34226.906
7218.000	33075.326
7220.000	33413.574
7222.000	33870.102
7224.000	35991.817
7226.000	33419.987
7228.000	33589.193
7230.000	34084.553
7232.000	33895.482
7234.000	34470.118
7236.000	34008.340
7238.000	33069.988
7240.000	32957.024
7242.000	32684.248
7244.000	33999.709
7246.000	32993.863
7248.000	35176.837
7250.000	35663.088
7252.000	33636.228
7254.000	33523.241
7256.000	33635.903
7258.000	33323.742
7260.000	35028.252
7262.000	34283.843
7264.000	34989.192
7266.000	34026.281
7268.000	33531.309
7270.000	32636.165
7272.000	32998.239
7274.000	33522.273
7276.000	34033.596
7278.000	33929.162
7280.000	33480.060
7282.000	33941.395
7284.000	34448.299
7286.000	35193.543
7288.000	35314.152
7290.000	34028.941
7292.000	33548.104
7294.000	33751.288
7296.000	35794.298
7298.000	33503.248
7300.000	33221.711
7302.000	33537.767
7304.000	33268.040
7306.000	34253.498
7308.000	33118.098
7310.000	34536.085
7312.000	34013.986
7314.000	36990.634
7316.000	34162.449
7318.000	34151.395
7320.000	34571.736
7322.000	36780.478
7324.000	33853.641
7326.000	37653.666
7328.000	34200.019
7330.000	35027.195
7332.000	33657.681
7334.000	34323.034
7336.000	33242.004
7338.000	33073.128
7340.000	34554.587
7342.000	34103.576
7344.000	33240.735
7346.000	33671.673
7348.000	33845.746
7350.000	34018.305
7352.000	33277.575
7354.000	34233.634
7356.000	34549.788
7358.000	33474.268
7360.000	34529.922
7362.000	33623.564
7364.000	33984.117
7366.000	33594.052
7368.000	33335.224
7370.000	36239.352
7372.000	34063.219
7374.000	33535.829
7376.000	33152.143
7378.000	33014.817
7380.000	34187.934
7382.000	33158.455
7384.000	33693.497
7386.000	37925.087
7388.000	35533.924
7390.000	33792.220
7392.000	34882.663
7394.000	35637.545
7396.000	33280.755
7398.000	34005.020
7400.000	35637.180
7402.000	34463.638
7404.000	35833.702
7406.000	35907.217
7408.000	35523.776
7410.000	36096.259
7412.000	32996.989
7414.000	33508.083
7416.000	33553.598
7418.000	35779.957
7420.000	33826.023
7422.000	35228.071
7424.000	33986.106
7426.000	34236.999
7428.000	33498.737
7430.000	33478.451
7432.000	35869.498
7434.000	35822.277
7436.000	34985.678
7438.000	32952.035
7440.000	33423.835
7442.000	33917.267
7444.000	32860.322
7446.000	33603.452
7448.000	32884.212
7450.000	33683.070
7452.000	34996.575
7454.000	35411.092
7456.000	33947.681
7458.000	37898.676
7460.000	34524.103
7462.000	33824.053
7464.000	34292.957
7466.000	33636.878
7468.000	37982.989
7470.000	34016.976
7472.000	33518.402
7474.000	33636.878
7476.000	35865.435
7478.000	33626.161
7480.000	33128.809
7482.000	33098.271
7484.000	36276.342
7486.000	36722.309
7488.000	33187.839
7490.000	32965.758
7492.000	32714.333
7494.000	33528.727
7496.000	37857.071
7498.000	33652.478
7500.000	33028.592
7502.000	33804.355
7504.000	33288.389
7506.000	33785.337
7508.000	34733.084
7510.000	33596.969
7512.000	33752.269
7514.000	33420.307
7516.000	37827.879
7518.000	36502.554
7520.000	33202.076
7522.000	33590.488
7524.000	34357.569
7526.000	34281.818
7528.000	33807.309
7530.000	34033.596
7532.000	34115.268
7534.000	33627.135
7536.000	36640.411
7538.000	34535.400
7540.000	33998.381
7542.000	34416.982
7544.000	33683.396
7546.000	33678.184
7548.000	34954.780
7550.000	35422.616
7552.000	34727.889
7554.000	34466.707
7556.000	33396.914
7558.000	33765.358
7560.000	34365.705
7562.000	34975.841
7564.000	37848.021
7566.000	33841.799
7568.000	33671.022
7570.000	33201.126
7572.000	33362.045
7574.000	35533.924
7576.000	33446.303
7578.000	36665.096
7580.000	33363.643
7582.000	33568.151
7584.000	34048.900
7586.000	34389.457
7588.000	34329.123
7590.000	34730.659
7592.000	33236.611
7594.000	33930.484
7596.000	32953.282
7598.000	33086.009
7600.000	33725.470
7602.000	32956.400
7604.000	33083.181
7606.000	33845.088
7608.000	33421.590
7610.000	33455.941
7612.000	33562.005
7614.000	34204.721
7616.000	34085.554
7618.000	33137.003
7620.000	33168.244
7622.000	33532.278
7624.000	32799.052
7626.000	33873.725
7628.000	36752.922
7630.000	34333.522
7632.000	33913.965
7634.000	33603.452
7636.000	33800.747
7638.000	33854.299
7640.000	33574.622
7642.000	34235.990
7644.000	34085.220
7646.000	33932.798
7648.000	33779.766
7650.000	33694.475
7652.000	33773.543
7654.000	33860.223
7656.000	34086.555
7658.000	34249.456
7660.000	33933.128
7662.000	34507.685
7664.000	34303.089
7666.000	34649.464
7668.000	34625.352
7670.000	34568.991
7672.000	33802.387
7674.000	33806.324
7676.000	34046.570
7678.000	33995.726
7680.000	34930.941
7682.000	36391.187
7684.000	34264.281
7686.000	33123.453
7688.000	33212.524
7690.000	35489.389
7692.000	34767.061
7694.000	33008.247
7696.000	34260.910
7698.000	33456.583
7700.000	33878.338
7702.000	35592.386
7704.000	33721.878
7706.000	34033.263
7708.000	37937.067
7710.000	33586.925
7712.000	33086.952
7714.000	35707.694
7716.000	36943.943
7718.000	32770.969
7720.000	33195.431
7722.000	34101.239
7724.000	34332.507
7726.000	32691.303
7728.000	34484.111
7730.000	34397.608
7732.000	33714.697
7734.000	33989.091
7736.000	33404.922
7738.000	34189.276
7740.000	33377.071
7742.000	35290.178
7744.000	34958.990
7746.000	33606.045
7748.000	33523.564
7750.000	33231.854
7752.000	33188.788
7754.000	33478.130
7756.000	33138.580
7758.000	36416.300
7760.000	35278.383
7762.000	33982.459
7764.000	34196.326
7766.000	32870.867
7768.000	35351.070
7770.000	34282.156
7772.000	33256.922
7774.000	33866.808
7776.000	33117.468
7778.000	33524.532
7780.000	33362.365
7782.000	33631.681
7784.000	33985.775
7786.000	33789.270
7788.000	33654.429
7790.000	34444.892
7792.000	34318.637
7794.000	34339.277
7796.000	33608.315
7798.000	33623.564
7800.000	33591.460
7802.000	33310.356
7804.000	33730.369
7806.000	34770.879
7808.000	36385.865
7810.000	33370.036
7812.000	33598.265
7814.000	34385.722
7816.000	33587.897
7818.000	33842.457
7820.000	33549.720
7822.000	36236.713
7824.000	33241.369
7826.000	32741.395
7828.000	33561.681
7830.000	33433.781
7832.000	32971.375
7834.000	37949.467
7836.000	33152.459
7838.000	33724.490
7840.000	34264.955
7842.000	33328.844
7844.000	33243.907
7846.000	37492.348
7848.000	33616.425
7850.000	33322.148
7852.000	37644.713
7854.000	33523.886
7856.000	34860.668
7858.000	33640.452
7860.000	33565.239
7862.000	34278.444
7864.000	33658.006
7866.000	35329.555
7868.000	33072.814
7870.000	33190.369
7872.000	33998.381
7874.000	33401.398
7876.000	33450.157
7878.000	37984.646
7880.000	33373.553
7882.000	33757.830
7884.000	34049.233
7886.000	33222.661
7888.000	33339.372
7890.000	34435.016
7892.000	37319.606
7894.000	33971.852
7896.000	33714.697
7898.000	37025.632
7900.000	33076.269
7902.000	33014.191
7904.000	32858.772
7906.000	33877.679
7908.000	32882.970
7910.000	32687.622
7912.000	33326.611
7914.000	35143.473
7916.000	33761.430
7918.000	33717.960
7920.000	34284.518
7922.000	34218.163
7924.000	33670.696
7926.000	33709.149
7928.000	34107.918
7930.000	34015.315
7932.000	37828.290
7934.000	34214.802
7936.000	33903.401
7938.000	33731.349
7940.000	34747.290
7942.000	33534.861
7944.000	33569.121
7946.000	34625.008
7948.000	34199.348
7950.000	35832.965
7952.000	34153.404
7954.000	33748.018
7956.000	34418.342
7958.000	34203.714
7960.000	34039.250
7962.000	37647.155
7964.000	35562.223
7966.000	34251.477
7968.000	33488.752
7970.000	33639.477
7972.000	33783.371
7974.000	35569.124
7976.000	34028.608
7978.000	34496.065
7980.000	34251.813
7982.000	33814.529
7984.000	34027.278
7986.000	33672.975
7988.000	35789.149
7990.000	36718.825
7992.000	33874.055
7994.000	34120.281
7996.000	33482.635
7998.000	37058.329
